{
  "type": "minecraft:crafting_shaped",
  "pattern": [
    "ii",
    "#l"
  ],
  "key": {
    "i": {
      "item": "minecraft:iron_ingot"
    },
    "l": [
      {
        "item": "minecraft:planks",
        "data": 0
      },
      {
        "item": "minecraft:planks",
        "data": 1
      },
      {
        "item": "minecraft:planks",
        "data": 2
      },
      {
        "item": "minecraft:planks",
        "data": 3
      },
      {
        "item": "minecraft:planks",
        "data": 4
      },
      {
        "item": "minecraft:planks",
        "data": 5
      }
    ],
   "#": {
      "item": "generalguns:bullet"
    }
  },
  "result": {
    "item": "generalguns:rev",
    "count": 1
  }
}