{
"parent": "block/cube_all",
"textures": {
"particle": "handmadeguns2:blocks/hmg2_attachment_machine_top",
        "down": "handmadeguns2:blocks/hmg2_attachment_machine_top",
        "up": "handmadeguns2:blocks/hmg2_attachment_machine_top",
        "north": "handmadeguns2:blocks/hmg2_attachment_machine_side",
        "east": "handmadeguns2:blocks/hmg2_attachment_machine_side",
        "south": "handmadeguns2:blocks/hmg2_attachment_machine_side",
        "west": "handmadeguns2:blocks/hmg2_attachment_machine_side"
}
}