{
    "parent": "block/cube",
    "textures": {
        "particle": "handmadeguns2:blocks/hmg2_magazine_machine_top",
        "down": "handmadeguns2:blocks/hmg2_magazine_machine_top",
        "up": "handmadeguns2:blocks/hmg2_magazine_machine_top",
        "north": "handmadeguns2:blocks/hmg2_magazine_machine_side",
        "east": "handmadeguns2:blocks/hmg2_magazine_machine_side",
        "south": "handmadeguns2:blocks/hmg2_magazine_machine_side",
        "west": "handmadeguns2:blocks/hmg2_magazine_machine_side"
    }
}
