{
	"credit": "Made with Blockbench",
	"parent": "item/handheld",
	"textures": {
		"layer0": "./iron_longsword"
	},
	"display": {
		"thirdperson_righthand": {
			"rotation": [0, -90, 55],
			"translation": [0, 5.25, 0.25],
			"scale": [1.7, 1.7, 0.85]
		},
		"thirdperson_lefthand": {
			"rotation": [-98, -105, 25],
			"translation": [-1.25, -6.2, 1],
			"scale": [1.7, 1.7, 0.85]
		},
		"firstperson_righthand": {
			"rotation": [-2, -90, 25],
			"translation": [1.13, 3.7, 1.13],
			"scale": [1.3, 1.3, 0.68]
		},
		"firstperson_lefthand": {
			"rotation": [160, 77, -48],
			"translation": [2, -3.5, 0.5],
			"scale": [1.3, 1.3, 0.7]
		},
		"ground": {
			"rotation": [0, 0, 45],
			"translation": [0, 6.5, 0],
			"scale": [1.2, 1.2, 0.7]
		},
		"gui": {
			"scale": [1.5, 1.5, 1]
		},
		"fixed": {
			"rotation": [0, 0, 90],
			"scale": [1.8, 1.8, 1]
		}
	}
}