{
  "ammo": "hamster:medium_ammo",
  "ammo_amount": 6,
  "bolt": "open_bolt",
  "rpm": 40,
  "script": "hamster:revolver_gun_logic",
  "script_param": {
    "intro": 1.4,
    "intro_fanning": 1.8,
    "intro_empty": 1,
    "loop": 1.75,
    "ending": 1.2,
    "loop_feed": 1.4
  },
  "bullet": {
    "life": 0.9,
    "bullet_amount": 1,
    "damage": 25,
    "tracer_count_interval": 0,
    "extra_damage": {
      "armor_ignore": 0.75,
      "head_shot_multiplier": 2,
      "damage_adjust": [
        {"distance": 35, "damage": 25},
        {"distance": 100, "damage": 5},
        {"distance": "infinite", "damage": 5}
      ]
    },
    "speed": 300,
    "gravity": 0.0245,
    "knockback": 0,
    "friction": 0.012,
    "ignite": false,
    "pierce": 3
  },
  "reload": {
    "type": "magazine",
    "feed": {
      "empty": 1,
      "tactical": 1.4
    },
    "cooldown": {
      "empty": 1.97,
      "tactical": 1.5
    }
  },
  "draw_time": 0.5,
  "put_away_time": 1.2,
  "aim_time": 0.2,
  "sprint_time": 0.2,
  "bolt_action_time": 0,
  "fire_mode": [
    "semi",
	"auto"
  ],
  "fire_mode_adjust": {
    "auto": {
      // 加算，全自动模式的开火数值调整，如无调整可不写
      "rpm": 250,
      "knockback": 0,
      "aim_inaccuracy": 0,
      "other_inaccuracy": -2
    }
  },
  "recoil": {
    "pitch": [
      {"time": 0, "value": [6, 6]},
      {"time": 0.25, "value": [5.5, 5.5]},
      {"time": 0.38, "value": [-0.6, -0.6]},
      {"time": 0.58, "value": [-0.3, -0.3]},
      {"time": 0.8, "value": [0, 0]}
    ],
    "yaw": [
      {"time": 0, "value": [-0.6, -0.5]},
      {"time": 0.32, "value": [-0.6, -0.5]},
      {"time": 0.57, "value": [0, 0]}
    ]
  },
  "inaccuracy": {
    "stand": 6.5,
    "move": 6,
    "sneak": 4.5,
    "lie": 4.5,
    "aim": 0.05
  }
}