{
  "ammo": "tacz:12g",
  "rpm": 300,
  "bullet": {
    "life": 0.5,
    "bullet_amount": 10,
    "damage": 35,
    "tracer_count_interval": 0,
    "extra_damage": {
      "armor_ignore": 0.33,
      "head_shot_multiplier": 1.2,
      "damage_adjust": [
        {"distance": 15, "damage": 35},
        {"distance": 24, "damage": 10},
        {"distance": "infinite", "damage": 15}
      ]
    },
    "speed": 300,
    "gravity": 0.15,
    "knockback": 0.35,
    "friction": 0.05,
    "ignite": false,
    "pierce": 1
  },
  "ammo_amount": 6,
  "bolt": "manual_action",
  "script": "hamster:m1887_gun_logic",
  "script_param": {
	"bolt_time": 0.9,
	"intro": 1.8,
	"loop": 1.41,
	"ending": 1.1,
	"ending_1round": 1.75,
	"ending_2round": 3.1,
	"ending_empty": 3.75,
	"ending_empty_feed": 2.6,
	"loop_feed": 0.8,
	"round1_feed": 0.6,
	"round2_feed": 2.1,
	"int": 1.1,
	"int_empty": 1.4
  },
  "reload": {
    "type": "magazine",
    "feed": {
      "empty": 10.5,
      "tactical": 4.5
    },
    "cooldown": {
      "empty": 11,
      "tactical": 5
    }
  },
  "draw_time": 0.7,
  "put_away_time": 0.7,
  "aim_time": 0.2,
  "sprint_time": 0.2,
  "bolt_action_time": 0.9,
  "movement_speed": {
    "base": 0.0,
    "aim": 0.0,
    "reload": 0.1
  },
  "fire_mode": [
    "semi"
  ],
  "allow_attachment_types": [],
  "recoil": {
    "pitch": [
      {"time": 0, "value": [7, 7]},
      {"time": 0.256, "value": [6, 6]},
      {"time": 0.6, "value": [-0.25, -0.25]},
      {"time": 1, "value": [0, 0]}
    ],
    "yaw": [
      {"time": 0, "value": [-1.5, -1.5]},
      {"time": 0.1, "value": [-1.5, -1.5]},
      {"time": 0.2, "value": [0.15, 0.15]},
      {"time": 0.4, "value": [0, 0]}
    ]
  },
  "inaccuracy": {
    "stand": 3.5,
    "move": 3.5,
    "sneak": 3.5,
    "lie": 3.5,
    "aim": 3.5
  },
  // 近战相关
  "melee": {
    // 枪械距离参数，用来延升近战攻击范围
    // 会与刺刀等配件的距离做加和
    "distance": 1,
    // 使用时的冷却时间
    "cooldown": 0.6,
    // 默认近战数据，会被配件的数据替换掉
    "default": {
      // 动画类型：没有枪托的为 melee_push，有枪托的为 melee_stock
      "animation_type": "melee_stock",
      // 刺刀距离参数，枪械里还有个刺刀攻击距离参数，两者做加和
      "distance": 1,
      // 刺刀范围角度
      "range_angle": 30,
      // 伤害值
      "damage": 2,
      // 击退效果
      "knockback": 0.75,
      // 前摇时长，单位：秒
      "prep": 0.1
    }
  }
}