{
  "model": "gwg:melee/nahkampfmesser_geo",
  "animation": "gwg:melee/nahkampfmesser",
  "state_machine": "gwg:default_melee_state_machine",
  "texture": "gwg:melee/nahkampfmesser",
  "slot_texture": "gwg:melee/slot/nahkampfmesser",
  "transforms": {
    "thirdperson_righthand": {
      "translation": [0, 5, 1]
    },
    "thirdperson_lefthand": {
      "translation": [0, 5, 1]
    },
    "ground": {
      "rotation": [45, 0, 0],
      "translation": [0, 6, 0]
    },
    "gui": {
      "rotation": [0, 0, -45],
      "translation": [4.5, 4, 0]
    },
    "head": {
      "translation": [0, 4.75, 0]
    },
    "fixed": {
      "translation": [0, 11, 0],
      "scale": [2, 2, 2]
    }
  }
}