{
	"credit": "Made with Blockbench",
	"parent": "./_round_shield",
	"ambientocclusion": false,
	"textures": {
		"0": "./round_wooden_shield",
		"1": "./grip_wood_shield",
		"particle": "./round_wooden_shield"
	},
	"gui_light": "front",
	"display": {
		"thirdperson_righthand": {
			"rotation": [53, 140, -4],
			"translation": [3.25, 1, -0.5],
			"scale": [1.05, 1.05, 1.05]
		},
		"firstperson_righthand": {
			"rotation": [11, 171, -6],
			"translation": [-4.25, -2.25, -6],
			"scale": [1.5, 1.5, 1.5]
		},
		"gui": {
			"translation": [0.25, -0.5, 0],
			"scale": [0.9, 0.9, 0.9]
		}
	}
}