{
	"credit": "Made with Blockbench",
	"ambientocclusion": false,
	"texture_size": [32, 32],
	"textures": {
		"0": "round_shield/round_wooden_shield",
		"1": "round_shield/grip_wood_shield",
		"particle": "round_shield/round_wooden_shield"
	},
	"elements": [
		{
			"from": [5.5, 0.5, 7.5375],
			"to": [10.5, 15.5, 8.5375],
			"rotation": {"angle": 0, "axis": "z", "origin": [8, 9.75, 7.9375]},
			"faces": {
				"north": {"uv": [10, 0, 12.5, 7.5], "texture": "#0"},
				"east": {"uv": [0, 15.75, 0.75, 16], "rotation": 180, "texture": "#0"},
				"south": {"uv": [2.5, 0, 5, 7.5], "texture": "#0"},
				"west": {"uv": [0, 15.75, 0.75, 16], "rotation": 180, "texture": "#0"},
				"up": {"uv": [0, 15.75, 0.75, 16], "rotation": 180, "texture": "#0"},
				"down": {"uv": [0, 15.75, 0.75, 16], "rotation": 180, "texture": "#0"}
			}
		},
		{
			"from": [4.5, 1, 7.5375],
			"to": [5.5, 15, 8.5375],
			"rotation": {"angle": 0, "axis": "z", "origin": [8, 9.75, 7.9375]},
			"faces": {
				"north": {"uv": [12.5, 0.25, 13, 7.25], "texture": "#0"},
				"east": {"uv": [0, 15.75, 0.75, 16], "rotation": 180, "texture": "#0"},
				"south": {"uv": [2, 0.25, 2.5, 7.25], "texture": "#0"},
				"west": {"uv": [0, 15.75, 0.75, 16], "rotation": 180, "texture": "#0"},
				"up": {"uv": [0, 15.75, 0.75, 16], "rotation": 180, "texture": "#0"},
				"down": {"uv": [0, 15.75, 0.75, 16], "rotation": 180, "texture": "#0"}
			}
		},
		{
			"from": [10.5, 1, 7.5375],
			"to": [11.5, 15, 8.5375],
			"rotation": {"angle": 0, "axis": "z", "origin": [14, 9.75, 7.9375]},
			"faces": {
				"north": {"uv": [9.5, 0.25, 10, 7.25], "texture": "#0"},
				"east": {"uv": [0, 15.75, 0.75, 16], "rotation": 180, "texture": "#0"},
				"south": {"uv": [5, 0.25, 5.5, 7.25], "texture": "#0"},
				"west": {"uv": [0, 15.75, 0.75, 16], "rotation": 180, "texture": "#0"},
				"up": {"uv": [0, 15.75, 0.75, 16], "rotation": 180, "texture": "#0"},
				"down": {"uv": [0, 15.75, 0.75, 16], "rotation": 180, "texture": "#0"}
			}
		},
		{
			"from": [11.5, 1.5, 7.5375],
			"to": [12.5, 14.5, 8.5375],
			"rotation": {"angle": 0, "axis": "z", "origin": [16, 9.75, 7.9375]},
			"faces": {
				"north": {"uv": [9, 0.5, 9.5, 7], "texture": "#0"},
				"east": {"uv": [0, 15.75, 0.75, 16], "rotation": 180, "texture": "#0"},
				"south": {"uv": [5.5, 0.5, 6, 7], "texture": "#0"},
				"west": {"uv": [0, 15.75, 0.75, 16], "rotation": 180, "texture": "#0"},
				"up": {"uv": [0, 15.75, 0.75, 16], "rotation": 180, "texture": "#0"},
				"down": {"uv": [0, 15.75, 0.75, 16], "rotation": 180, "texture": "#0"}
			}
		},
		{
			"from": [3.5, 1.5, 7.5375],
			"to": [4.5, 14.5, 8.5375],
			"rotation": {"angle": 0, "axis": "z", "origin": [8, 9.75, 7.9375]},
			"faces": {
				"north": {"uv": [13, 0.5, 13.5, 7], "texture": "#0"},
				"east": {"uv": [0, 15.75, 0.75, 16], "rotation": 180, "texture": "#0"},
				"south": {"uv": [1.5, 0.5, 2, 7], "texture": "#0"},
				"west": {"uv": [0, 15.75, 0.75, 16], "rotation": 180, "texture": "#0"},
				"up": {"uv": [0, 15.75, 0.75, 16], "rotation": 180, "texture": "#0"},
				"down": {"uv": [0, 15.75, 0.75, 16], "rotation": 180, "texture": "#0"}
			}
		},
		{
			"from": [12.5, 2, 7.5375],
			"to": [13, 14, 8.5375],
			"rotation": {"angle": 0, "axis": "z", "origin": [17.5, 9.75, 7.9375]},
			"faces": {
				"north": {"uv": [8.75, 0.75, 9, 6.75], "texture": "#0"},
				"east": {"uv": [0, 15.75, 0.75, 16], "rotation": 180, "texture": "#0"},
				"south": {"uv": [6, 0.75, 6.25, 6.75], "texture": "#0"},
				"west": {"uv": [0, 15.75, 0.75, 16], "rotation": 180, "texture": "#0"},
				"up": {"uv": [0, 15.75, 0.75, 16], "rotation": 180, "texture": "#0"},
				"down": {"uv": [0, 15.75, 0.75, 16], "rotation": 180, "texture": "#0"}
			}
		},
		{
			"from": [3, 2, 7.5375],
			"to": [3.5, 14, 8.5375],
			"rotation": {"angle": 0, "axis": "z", "origin": [8, 9.75, 7.9375]},
			"faces": {
				"north": {"uv": [13.5, 0.75, 13.75, 6.75], "texture": "#0"},
				"east": {"uv": [0, 15.75, 0.75, 16], "rotation": 180, "texture": "#0"},
				"south": {"uv": [1.25, 0.75, 1.5, 6.75], "texture": "#0"},
				"west": {"uv": [0, 15.75, 0.75, 16], "rotation": 180, "texture": "#0"},
				"up": {"uv": [0, 15.75, 0.75, 16], "rotation": 180, "texture": "#0"},
				"down": {"uv": [0, 15.75, 0.75, 16], "rotation": 180, "texture": "#0"}
			}
		},
		{
			"from": [13, 2.5, 7.5375],
			"to": [13.5, 13.5, 8.5375],
			"rotation": {"angle": 0, "axis": "z", "origin": [18.5, 9.75, 7.9375]},
			"faces": {
				"north": {"uv": [8.5, 1, 8.75, 6.5], "texture": "#0"},
				"east": {"uv": [0, 15.75, 0.75, 16], "rotation": 180, "texture": "#0"},
				"south": {"uv": [6.25, 1, 6.5, 6.5], "texture": "#0"},
				"west": {"uv": [0, 15.75, 0.75, 16], "rotation": 180, "texture": "#0"},
				"up": {"uv": [0, 15.75, 0.75, 16], "rotation": 180, "texture": "#0"},
				"down": {"uv": [0, 15.75, 0.75, 16], "rotation": 180, "texture": "#0"}
			}
		},
		{
			"from": [13.5, 3, 7.5375],
			"to": [14, 13, 8.5375],
			"rotation": {"angle": 0, "axis": "z", "origin": [19, 9.75, 7.9375]},
			"faces": {
				"north": {"uv": [8.25, 1.25, 8.5, 6.25], "texture": "#0"},
				"east": {"uv": [0, 15.75, 0.75, 16], "rotation": 180, "texture": "#0"},
				"south": {"uv": [6.5, 1.25, 6.75, 6.25], "texture": "#0"},
				"west": {"uv": [0, 15.75, 0.75, 16], "rotation": 180, "texture": "#0"},
				"up": {"uv": [0, 15.75, 0.75, 16], "rotation": 180, "texture": "#0"},
				"down": {"uv": [0, 15.75, 0.75, 16], "rotation": 180, "texture": "#0"}
			}
		},
		{
			"from": [2.5, 2.5, 7.5375],
			"to": [3, 13.5, 8.5375],
			"rotation": {"angle": 0, "axis": "z", "origin": [8, 9.75, 7.9375]},
			"faces": {
				"north": {"uv": [13.75, 1, 14, 6.5], "texture": "#0"},
				"east": {"uv": [0, 15.75, 0.75, 16], "rotation": 180, "texture": "#0"},
				"south": {"uv": [1, 1, 1.25, 6.5], "texture": "#0"},
				"west": {"uv": [0, 15.75, 0.75, 16], "rotation": 180, "texture": "#0"},
				"up": {"uv": [0, 15.75, 0.75, 16], "rotation": 180, "texture": "#0"},
				"down": {"uv": [0, 15.75, 0.75, 16], "rotation": 180, "texture": "#0"}
			}
		},
		{
			"from": [2, 3, 7.5375],
			"to": [2.5, 13, 8.5375],
			"rotation": {"angle": 0, "axis": "z", "origin": [8, 9.75, 7.9375]},
			"faces": {
				"north": {"uv": [14, 1.25, 14.25, 6.25], "texture": "#0"},
				"east": {"uv": [0, 15.75, 0.75, 16], "rotation": 180, "texture": "#0"},
				"south": {"uv": [0.75, 1.25, 1, 6.25], "texture": "#0"},
				"west": {"uv": [0, 15.75, 0.75, 16], "rotation": 180, "texture": "#0"},
				"up": {"uv": [0, 15.75, 0.75, 16], "rotation": 180, "texture": "#0"},
				"down": {"uv": [0, 15.75, 0.75, 16], "rotation": 180, "texture": "#0"}
			}
		},
		{
			"from": [14, 3.5, 7.5375],
			"to": [14.5, 12.5, 8.5375],
			"rotation": {"angle": 0, "axis": "z", "origin": [20.5, 9.75, 7.9375]},
			"faces": {
				"north": {"uv": [8, 1.5, 8.25, 6], "texture": "#0"},
				"east": {"uv": [0, 15.75, 0.75, 16], "rotation": 180, "texture": "#0"},
				"south": {"uv": [6.75, 1.5, 7, 6], "texture": "#0"},
				"west": {"uv": [0, 15.75, 0.75, 16], "rotation": 180, "texture": "#0"},
				"up": {"uv": [0, 15.75, 0.75, 16], "rotation": 180, "texture": "#0"},
				"down": {"uv": [0, 15.75, 0.75, 16], "rotation": 180, "texture": "#0"}
			}
		},
		{
			"from": [1.5, 3.5, 7.5375],
			"to": [2, 12.5, 8.5375],
			"rotation": {"angle": 0, "axis": "z", "origin": [8, 9.75, 7.9375]},
			"faces": {
				"north": {"uv": [14.25, 1.5, 14.5, 6], "texture": "#0"},
				"east": {"uv": [0, 15.75, 0.75, 16], "rotation": 180, "texture": "#0"},
				"south": {"uv": [0.5, 1.5, 0.75, 6], "texture": "#0"},
				"west": {"uv": [0, 15.75, 0.75, 16], "rotation": 180, "texture": "#0"},
				"up": {"uv": [0, 15.75, 0.75, 16], "rotation": 180, "texture": "#0"},
				"down": {"uv": [0, 15.75, 0.75, 16], "rotation": 180, "texture": "#0"}
			}
		},
		{
			"from": [14.5, 4.5, 7.5375],
			"to": [15, 11.5, 8.5375],
			"rotation": {"angle": 0, "axis": "z", "origin": [21.5, 9.75, 7.9375]},
			"faces": {
				"north": {"uv": [7.75, 2, 8, 5.5], "texture": "#0"},
				"east": {"uv": [0, 15.75, 0.75, 16], "rotation": 180, "texture": "#0"},
				"south": {"uv": [7, 2, 7.25, 5.5], "texture": "#0"},
				"west": {"uv": [0, 15.75, 0.75, 16], "rotation": 180, "texture": "#0"},
				"up": {"uv": [0, 15.75, 0.75, 16], "rotation": 180, "texture": "#0"},
				"down": {"uv": [0, 15.75, 0.75, 16], "rotation": 180, "texture": "#0"}
			}
		},
		{
			"from": [1, 4.5, 7.5375],
			"to": [1.5, 11.5, 8.5375],
			"rotation": {"angle": 0, "axis": "z", "origin": [8, 9.75, 7.9375]},
			"faces": {
				"north": {"uv": [14.5, 2, 14.75, 5.5], "texture": "#0"},
				"east": {"uv": [0, 15.75, 0.75, 16], "rotation": 180, "texture": "#0"},
				"south": {"uv": [0.25, 2, 0.5, 5.5], "texture": "#0"},
				"west": {"uv": [0, 15.75, 0.75, 16], "rotation": 180, "texture": "#0"},
				"up": {"uv": [0, 15.75, 0.75, 16], "rotation": 180, "texture": "#0"},
				"down": {"uv": [0, 15.75, 0.75, 16], "rotation": 180, "texture": "#0"}
			}
		},
		{
			"from": [15, 5.5, 7.5375],
			"to": [15.5, 10.5, 8.5375],
			"rotation": {"angle": 0, "axis": "z", "origin": [22.5, 9.75, 7.9375]},
			"faces": {
				"north": {"uv": [7.5, 2.5, 7.75, 5], "texture": "#0"},
				"east": {"uv": [0, 15.75, 0.75, 16], "rotation": 180, "texture": "#0"},
				"south": {"uv": [7.25, 2.5, 7.5, 5], "texture": "#0"},
				"west": {"uv": [0, 15.75, 0.75, 16], "rotation": 180, "texture": "#0"},
				"up": {"uv": [0, 15.75, 0.75, 16], "rotation": 180, "texture": "#0"},
				"down": {"uv": [0, 15.75, 0.75, 16], "rotation": 180, "texture": "#0"}
			}
		},
		{
			"from": [0.5, 5.5, 7.5375],
			"to": [1, 10.5, 8.5375],
			"rotation": {"angle": 0, "axis": "z", "origin": [8, 9.75, 7.9375]},
			"faces": {
				"north": {"uv": [14.75, 2.5, 15, 5], "texture": "#0"},
				"east": {"uv": [0, 15.75, 0.75, 16], "rotation": 180, "texture": "#0"},
				"south": {"uv": [0, 2.5, 0.25, 5], "texture": "#0"},
				"west": {"uv": [0, 15.75, 0.75, 16], "rotation": 180, "texture": "#0"},
				"up": {"uv": [0, 15.75, 0.75, 16], "rotation": 180, "texture": "#0"},
				"down": {"uv": [0, 15.75, 0.75, 16], "rotation": 180, "texture": "#0"}
			}
		},
		{
			"from": [6.99, 4.99, 1.49],
			"to": [9.01, 11.01, 7.51],
			"rotation": {"angle": 0, "axis": "y", "origin": [7.21049, 8, 8]},
			"faces": {
				"north": {"uv": [6, 0, 8, 6], "texture": "#1"},
				"east": {"uv": [0, 0, 6, 6], "texture": "#1"},
				"west": {"uv": [0, 0, 6, 6], "texture": "#1"},
				"up": {"uv": [6, 0, 8, 6], "texture": "#1"},
				"down": {"uv": [6, 0, 8, 6], "texture": "#1"}
			}
		}
	],
	"gui_light": "front",
	"display": {
		"thirdperson_righthand": {
			"rotation": [0, 90, 0],
			"translation": [3.5, -2, 3.5]
		},
		"firstperson_righthand": {
			"rotation": [10, 146, -7],
			"translation": [4.25, -8.25, -5.25],
			"scale": [1.39, 1.64, 1.34]
		},
		"ground": {
			"rotation": [-20, 0, 0],
			"translation": [0, 3, 1],
			"scale": [0.75, 0.75, 0.75]
		},
		"gui": {
			"translation": [0.25, -0.5, 0],
			"scale": [0.9, 0.9, 0.9]
		},
		"fixed": {
			"rotation": [0, 180, 0],
			"translation": [0, 0, -1]
		}
	}
}