{
  "type": "tacz:gun_smith_table_crafting",
  "materials": [
    {
      "item": {
        "tag": "forge:ingots/iron"
      },
      "count": 10
    },
    {
      "item": {
        "tag": "forge:leather"
      },
      "count": 3
    },
    {
      "item": {
        "tag": "minecraft:logs"
      },
      "count": 15
    }
  ],
  "result": {
    "type": "custom",
    "group": "lrtactical:melee",
    "item": {
      "item": "lrtactical:melee",
      "nbt": {
        "MeleeWeaponId": "gwg:gear_club"
      }
    }
  }
}