{
  "variants": {
    "facing\u003dnorth,half\u003dbottom,open\u003dfalse": {
      "model": "block/wooden_trapdoor_bottom"
    },
    "facing\u003dsouth,half\u003dbottom,open\u003dfalse": {
      "model": "block/wooden_trapdoor_bottom",
      "y": 180
    },
    "facing\u003deast,half\u003dbottom,open\u003dfalse": {
      "model": "block/wooden_trapdoor_bottom",
      "y": 90
    },
    "facing\u003dwest,half\u003dbottom,open\u003dfalse": {
      "model": "block/wooden_trapdoor_bottom",
      "y": 270
    },
    "facing\u003dnorth,half\u003dtop,open\u003dfalse": {
      "model": "block/wooden_trapdoor_top"
    },
    "facing\u003dsouth,half\u003dtop,open\u003dfalse": {
      "model": "block/wooden_trapdoor_top",
      "y": 180
    },
    "facing\u003deast,half\u003dtop,open\u003dfalse": {
      "model": "block/wooden_trapdoor_top",
      "y": 90
    },
    "facing\u003dwest,half\u003dtop,open\u003dfalse": {
      "model": "block/wooden_trapdoor_top",
      "y": 270
    },
    "facing\u003dnorth,half\u003dbottom,open\u003dtrue": {
      "model": "block/wooden_trapdoor_open"
    },
    "facing\u003dsouth,half\u003dbottom,open\u003dtrue": {
      "model": "block/wooden_trapdoor_open",
      "y": 180
    },
    "facing\u003deast,half\u003dbottom,open\u003dtrue": {
      "model": "block/wooden_trapdoor_open",
      "y": 90
    },
    "facing\u003dwest,half\u003dbottom,open\u003dtrue": {
      "model": "block/wooden_trapdoor_open",
      "y": 270
    },
    "facing\u003dnorth,half\u003dtop,open\u003dtrue": {
      "model": "block/wooden_trapdoor_open",
      "x": 0,
      "y": 0
    },
    "facing\u003dsouth,half\u003dtop,open\u003dtrue": {
      "model": "block/wooden_trapdoor_open",
      "x": 0,
      "y": 180
    },
    "facing\u003deast,half\u003dtop,open\u003dtrue": {
      "model": "block/wooden_trapdoor_open",
      "x": 0,
      "y": 90
    },
    "facing\u003dwest,half\u003dtop,open\u003dtrue": {
      "model": "block/wooden_trapdoor_open",
      "x": 0,
      "y": 270
    }
  }
}
