{
    "model": "qkl:gun/rmg_geo",
    "texture": "qkl:gun/uv/rmg",
    "slot": "qkl:gun/slot/rmg",
    "hud": "qkl:gun/hud/rmg",
    "animation": "qkl:rmg",
    "use_default_animation": "rifle",

    "sounds": {
        "shoot": "qkl:rmg/rmg_shoot",
        "shoot_3p": "qkl:rmg/rmg_shoot_3p",
        "silence": "qkl:rmg/rmg_silence",
        "silence_3p": "qkl:rmg/rmg_silence_3p",
        "draw": "qkl:rmg/rmg_draw",
        "put_away": "qkl:rmg/rmg_put_away",
        "reload_empty": "qkl:rmg/rmg_reload_empty",
        "reload_tactical": "qkl:rmg/rmg_reload_tactical",
        "rmg_reload_empty_xmag3": "qkl:rmg/rmg_reload_empty_xmag3",
        "inspect_empty": "qkl:rmg/rmg_inspect_empty",
        "inspect": "qkl:rmg/rmg_inspect"
       
    
    },
       
    "muzzle_flash": {
       
        "texture": "tacz:flash/common_muzzle_flash",
        
        "scale": 1
      },

    "iron_zoom": 1.5,

        "shell": {
           
            "initial_velocity": [5, 5, -2],
           
            "random_velocity": [8, 3, 0.25],
           
            "acceleration": [0.0, -15, 0.0],
           
            "angular_velocity": [360, -1200, 90],
           
            "living_time": 1
        },

        "text_show": {
           
            "ammo_count_text_pos": {
             
              "scale": 0.35,
            
              "align": "right",
              
              "shadow": false,
            
              "color": "#53f9af",
            
              "light": 15,
             
              "text": "%rmg%"
            }
            
          },

    "transform": {
        "scale": {
           
            "thirdperson": [
                0.7,
                0.7,
                0.7
            ],
           
            "ground": [
                0.7,
                0.7,
                0.7
            ],
           
            "fixed": [
                1.3,
                1.3,
                1.3
            ]
        }
    },
    "third_person_animation": "default"
}