{
	"format_version": "1.12.0",
	"minecraft:geometry": [
		{
			"description": {
				"identifier": "geometry.unknown",
				"texture_width": 16,
				"texture_height": 16,
				"visible_bounds_width": 3,
				"visible_bounds_height": 2.5,
				"visible_bounds_offset": [0, 0.75, 0]
			},
			"bones": [
				{
					"name": "bb_main",
					"pivot": [0, 0, 0]
				},
				{
					"name": "camera",
					"pivot": [8, 11, 12]
				},
				{
					"name": "idle_view",
					"pivot": [8, 11, 12]
				},
				{
					"name": "root",
					"pivot": [0, 2.5, 0]
				},
				{
					"name": "leftHand",
					"parent": "root",
					"pivot": [-6, 18.93684, 8.04313]
				},
				{
					"name": "lefthand_pos",
					"parent": "leftHand",
					"pivot": [0, 7.93684, 8.04313],
					"cubes": [
						{
							"origin": [-7, 7.93684, 6.04313],
							"size": [3, 12, 4],
							"uv": {
								"north": {"uv": [0, 0], "uv_size": [4, 12]},
								"east": {"uv": [4, 0], "uv_size": [4, 12]},
								"south": {"uv": [8, 0], "uv_size": [4, 12]},
								"west": {"uv": [0, 12], "uv_size": [4, 12]},
								"up": {"uv": [12, 0], "uv_size": [4, 4]},
								"down": {"uv": [4, 16], "uv_size": [4, -4]}
							}
						}
					]
				},
				{
					"name": "r",
					"parent": "root",
					"pivot": [0, 2.25, 0]
				},
				{
					"name": "rightHand",
					"parent": "r",
					"pivot": [6, 18.93684, 8.04313]
				},
				{
					"name": "righthand_pos",
					"parent": "rightHand",
					"pivot": [0, 7.93684, 8.04313],
					"cubes": [
						{
							"origin": [4, 7.93684, 6.04313],
							"size": [3, 12, 4],
							"uv": {
								"north": {"uv": [0, 0], "uv_size": [4, 12]},
								"east": {"uv": [4, 0], "uv_size": [4, 12]},
								"south": {"uv": [8, 0], "uv_size": [4, 12]},
								"west": {"uv": [0, 12], "uv_size": [4, 12]},
								"up": {"uv": [12, 0], "uv_size": [4, 4]},
								"down": {"uv": [4, 16], "uv_size": [4, -4]}
							}
						}
					]
				},
				{
					"name": "nail",
					"parent": "r",
					"pivot": [0, 2.48295, 0.12132],
					"cubes": [
						{
							"origin": [-0.21875, 0.75, -0.0625],
							"size": [0.4375, 5.25, 0.4375],
							"uv": {
								"north": {"uv": [0, 0], "uv_size": [0.5, 5.25]},
								"east": {"uv": [1, 0], "uv_size": [0.5, 5.25]},
								"south": {"uv": [2, 0], "uv_size": [0.5, 5.25]},
								"west": {"uv": [3, 0], "uv_size": [0.5, 5.25]},
								"up": {"uv": [8, 10], "uv_size": [0.5, 0.5]},
								"down": {"uv": [10, 8.5], "uv_size": [0.5, -0.5]}
							}
						},
						{
							"origin": [-0.09375, 6, 0.3125],
							"size": [0.1875, 0.66933, 0.0625],
							"pivot": [0.21875, 6, 0.375],
							"rotation": [-9.59041, 0, 0],
							"uv": {
								"south": {"uv": [11, 12], "uv_size": [0.25, 0.75]}
							}
						},
						{
							"origin": [-0.09375, 6, -0.0625],
							"size": [0.1875, 0.66933, 0.0625],
							"pivot": [0.21875, 6, -0.0625],
							"rotation": [4.48641, 0, 0],
							"uv": {
								"north": {"uv": [12, 11], "uv_size": [0.25, 0.75]}
							}
						},
						{
							"origin": [-0.09375, 7.5, -0.1875],
							"size": [0.1875, 1.5, 0.75],
							"uv": {
								"north": {"uv": [6, 5], "uv_size": [0.25, 1.5]},
								"east": {"uv": [0, 6], "uv_size": [1, 1.5]},
								"south": {"uv": [7, 0], "uv_size": [0.25, 1.5]},
								"west": {"uv": [5.75, 0], "uv_size": [1, 1.5]}
							}
						},
						{
							"origin": [-0.09375, 6.64063, 0.1875],
							"size": [0.1875, 0.85938, 0.375],
							"pivot": [0.09375, 7.5, 0.5625],
							"rotation": [-5, 0, 0],
							"uv": {
								"east": {"uv": [1, 6], "uv_size": [0.5, 1]},
								"south": {"uv": [10, 9], "uv_size": [0.25, 1]},
								"west": {"uv": [2, 6], "uv_size": [0.5, 1]}
							}
						},
						{
							"origin": [-0.03125, 5.90739, 0.06022],
							"size": [0.125, 0.75195, 0.43147],
							"inflate": 0.0005,
							"pivot": [0.09375, 6.69059, 0.49169],
							"rotation": [-9.43985, 0, -10.25969],
							"uv": {
								"north": {"uv": [13, 0], "uv_size": [0.25, 0.75]},
								"south": {"uv": [1, 13], "uv_size": [0.25, 0.75]},
								"west": {"uv": [1, 7], "uv_size": [0.5, 0.75]},
								"down": {"uv": [6, 13.5], "uv_size": [0.25, -0.5]}
							}
						},
						{
							"origin": [-0.09375, 6.625, -0.1875],
							"size": [0.1875, 0.875, 0.375],
							"inflate": -0.0005,
							"pivot": [0.09375, 7.5, -0.1875],
							"rotation": [5, 0, 0],
							"uv": {
								"north": {"uv": [10, 10], "uv_size": [0.25, 1]},
								"east": {"uv": [6, 2], "uv_size": [0.5, 1]},
								"west": {"uv": [3, 6], "uv_size": [0.5, 1]}
							}
						},
						{
							"origin": [-0.03125, 5.98669, -0.11669],
							"size": [0.125, 0.7039, 0.43615],
							"pivot": [0.09375, 6.69059, -0.11669],
							"rotation": [4.41496, 0, -10.25969],
							"uv": {
								"north": {"uv": [13, 1], "uv_size": [0.25, 0.75]},
								"south": {"uv": [2, 13], "uv_size": [0.25, 0.75]},
								"west": {"uv": [2, 7], "uv_size": [0.5, 0.75]},
								"up": {"uv": [13, 7], "uv_size": [0.25, 0.5]},
								"down": {"uv": [8, 13.5], "uv_size": [0.25, -0.5]}
							}
						},
						{
							"origin": [-0.09375, 5.98669, -0.11669],
							"size": [0.125, 0.7039, 0.43615],
							"pivot": [-0.09375, 6.69059, -0.11669],
							"rotation": [4.41496, 0, 10.25969],
							"uv": {
								"north": {"uv": [13, 2], "uv_size": [0.25, 0.75]},
								"east": {"uv": [7, 2], "uv_size": [0.5, 0.75]},
								"south": {"uv": [3, 13], "uv_size": [0.25, 0.75]},
								"up": {"uv": [13, 8], "uv_size": [0.25, 0.5]},
								"down": {"uv": [9, 13.5], "uv_size": [0.25, -0.5]}
							}
						},
						{
							"origin": [-0.09375, 5.90739, 0.06022],
							"size": [0.125, 0.75195, 0.43147],
							"inflate": 0.0005,
							"pivot": [-0.09375, 6.69059, 0.49169],
							"rotation": [-9.43985, 0, 10.25969],
							"uv": {
								"north": {"uv": [13, 3], "uv_size": [0.25, 0.75]},
								"east": {"uv": [3, 7], "uv_size": [0.5, 0.75]},
								"south": {"uv": [4, 13], "uv_size": [0.25, 0.75]},
								"down": {"uv": [10, 13.5], "uv_size": [0.25, -0.5]}
							}
						},
						{
							"origin": [0.0322, 9.95888, 0.02276],
							"size": [0.0625, 0.95312, 0.32949],
							"inflate": -0.0005,
							"pivot": [0.0947, 9.97451, 0.35224],
							"rotation": [0, 0, -2.5],
							"uv": {
								"west": {"uv": [10.75, 0], "uv_size": [0.75, 1]}
							}
						},
						{
							"origin": [-0.0947, 9.95888, 0.02276],
							"size": [0.0625, 0.95312, 0.32949],
							"inflate": -0.0005,
							"pivot": [-0.0947, 9.97451, 0.35224],
							"rotation": [0, 0, 2.5],
							"uv": {
								"east": {"uv": [0.75, 11], "uv_size": [0.75, 1]}
							}
						},
						{
							"origin": [-0.04005, 11.12627, 0.15901],
							"size": [0.08011, 0.1001, 0.1001],
							"inflate": -0.0005,
							"pivot": [0.04005, 11.2272, 0.25828],
							"rotation": [-45, 0, 0],
							"uv": {
								"north": {"uv": [13, 12], "uv_size": [0.25, 0.25]},
								"east": {"uv": [13, 13], "uv_size": [0.25, 0.25]},
								"south": {"uv": [0, 14], "uv_size": [0.25, 0.25]},
								"west": {"uv": [14, 0], "uv_size": [0.25, 0.25]},
								"up": {"uv": [1, 14], "uv_size": [0.25, 0.25]},
								"down": {"uv": [14, 1.25], "uv_size": [0.25, -0.25]}
							}
						},
						{
							"origin": [-0.09375, 9, 0.1875],
							"size": [0.1875, 1, 0.375],
							"pivot": [0.09375, 9, 0.5625],
							"rotation": [5, 0, 0],
							"uv": {
								"east": {"uv": [6, 3], "uv_size": [0.5, 1]},
								"south": {"uv": [2, 11], "uv_size": [0.25, 1]},
								"west": {"uv": [4, 6], "uv_size": [0.5, 1]}
							}
						},
						{
							"origin": [0.03125, 9.99619, 0.35034],
							"size": [0.0625, 1.25, 0.125],
							"inflate": 0.0005,
							"pivot": [0.09375, 9.99619, 0.47534],
							"rotation": [10, 0, -2.5],
							"uv": {
								"east": {"uv": [8, 4], "uv_size": [0.25, 1.25]},
								"south": {"uv": [5, 8], "uv_size": [0.25, 1.25]},
								"west": {"uv": [6, 8], "uv_size": [0.25, 1.25]}
							}
						},
						{
							"origin": [-0.09375, 9, -0.1875],
							"size": [0.1875, 1, 0.375],
							"inflate": -0.0005,
							"pivot": [0.09375, 9, -0.1875],
							"rotation": [-5, 0, 0],
							"uv": {
								"north": {"uv": [11, 2], "uv_size": [0.25, 1]},
								"east": {"uv": [6, 4], "uv_size": [0.5, 1]},
								"west": {"uv": [5, 6], "uv_size": [0.5, 1]}
							}
						},
						{
							"origin": [0.03125, 9.99619, -0.10034],
							"size": [0.0625, 1.25, 0.125],
							"pivot": [0.09375, 9.99619, -0.10034],
							"rotation": [-10, 0, -2.5],
							"uv": {
								"north": {"uv": [8, 6], "uv_size": [0.25, 1.25]},
								"east": {"uv": [7, 8], "uv_size": [0.25, 1.25]},
								"west": {"uv": [0, 9], "uv_size": [0.25, 1.25]}
							}
						},
						{
							"origin": [-0.09375, 9.99619, 0.35034],
							"size": [0.0625, 1.25, 0.125],
							"inflate": 0.0005,
							"pivot": [-0.09375, 9.99619, 0.47534],
							"rotation": [10, 0, 2.5],
							"uv": {
								"east": {"uv": [1, 9], "uv_size": [0.25, 1.25]},
								"south": {"uv": [2, 9], "uv_size": [0.25, 1.25]},
								"west": {"uv": [9, 2], "uv_size": [0.25, 1.25]}
							}
						},
						{
							"origin": [-0.03125, 9.99619, 0.35034],
							"size": [0.0625, 1.25, 0.125],
							"inflate": 0.0005,
							"pivot": [-0.03125, 9.99619, 0.47534],
							"rotation": [10, 0, 0],
							"uv": {
								"north": {"uv": [3, 9], "uv_size": [0.25, 1.25]},
								"south": {"uv": [9, 6], "uv_size": [0.25, 1.25]},
								"up": {"uv": [5, 14], "uv_size": [0.25, 0.25]},
								"down": {"uv": [14, 5.25], "uv_size": [0.25, -0.25]}
							}
						},
						{
							"origin": [-0.03125, 9.99619, -0.10034],
							"size": [0.0625, 1.25, 0.125],
							"pivot": [-0.03125, 9.99619, -0.10034],
							"rotation": [-10, 0, 0],
							"uv": {
								"north": {"uv": [10, 0], "uv_size": [0.25, 1.25]},
								"south": {"uv": [4, 10], "uv_size": [0.25, 1.25]},
								"up": {"uv": [6, 14], "uv_size": [0.25, 0.25]},
								"down": {"uv": [14, 6.25], "uv_size": [0.25, -0.25]}
							}
						},
						{
							"origin": [-0.09375, 9.99619, -0.10034],
							"size": [0.0625, 1.25, 0.125],
							"pivot": [-0.09375, 9.99619, -0.10034],
							"rotation": [-10, 0, 2.5],
							"uv": {
								"north": {"uv": [5, 10], "uv_size": [0.25, 1.25]},
								"east": {"uv": [6, 10], "uv_size": [0.25, 1.25]},
								"west": {"uv": [7, 10], "uv_size": [0.25, 1.25]}
							}
						},
						{
							"origin": [-0.21875, 0.51381, 0.20507],
							"size": [0.4375, 0.625, 0.4375],
							"inflate": 0.0005,
							"pivot": [0, 1.70313, -0.59375],
							"rotation": [-20, 0, 0],
							"uv": {
								"north": {"uv": [7, 3], "uv_size": [0.5, 0.75]},
								"east": {"uv": [4, 7], "uv_size": [0.5, 0.75]},
								"south": {"uv": [7, 4], "uv_size": [0.5, 0.75]},
								"west": {"uv": [5, 7], "uv_size": [0.5, 0.75]},
								"up": {"uv": [11, 3], "uv_size": [0.5, 0.5]},
								"down": {"uv": [11, 4.5], "uv_size": [0.5, -0.5]}
							}
						},
						{
							"origin": [-0.21875, 0.85251, 0.67133],
							"size": [0.4375, 0.64046, 0.4375],
							"pivot": [0, 1.70313, -0.59375],
							"rotation": [-56.85328, 0, 0],
							"uv": {
								"north": {"uv": [7, 5], "uv_size": [0.5, 0.75]},
								"east": {"uv": [6, 7], "uv_size": [0.5, 0.75]},
								"south": {"uv": [7, 6], "uv_size": [0.5, 0.75]},
								"west": {"uv": [7, 7], "uv_size": [0.5, 0.75]},
								"up": {"uv": [11, 5], "uv_size": [0.5, 0.5]},
								"down": {"uv": [11, 6.5], "uv_size": [0.5, -0.5]}
							}
						},
						{
							"origin": [-0.21875, 0.51381, -1.83007],
							"size": [0.4375, 0.625, 0.4375],
							"inflate": 0.0005,
							"pivot": [0, 1.70313, -0.59375],
							"rotation": [20, 0, 0],
							"uv": {
								"north": {"uv": [0, 8], "uv_size": [0.5, 0.75]},
								"east": {"uv": [8, 0], "uv_size": [0.5, 0.75]},
								"south": {"uv": [1, 8], "uv_size": [0.5, 0.75]},
								"west": {"uv": [8, 1], "uv_size": [0.5, 0.75]},
								"up": {"uv": [11, 7], "uv_size": [0.5, 0.5]},
								"down": {"uv": [8, 11.5], "uv_size": [0.5, -0.5]}
							}
						},
						{
							"origin": [-0.21875, 0.85251, -2.29633],
							"size": [0.4375, 0.64046, 0.4375],
							"pivot": [0, 1.70313, -0.59375],
							"rotation": [56.85328, 0, 0],
							"uv": {
								"north": {"uv": [2, 8], "uv_size": [0.5, 0.75]},
								"east": {"uv": [8, 2], "uv_size": [0.5, 0.75]},
								"south": {"uv": [3, 8], "uv_size": [0.5, 0.75]},
								"west": {"uv": [8, 3], "uv_size": [0.5, 0.75]},
								"up": {"uv": [11, 8], "uv_size": [0.5, 0.5]},
								"down": {"uv": [9, 11.5], "uv_size": [0.5, -0.5]}
							}
						},
						{
							"origin": [-0.21875, -0.1875, -0.8125],
							"size": [0.4375, 0.4375, 0.4375],
							"inflate": 0.0005,
							"uv": {
								"north": {"uv": [11, 9], "uv_size": [0.5, 0.5]},
								"east": {"uv": [10, 11], "uv_size": [0.5, 0.5]},
								"south": {"uv": [11, 10], "uv_size": [0.5, 0.5]},
								"west": {"uv": [11, 11], "uv_size": [0.5, 0.5]},
								"up": {"uv": [0, 12], "uv_size": [0.5, 0.5]},
								"down": {"uv": [12, 0.5], "uv_size": [0.5, -0.5]}
							}
						},
						{
							"origin": [-0.21875, 0.75, -1.5625],
							"size": [0.4375, 3.0625, 0.4375],
							"uv": {
								"north": {"uv": [4, 0], "uv_size": [0.5, 3]},
								"east": {"uv": [4, 3], "uv_size": [0.5, 3]},
								"south": {"uv": [5, 0], "uv_size": [0.5, 3]},
								"west": {"uv": [5, 3], "uv_size": [0.5, 3]},
								"up": {"uv": [1, 12], "uv_size": [0.5, 0.5]},
								"down": {"uv": [12, 1.5], "uv_size": [0.5, -0.5]}
							}
						},
						{
							"origin": [-0.21875, 3.8125, -1.5625],
							"size": [0.4375, 0.375, 0.40625],
							"inflate": 0.0005,
							"pivot": [0.21875, 3.8125, -1.5625],
							"rotation": [-20, 0, 0],
							"uv": {
								"north": {"uv": [2, 12], "uv_size": [0.5, 0.5]},
								"east": {"uv": [12, 2], "uv_size": [0.5, 0.5]},
								"south": {"uv": [3, 12], "uv_size": [0.5, 0.5]},
								"west": {"uv": [12, 3], "uv_size": [0.5, 0.5]},
								"up": {"uv": [4, 12], "uv_size": [0.5, 0.5]},
								"down": {"uv": [12, 4.5], "uv_size": [0.5, -0.5]}
							}
						},
						{
							"origin": [-0.21875, 4.16488, -1.43424],
							"size": [0.4375, 0.375, 0.375],
							"pivot": [0.21875, 4.16488, -1.43424],
							"rotation": [-50, 0, 0],
							"uv": {
								"north": {"uv": [5, 12], "uv_size": [0.5, 0.5]},
								"east": {"uv": [12, 5], "uv_size": [0.5, 0.5]},
								"south": {"uv": [6, 12], "uv_size": [0.5, 0.5]},
								"west": {"uv": [12, 6], "uv_size": [0.5, 0.5]},
								"up": {"uv": [7, 12], "uv_size": [0.5, 0.5]},
								"down": {"uv": [12, 7.5], "uv_size": [0.5, -0.5]}
							}
						},
						{
							"origin": [-0.21875, 4.40593, -1.14698],
							"size": [0.4375, 0.5, 0.375],
							"inflate": 0.0005,
							"pivot": [0.21875, 4.40593, -1.14698],
							"rotation": [-82.5, 0, 0],
							"uv": {
								"north": {"uv": [8, 12], "uv_size": [0.5, 0.5]},
								"east": {"uv": [12, 8], "uv_size": [0.5, 0.5]},
								"south": {"uv": [9, 12], "uv_size": [0.5, 0.5]},
								"west": {"uv": [12, 9], "uv_size": [0.5, 0.5]},
								"up": {"uv": [10, 12], "uv_size": [0.5, 0.5]},
								"down": {"uv": [12, 10.5], "uv_size": [0.5, -0.5]}
							}
						}
					]
				}
			]
		}
	]
}