{
	"format_version": "1.21.0",
	"minecraft:geometry": [
		{
			"description": {
				"identifier": "geometry.unknown",
				"texture_width": 64,
				"texture_height": 64,
				"visible_bounds_width": 3,
				"visible_bounds_height": 2.5,
				"visible_bounds_offset": [0, 0.75, 0]
			},
			"bones": [
				{
					"name": "bb_main",
					"pivot": [0, 0, 0]
				},
				{
					"name": "camera",
					"pivot": [8, 11, 12]
				},
				{
					"name": "idle_view",
					"pivot": [8, 11, 12]
				},
				{
					"name": "root",
					"pivot": [0, 2, 0]
				},
				{
					"name": "r",
					"parent": "root",
					"pivot": [0, 2, 0]
				},
				{
					"name": "rightHand",
					"parent": "r",
					"pivot": [6, 18.93684, 8.04313]
				},
				{
					"name": "righthand_pos",
					"parent": "rightHand",
					"pivot": [0, 7.93684, 8.04313],
					"cubes": [
						{
							"origin": [4, 7.93684, 6.04313],
							"size": [3, 12, 4],
							"uv": {
								"north": {"uv": [0, 0], "uv_size": [4, 12]},
								"east": {"uv": [4, 0], "uv_size": [4, 12]},
								"south": {"uv": [8, 0], "uv_size": [4, 12]},
								"west": {"uv": [0, 12], "uv_size": [4, 12]},
								"up": {"uv": [12, 0], "uv_size": [4, 4]},
								"down": {"uv": [4, 16], "uv_size": [4, -4]}
							}
						}
					]
				},
				{
					"name": "club",
					"parent": "r",
					"pivot": [0, 2, 0],
					"cubes": [
						{
							"origin": [-0.31472, -2, -0.0625],
							"size": [0.22097, 0.0625, 0.125],
							"pivot": [-0.09375, -2, 0.0625],
							"rotation": [0, 0, 45],
							"uv": {
								"north": {"uv": [33, 8], "uv_size": [0.25, 0.25]},
								"east": {"uv": [9, 33], "uv_size": [0.25, 0.25]},
								"south": {"uv": [33, 9], "uv_size": [0.25, 0.25]},
								"west": {"uv": [10, 33], "uv_size": [0.25, 0.25]},
								"up": {"uv": [33, 10], "uv_size": [0.25, 0.25]},
								"down": {"uv": [11, 33.25], "uv_size": [0.25, -0.25]}
							}
						},
						{
							"origin": [-0.31819, 7.6875, -1.1875],
							"size": [0.63638, 7.75, 2.375],
							"pivot": [0, 14.4375, 0],
							"rotation": [-180, -30, 180],
							"uv": {
								"north": {"uv": [14, 16], "uv_size": [0.75, 7.75]},
								"east": {"uv": [0, 0], "uv_size": [2.5, 7.75]},
								"south": {"uv": [15, 16], "uv_size": [0.75, 7.75]},
								"west": {"uv": [3, 0], "uv_size": [2.5, 7.75]}
							}
						},
						{
							"origin": [-0.31819, 7.6875, -1.1875],
							"size": [0.63638, 7.75, 2.375],
							"pivot": [0, 14.4375, 0],
							"rotation": [-180, -60, 180],
							"uv": {
								"north": {"uv": [16, 16], "uv_size": [0.75, 7.75]},
								"east": {"uv": [6, 0], "uv_size": [2.5, 7.75]},
								"south": {"uv": [17, 16], "uv_size": [0.75, 7.75]},
								"west": {"uv": [0, 8], "uv_size": [2.5, 7.75]}
							}
						},
						{
							"origin": [-0.31819, 7.6875, -1.1875],
							"size": [0.63638, 7.75, 2.375],
							"pivot": [0, 14.4375, 0],
							"rotation": [0, -90, 0],
							"uv": {
								"north": {"uv": [18, 0], "uv_size": [0.75, 7.75]},
								"east": {"uv": [3, 8], "uv_size": [2.5, 7.75]},
								"south": {"uv": [18, 8], "uv_size": [0.75, 7.75]},
								"west": {"uv": [6, 8], "uv_size": [2.5, 7.75]}
							}
						},
						{
							"origin": [-0.31819, 7.6875, -1.1875],
							"size": [0.63638, 7.75, 2.375],
							"pivot": [0, 14.4375, 0],
							"rotation": [0, -60, 0],
							"uv": {
								"north": {"uv": [18, 16], "uv_size": [0.75, 7.75]},
								"east": {"uv": [9, 0], "uv_size": [2.5, 7.75]},
								"south": {"uv": [19, 0], "uv_size": [0.75, 7.75]},
								"west": {"uv": [9, 8], "uv_size": [2.5, 7.75]}
							}
						},
						{
							"origin": [-0.31819, 7.6875, -1.1875],
							"size": [0.63638, 7.75, 2.375],
							"pivot": [0, 14.4375, 0],
							"rotation": [0, -30, 0],
							"uv": {
								"north": {"uv": [19, 8], "uv_size": [0.75, 7.75]},
								"east": {"uv": [12, 0], "uv_size": [2.5, 7.75]},
								"south": {"uv": [19, 16], "uv_size": [0.75, 7.75]},
								"west": {"uv": [12, 8], "uv_size": [2.5, 7.75]}
							}
						},
						{
							"origin": [-0.31819, 7.6875, -1.1875],
							"size": [0.63638, 7.75, 2.375],
							"uv": {
								"north": {"uv": [20, 0], "uv_size": [0.75, 7.75]},
								"east": {"uv": [15, 0], "uv_size": [2.5, 7.75]},
								"south": {"uv": [20, 8], "uv_size": [0.75, 7.75]},
								"west": {"uv": [15, 8], "uv_size": [2.5, 7.75]}
							}
						},
						{
							"origin": [-1.58614, 15.4375, -0.53311],
							"size": [0.63638, 0.1875, 0.26517],
							"pivot": [-1, 15.625, -0.26795],
							"rotation": [0, 90, -45],
							"uv": {
								"up": {"uv": [6, 27], "uv_size": [0.75, 0.25]}
							}
						},
						{
							"origin": [-1.82388, 15.25, -0.59898],
							"size": [0.63638, 0.1875, 0.28079],
							"pivot": [-1.1875, 15.4375, -0.31819],
							"rotation": [139, -60, -180],
							"uv": {
								"up": {"uv": [27, 6], "uv_size": [0.75, 0.25]}
							}
						},
						{
							"origin": [1.1875, 15.25, -0.59898],
							"size": [0.63638, 0.1875, 0.28079],
							"pivot": [1.1875, 15.4375, -0.31819],
							"rotation": [139, 60, 180],
							"uv": {
								"up": {"uv": [7, 27], "uv_size": [0.75, 0.25]}
							}
						},
						{
							"origin": [0.68181, 15.4375, -0.73205],
							"size": [0.63638, 0.1875, 0.26517],
							"pivot": [0.73205, 15.625, -0.73205],
							"rotation": [135, 30, 180],
							"uv": {
								"up": {"uv": [27, 7], "uv_size": [0.75, 0.25]}
							}
						},
						{
							"origin": [-0.31819, 15.25, -1.1875],
							"size": [0.63638, 0.1875, 0.28079],
							"pivot": [-0.31819, 15.4375, -1.1875],
							"rotation": [41, 0, 0],
							"uv": {
								"up": {"uv": [8, 27], "uv_size": [0.75, 0.25]}
							}
						},
						{
							"origin": [-1.31819, 15.4375, -0.73205],
							"size": [0.63638, 0.1875, 0.26517],
							"pivot": [-0.73205, 15.625, -0.73205],
							"rotation": [135, -30, -180],
							"uv": {
								"up": {"uv": [27, 8], "uv_size": [0.75, 0.25]}
							}
						},
						{
							"origin": [-1.82388, 15.25, 0.31819],
							"size": [0.63638, 0.1875, 0.28079],
							"pivot": [-1.1875, 15.4375, 0.31819],
							"rotation": [-139, 60, -180],
							"uv": {
								"up": {"uv": [9, 27], "uv_size": [0.75, 0.25]}
							}
						},
						{
							"origin": [-1.31819, 15.4375, 0.46689],
							"size": [0.63638, 0.1875, 0.26517],
							"pivot": [-0.73205, 15.625, 0.73205],
							"rotation": [-135, 30, -180],
							"uv": {
								"up": {"uv": [10, 27], "uv_size": [0.75, 0.25]}
							}
						},
						{
							"origin": [0.68181, 15.4375, 0.46689],
							"size": [0.63638, 0.1875, 0.26517],
							"pivot": [0.73205, 15.625, 0.73205],
							"rotation": [-135, -30, 180],
							"uv": {
								"up": {"uv": [11, 27], "uv_size": [0.75, 0.25]}
							}
						},
						{
							"origin": [-0.26795, 15.4375, -1],
							"size": [0.5359, 0.1875, 2],
							"inflate": -0.0005,
							"pivot": [0, 15.4375, 0],
							"rotation": [-180, -30, 180],
							"uv": {
								"up": {"uv": [24, 7], "uv_size": [0.5, 2]}
							}
						},
						{
							"origin": [1.1875, 15.25, 0.31819],
							"size": [0.63638, 0.1875, 0.28079],
							"pivot": [1.1875, 15.4375, 0.31819],
							"rotation": [-139, -60, 180],
							"uv": {
								"up": {"uv": [12, 27], "uv_size": [0.75, 0.25]}
							}
						},
						{
							"origin": [-0.26795, 15.4375, -1],
							"size": [0.5359, 0.1875, 2],
							"inflate": 0.0002,
							"pivot": [0, 15.4375, 0],
							"rotation": [-180, -60, 180],
							"uv": {
								"up": {"uv": [24, 19], "uv_size": [0.5, 2]}
							}
						},
						{
							"origin": [0.94976, 15.4375, -0.53311],
							"size": [0.63638, 0.1875, 0.26517],
							"pivot": [1, 15.625, -0.26795],
							"rotation": [0, -90, 45],
							"uv": {
								"up": {"uv": [27, 12], "uv_size": [0.75, 0.25]}
							}
						},
						{
							"origin": [-0.26795, 15.4375, -1],
							"size": [0.5359, 0.1875, 2],
							"inflate": -0.0005,
							"pivot": [0, 15.4375, 0],
							"rotation": [0, -90, 0],
							"uv": {
								"up": {"uv": [25, 0], "uv_size": [0.5, 2]}
							}
						},
						{
							"origin": [-0.26795, 15.4375, -1],
							"size": [0.5359, 0.1875, 2],
							"pivot": [0, 15.4375, 0],
							"rotation": [0, -60, 0],
							"uv": {
								"up": {"uv": [1, 25], "uv_size": [0.5, 2]}
							}
						},
						{
							"origin": [-0.26795, 15.4375, -1],
							"size": [0.5359, 0.1875, 2],
							"inflate": -0.0005,
							"pivot": [0, 15.4375, 0],
							"rotation": [0, -30, 0],
							"uv": {
								"up": {"uv": [2, 25], "uv_size": [0.5, 2]}
							}
						},
						{
							"origin": [-0.31819, 15.25, 0.90671],
							"size": [0.63638, 0.1875, 0.28079],
							"pivot": [-0.31819, 15.4375, 1.1875],
							"rotation": [-41, 0, 0],
							"uv": {
								"up": {"uv": [13, 27], "uv_size": [0.75, 0.25]}
							}
						},
						{
							"origin": [-0.26795, 15.4375, -1],
							"size": [0.5359, 0.1875, 2],
							"inflate": 0.0005,
							"uv": {
								"up": {"uv": [25, 2], "uv_size": [0.5, 2]}
							}
						},
						{
							"origin": [-1.09599, 7.53125, 0.0846],
							"size": [0.63638, 0.15625, 0.2001],
							"pivot": [-1.0625, 7.53125, 0.2847],
							"rotation": [0, 90, 51.3402],
							"uv": {
								"down": {"uv": [27, 13.25], "uv_size": [0.75, -0.25]}
							}
						},
						{
							"origin": [1.1875, 7.6875, -0.51829],
							"size": [0.63638, 0.15625, 0.2001],
							"pivot": [1.1875, 7.6875, -0.31819],
							"rotation": [-132.6598, 60, 180],
							"uv": {
								"down": {"uv": [14, 27.25], "uv_size": [0.75, -0.25]}
							}
						},
						{
							"origin": [-0.31819, 7.53125, -1.0625],
							"size": [0.63638, 0.15625, 0.2001],
							"pivot": [0.2847, 7.53125, -1.0625],
							"rotation": [-128.6598, 30, -180],
							"uv": {
								"down": {"uv": [27, 14.25], "uv_size": [0.75, -0.25]}
							}
						},
						{
							"origin": [-0.31819, 7.6875, -1.1875],
							"size": [0.63638, 0.15625, 0.2001],
							"pivot": [0.31819, 7.6875, -1.1875],
							"rotation": [-47.3402, 0, 0],
							"uv": {
								"down": {"uv": [15, 27.25], "uv_size": [0.75, -0.25]}
							}
						},
						{
							"origin": [-0.31819, 7.53125, -1.0625],
							"size": [0.63638, 0.15625, 0.2001],
							"pivot": [-0.2847, 7.53125, -1.0625],
							"rotation": [-128.6598, -30, 180],
							"uv": {
								"down": {"uv": [27, 15.25], "uv_size": [0.75, -0.25]}
							}
						},
						{
							"origin": [-1.82388, 7.6875, -0.51829],
							"size": [0.63638, 0.15625, 0.2001],
							"pivot": [-1.1875, 7.6875, -0.31819],
							"rotation": [-132.6598, -60, -180],
							"uv": {
								"down": {"uv": [16, 27.25], "uv_size": [0.75, -0.25]}
							}
						},
						{
							"origin": [-1.82388, 7.6875, 0.31819],
							"size": [0.63638, 0.15625, 0.2001],
							"pivot": [-1.1875, 7.6875, 0.31819],
							"rotation": [132.6598, 60, -180],
							"uv": {
								"down": {"uv": [27, 16.25], "uv_size": [0.75, -0.25]}
							}
						},
						{
							"origin": [-0.31819, 7.53125, 0.8624],
							"size": [0.63638, 0.15625, 0.2001],
							"pivot": [-0.2847, 7.53125, 1.0625],
							"rotation": [128.6598, 30, 180],
							"uv": {
								"down": {"uv": [17, 27.25], "uv_size": [0.75, -0.25]}
							}
						},
						{
							"origin": [-0.31819, 7.53125, 0.8624],
							"size": [0.63638, 0.15625, 0.2001],
							"pivot": [0.2847, 7.53125, 1.0625],
							"rotation": [128.6598, -30, -180],
							"uv": {
								"down": {"uv": [27, 17.25], "uv_size": [0.75, -0.25]}
							}
						},
						{
							"origin": [-0.2847, 7.53125, -1.0625],
							"size": [0.56939, 0.15625, 2.125],
							"pivot": [0, 6.6875, 0],
							"rotation": [-180, -30, 180],
							"uv": {
								"down": {"uv": [24, 6.25], "uv_size": [0.5, -2.25]}
							}
						},
						{
							"origin": [1.1875, 7.6875, 0.31819],
							"size": [0.63638, 0.15625, 0.2001],
							"pivot": [1.1875, 7.6875, 0.31819],
							"rotation": [132.6598, -60, 180],
							"uv": {
								"down": {"uv": [18, 27.25], "uv_size": [0.75, -0.25]}
							}
						},
						{
							"origin": [-0.2847, 7.53125, -1.0625],
							"size": [0.56939, 0.15625, 2.125],
							"pivot": [0, 6.6875, 0],
							"rotation": [-180, -60, 180],
							"uv": {
								"down": {"uv": [14, 26.25], "uv_size": [0.5, -2.25]}
							}
						},
						{
							"origin": [0.45961, 7.53125, 0.0846],
							"size": [0.63638, 0.15625, 0.2001],
							"pivot": [1.0625, 7.53125, 0.2847],
							"rotation": [0, -90, -51.3402],
							"uv": {
								"down": {"uv": [27, 18.25], "uv_size": [0.75, -0.25]}
							}
						},
						{
							"origin": [-0.2847, 7.53125, -1.0625],
							"size": [0.56939, 0.15625, 2.125],
							"pivot": [0, 6.6875, 0],
							"rotation": [0, -90, 0],
							"uv": {
								"down": {"uv": [15, 26.25], "uv_size": [0.5, -2.25]}
							}
						},
						{
							"origin": [-0.2847, 7.53125, -1.0625],
							"size": [0.56939, 0.15625, 2.125],
							"pivot": [0, 6.6875, 0],
							"rotation": [0, -60, 0],
							"uv": {
								"down": {"uv": [16, 26.25], "uv_size": [0.5, -2.25]}
							}
						},
						{
							"origin": [-0.2847, 7.53125, -1.0625],
							"size": [0.56939, 0.15625, 2.125],
							"pivot": [0, 6.6875, 0],
							"rotation": [0, -30, 0],
							"uv": {
								"down": {"uv": [17, 26.25], "uv_size": [0.5, -2.25]}
							}
						},
						{
							"origin": [-0.31819, 7.6875, 0.9874],
							"size": [0.63638, 0.15625, 0.2001],
							"pivot": [0.31819, 7.6875, 1.1875],
							"rotation": [47.3402, 0, 0],
							"uv": {
								"down": {"uv": [19, 27.25], "uv_size": [0.75, -0.25]}
							}
						},
						{
							"origin": [-0.2847, 7.53125, -1.0625],
							"size": [0.56939, 0.15625, 2.125],
							"uv": {
								"down": {"uv": [18, 26.25], "uv_size": [0.5, -2.25]}
							}
						},
						{
							"origin": [-0.125, 15.625, -0.125],
							"size": [0.25, 0.6875, 0.25],
							"pivot": [0, 15.96875, 0],
							"rotation": [0, 45, 0],
							"uv": {
								"north": {"uv": [27, 19], "uv_size": [0.25, 0.75]},
								"east": {"uv": [20, 27], "uv_size": [0.25, 0.75]},
								"south": {"uv": [27, 20], "uv_size": [0.25, 0.75]},
								"west": {"uv": [21, 27], "uv_size": [0.25, 0.75]},
								"up": {"uv": [33, 11], "uv_size": [0.25, 0.25]},
								"down": {"uv": [12, 33.25], "uv_size": [0.25, -0.25]}
							}
						},
						{
							"origin": [-0.10937, 16.3125, -0.10937],
							"size": [0.21875, 1, 0.21875],
							"pivot": [0, 15.96875, 0],
							"rotation": [0, 45, 0],
							"uv": {
								"north": {"uv": [26, 12], "uv_size": [0.25, 1]},
								"east": {"uv": [26, 17], "uv_size": [0.25, 1]},
								"south": {"uv": [26, 18], "uv_size": [0.25, 1]},
								"west": {"uv": [26, 19], "uv_size": [0.25, 1]},
								"up": {"uv": [33, 12], "uv_size": [0.25, 0.25]},
								"down": {"uv": [13, 33.25], "uv_size": [0.25, -0.25]}
							}
						},
						{
							"origin": [-0.04687, 17.3125, -0.10937],
							"size": [0.09375, 0.1875, 0.21875],
							"pivot": [0, 15.96875, 0],
							"rotation": [0, 45, 0],
							"uv": {
								"north": {"uv": [33, 13], "uv_size": [0.25, 0.25]},
								"east": {"uv": [14, 33], "uv_size": [0.25, 0.25]},
								"south": {"uv": [33, 14], "uv_size": [0.25, 0.25]},
								"west": {"uv": [15, 33], "uv_size": [0.25, 0.25]},
								"up": {"uv": [33, 15], "uv_size": [0.25, 0.25]},
								"down": {"uv": [16, 33.25], "uv_size": [0.25, -0.25]}
							}
						},
						{
							"origin": [-0.10937, 17.3125, -0.04687],
							"size": [0.21875, 0.1875, 0.09375],
							"pivot": [0, 15.96875, 0],
							"rotation": [0, 45, 0],
							"uv": {
								"north": {"uv": [33, 16], "uv_size": [0.25, 0.25]},
								"east": {"uv": [17, 33], "uv_size": [0.25, 0.25]},
								"south": {"uv": [33, 17], "uv_size": [0.25, 0.25]},
								"west": {"uv": [18, 33], "uv_size": [0.25, 0.25]},
								"up": {"uv": [33, 18], "uv_size": [0.25, 0.25]},
								"down": {"uv": [19, 33.25], "uv_size": [0.25, -0.25]}
							}
						},
						{
							"origin": [-0.13794, 17.5, -0.11049],
							"size": [0.09375, 0.5, 0.0625],
							"pivot": [-0.04419, 17.5, -0.11049],
							"rotation": [-6.5, 45, 0],
							"uv": {
								"north": {"uv": [7, 28], "uv_size": [0.25, 0.5]},
								"east": {"uv": [28, 7], "uv_size": [0.25, 0.5]},
								"south": {"uv": [8, 28], "uv_size": [0.25, 0.5]},
								"west": {"uv": [28, 8], "uv_size": [0.25, 0.5]},
								"up": {"uv": [33, 19], "uv_size": [0.25, 0.25]},
								"down": {"uv": [20, 33.25], "uv_size": [0.25, -0.25]}
							}
						},
						{
							"origin": [0.04419, 17.5, 0.04799],
							"size": [0.09375, 0.5, 0.0625],
							"pivot": [0.04419, 17.5, 0.11049],
							"rotation": [6.5, 45, 0],
							"uv": {
								"north": {"uv": [9, 28], "uv_size": [0.25, 0.5]},
								"east": {"uv": [28, 9], "uv_size": [0.25, 0.5]},
								"south": {"uv": [10, 28], "uv_size": [0.25, 0.5]},
								"west": {"uv": [28, 10], "uv_size": [0.25, 0.5]},
								"up": {"uv": [33, 20], "uv_size": [0.25, 0.25]},
								"down": {"uv": [21, 33.25], "uv_size": [0.25, -0.25]}
							}
						},
						{
							"origin": [-0.13794, 17.5, 0.04799],
							"size": [0.09375, 0.5, 0.0625],
							"pivot": [-0.04419, 17.5, 0.11049],
							"rotation": [6.5, -45, 0],
							"uv": {
								"north": {"uv": [11, 28], "uv_size": [0.25, 0.5]},
								"east": {"uv": [28, 11], "uv_size": [0.25, 0.5]},
								"south": {"uv": [12, 28], "uv_size": [0.25, 0.5]},
								"west": {"uv": [28, 12], "uv_size": [0.25, 0.5]},
								"up": {"uv": [33, 21], "uv_size": [0.25, 0.25]},
								"down": {"uv": [22, 33.25], "uv_size": [0.25, -0.25]}
							}
						},
						{
							"origin": [0.04419, 17.5, -0.11049],
							"size": [0.09375, 0.5, 0.0625],
							"pivot": [0.04419, 17.5, -0.11049],
							"rotation": [-6.5, -45, 0],
							"uv": {
								"north": {"uv": [13, 28], "uv_size": [0.25, 0.5]},
								"east": {"uv": [28, 13], "uv_size": [0.25, 0.5]},
								"south": {"uv": [14, 28], "uv_size": [0.25, 0.5]},
								"west": {"uv": [28, 14], "uv_size": [0.25, 0.5]},
								"up": {"uv": [33, 22], "uv_size": [0.25, 0.25]},
								"down": {"uv": [23, 33.25], "uv_size": [0.25, -0.25]}
							}
						},
						{
							"origin": [-0.10937, 12.51563, 1.1875],
							"size": [0.21875, 0.21875, 0.4375],
							"pivot": [0, 12.625, 1.7318],
							"rotation": [0, 0, -45],
							"uv": {
								"north": {"uv": [33, 23], "uv_size": [0.25, 0.25]},
								"east": {"uv": [15, 28], "uv_size": [0.5, 0.25]},
								"south": {"uv": [24, 33], "uv_size": [0.25, 0.25]},
								"west": {"uv": [28, 15], "uv_size": [0.5, 0.25]},
								"up": {"uv": [16, 28], "uv_size": [0.25, 0.5]},
								"down": {"uv": [28, 16.5], "uv_size": [0.25, -0.5]}
							}
						},
						{
							"origin": [-0.04687, 12.68031, 1.7996],
							"size": [0.09375, 0.0625, 0.5],
							"pivot": [0, 12.625, 1.7318],
							"rotation": [-6.5, 0, -45],
							"uv": {
								"north": {"uv": [33, 24], "uv_size": [0.25, 0.25]},
								"east": {"uv": [17, 28], "uv_size": [0.5, 0.25]},
								"south": {"uv": [25, 33], "uv_size": [0.25, 0.25]},
								"west": {"uv": [28, 17], "uv_size": [0.5, 0.25]},
								"up": {"uv": [18, 28], "uv_size": [0.25, 0.5]},
								"down": {"uv": [28, 18.5], "uv_size": [0.25, -0.5]}
							}
						},
						{
							"origin": [-0.04688, 12.50719, 1.7996],
							"size": [0.09375, 0.0625, 0.5],
							"pivot": [0, 12.625, 1.7318],
							"rotation": [6.5, 0, -45],
							"uv": {
								"north": {"uv": [33, 25], "uv_size": [0.25, 0.25]},
								"east": {"uv": [19, 28], "uv_size": [0.5, 0.25]},
								"south": {"uv": [26, 33], "uv_size": [0.25, 0.25]},
								"west": {"uv": [28, 19], "uv_size": [0.5, 0.25]},
								"up": {"uv": [20, 28], "uv_size": [0.25, 0.5]},
								"down": {"uv": [28, 20.5], "uv_size": [0.25, -0.5]}
							}
						},
						{
							"origin": [-0.04688, 12.68031, 1.7996],
							"size": [0.09375, 0.0625, 0.5],
							"pivot": [0, 12.625, 1.7318],
							"rotation": [-6.5, 0, 45],
							"uv": {
								"north": {"uv": [33, 26], "uv_size": [0.25, 0.25]},
								"east": {"uv": [21, 28], "uv_size": [0.5, 0.25]},
								"south": {"uv": [27, 33], "uv_size": [0.25, 0.25]},
								"west": {"uv": [28, 21], "uv_size": [0.5, 0.25]},
								"up": {"uv": [22, 28], "uv_size": [0.25, 0.5]},
								"down": {"uv": [28, 22.5], "uv_size": [0.25, -0.5]}
							}
						},
						{
							"origin": [-0.04687, 12.50719, 1.7996],
							"size": [0.09375, 0.0625, 0.5],
							"pivot": [0, 12.625, 1.7318],
							"rotation": [6.5, 0, 45],
							"uv": {
								"north": {"uv": [33, 27], "uv_size": [0.25, 0.25]},
								"east": {"uv": [23, 28], "uv_size": [0.5, 0.25]},
								"south": {"uv": [28, 33], "uv_size": [0.25, 0.25]},
								"west": {"uv": [28, 23], "uv_size": [0.5, 0.25]},
								"up": {"uv": [24, 28], "uv_size": [0.25, 0.5]},
								"down": {"uv": [28, 24.5], "uv_size": [0.25, -0.5]}
							}
						},
						{
							"origin": [-0.10937, 12.57813, 1.625],
							"size": [0.21875, 0.09375, 0.1875],
							"pivot": [0, 12.625, 1.7318],
							"rotation": [0, 0, -45],
							"uv": {
								"north": {"uv": [33, 28], "uv_size": [0.25, 0.25]},
								"east": {"uv": [29, 33], "uv_size": [0.25, 0.25]},
								"south": {"uv": [33, 29], "uv_size": [0.25, 0.25]},
								"west": {"uv": [30, 33], "uv_size": [0.25, 0.25]},
								"up": {"uv": [33, 30], "uv_size": [0.25, 0.25]},
								"down": {"uv": [31, 33.25], "uv_size": [0.25, -0.25]}
							}
						},
						{
							"origin": [-0.04687, 12.51563, 1.625],
							"size": [0.09375, 0.21875, 0.1875],
							"pivot": [0, 12.625, 1.7318],
							"rotation": [0, 0, -45],
							"uv": {
								"north": {"uv": [33, 31], "uv_size": [0.25, 0.25]},
								"east": {"uv": [32, 33], "uv_size": [0.25, 0.25]},
								"south": {"uv": [33, 32], "uv_size": [0.25, 0.25]},
								"west": {"uv": [33, 33], "uv_size": [0.25, 0.25]},
								"up": {"uv": [0, 34], "uv_size": [0.25, 0.25]},
								"down": {"uv": [34, 0.25], "uv_size": [0.25, -0.25]}
							}
						},
						{
							"origin": [-0.04687, 12.51563, -1.8125],
							"size": [0.09375, 0.21875, 0.1875],
							"pivot": [0, 12.625, -1.7318],
							"rotation": [0, 0, -45],
							"uv": {
								"north": {"uv": [1, 34], "uv_size": [0.25, 0.25]},
								"east": {"uv": [34, 1], "uv_size": [0.25, 0.25]},
								"south": {"uv": [2, 34], "uv_size": [0.25, 0.25]},
								"west": {"uv": [34, 2], "uv_size": [0.25, 0.25]},
								"up": {"uv": [3, 34], "uv_size": [0.25, 0.25]},
								"down": {"uv": [34, 3.25], "uv_size": [0.25, -0.25]}
							}
						},
						{
							"origin": [-0.10937, 12.57813, -1.8125],
							"size": [0.21875, 0.09375, 0.1875],
							"pivot": [0, 12.625, -1.7318],
							"rotation": [0, 0, -45],
							"uv": {
								"north": {"uv": [4, 34], "uv_size": [0.25, 0.25]},
								"east": {"uv": [34, 4], "uv_size": [0.25, 0.25]},
								"south": {"uv": [5, 34], "uv_size": [0.25, 0.25]},
								"west": {"uv": [34, 5], "uv_size": [0.25, 0.25]},
								"up": {"uv": [6, 34], "uv_size": [0.25, 0.25]},
								"down": {"uv": [34, 6.25], "uv_size": [0.25, -0.25]}
							}
						},
						{
							"origin": [-0.04687, 12.50719, -2.2996],
							"size": [0.09375, 0.0625, 0.5],
							"pivot": [0, 12.625, -1.7318],
							"rotation": [-6.5, 0, 45],
							"uv": {
								"north": {"uv": [7, 34], "uv_size": [0.25, 0.25]},
								"east": {"uv": [25, 28], "uv_size": [0.5, 0.25]},
								"south": {"uv": [34, 7], "uv_size": [0.25, 0.25]},
								"west": {"uv": [28, 25], "uv_size": [0.5, 0.25]},
								"up": {"uv": [26, 28], "uv_size": [0.25, 0.5]},
								"down": {"uv": [28, 26.5], "uv_size": [0.25, -0.5]}
							}
						},
						{
							"origin": [-0.04688, 12.68031, -2.2996],
							"size": [0.09375, 0.0625, 0.5],
							"pivot": [0, 12.625, -1.7318],
							"rotation": [6.5, 0, 45],
							"uv": {
								"north": {"uv": [8, 34], "uv_size": [0.25, 0.25]},
								"east": {"uv": [27, 28], "uv_size": [0.5, 0.25]},
								"south": {"uv": [34, 8], "uv_size": [0.25, 0.25]},
								"west": {"uv": [28, 27], "uv_size": [0.5, 0.25]},
								"up": {"uv": [28, 28], "uv_size": [0.25, 0.5]},
								"down": {"uv": [0, 29.5], "uv_size": [0.25, -0.5]}
							}
						},
						{
							"origin": [-0.04688, 12.50719, -2.2996],
							"size": [0.09375, 0.0625, 0.5],
							"pivot": [0, 12.625, -1.7318],
							"rotation": [-6.5, 0, -45],
							"uv": {
								"north": {"uv": [9, 34], "uv_size": [0.25, 0.25]},
								"east": {"uv": [29, 0], "uv_size": [0.5, 0.25]},
								"south": {"uv": [34, 9], "uv_size": [0.25, 0.25]},
								"west": {"uv": [1, 29], "uv_size": [0.5, 0.25]},
								"up": {"uv": [29, 1], "uv_size": [0.25, 0.5]},
								"down": {"uv": [2, 29.5], "uv_size": [0.25, -0.5]}
							}
						},
						{
							"origin": [-0.04687, 12.68031, -2.2996],
							"size": [0.09375, 0.0625, 0.5],
							"pivot": [0, 12.625, -1.7318],
							"rotation": [6.5, 0, -45],
							"uv": {
								"north": {"uv": [10, 34], "uv_size": [0.25, 0.25]},
								"east": {"uv": [29, 2], "uv_size": [0.5, 0.25]},
								"south": {"uv": [34, 10], "uv_size": [0.25, 0.25]},
								"west": {"uv": [3, 29], "uv_size": [0.5, 0.25]},
								"up": {"uv": [29, 3], "uv_size": [0.25, 0.5]},
								"down": {"uv": [4, 29.5], "uv_size": [0.25, -0.5]}
							}
						},
						{
							"origin": [-0.10937, 12.51563, -1.625],
							"size": [0.21875, 0.21875, 0.5],
							"pivot": [0, 12.625, -1.7318],
							"rotation": [0, 0, -45],
							"uv": {
								"north": {"uv": [11, 34], "uv_size": [0.25, 0.25]},
								"east": {"uv": [29, 4], "uv_size": [0.5, 0.25]},
								"south": {"uv": [34, 11], "uv_size": [0.25, 0.25]},
								"west": {"uv": [5, 29], "uv_size": [0.5, 0.25]},
								"up": {"uv": [29, 5], "uv_size": [0.25, 0.5]},
								"down": {"uv": [6, 29.5], "uv_size": [0.25, -0.5]}
							}
						},
						{
							"origin": [-0.10937, 10.64063, -1.625],
							"size": [0.21875, 0.21875, 0.5],
							"pivot": [0, 10.75, 0],
							"rotation": [0, 0, -45],
							"uv": {
								"north": {"uv": [12, 34], "uv_size": [0.25, 0.25]},
								"east": {"uv": [29, 6], "uv_size": [0.5, 0.25]},
								"south": {"uv": [34, 12], "uv_size": [0.25, 0.25]},
								"west": {"uv": [7, 29], "uv_size": [0.5, 0.25]},
								"up": {"uv": [29, 7], "uv_size": [0.25, 0.5]},
								"down": {"uv": [8, 29.5], "uv_size": [0.25, -0.5]}
							}
						},
						{
							"origin": [-0.04687, 11.00135, -2.28847],
							"size": [0.09375, 0.0625, 0.5],
							"pivot": [0, 10.75, 0],
							"rotation": [6.5, 0, -45],
							"uv": {
								"north": {"uv": [13, 34], "uv_size": [0.25, 0.25]},
								"east": {"uv": [29, 8], "uv_size": [0.5, 0.25]},
								"south": {"uv": [34, 13], "uv_size": [0.25, 0.25]},
								"west": {"uv": [9, 29], "uv_size": [0.5, 0.25]},
								"up": {"uv": [29, 9], "uv_size": [0.25, 0.5]},
								"down": {"uv": [10, 29.5], "uv_size": [0.25, -0.5]}
							}
						},
						{
							"origin": [-0.04688, 10.43615, -2.28847],
							"size": [0.09375, 0.0625, 0.5],
							"pivot": [0, 10.75, 0],
							"rotation": [-6.5, 0, -45],
							"uv": {
								"north": {"uv": [14, 34], "uv_size": [0.25, 0.25]},
								"east": {"uv": [29, 10], "uv_size": [0.5, 0.25]},
								"south": {"uv": [34, 14], "uv_size": [0.25, 0.25]},
								"west": {"uv": [11, 29], "uv_size": [0.5, 0.25]},
								"up": {"uv": [29, 11], "uv_size": [0.25, 0.5]},
								"down": {"uv": [12, 29.5], "uv_size": [0.25, -0.5]}
							}
						},
						{
							"origin": [-0.04688, 11.00135, -2.28847],
							"size": [0.09375, 0.0625, 0.5],
							"pivot": [0, 10.75, 0],
							"rotation": [6.5, 0, 45],
							"uv": {
								"north": {"uv": [15, 34], "uv_size": [0.25, 0.25]},
								"east": {"uv": [29, 12], "uv_size": [0.5, 0.25]},
								"south": {"uv": [34, 15], "uv_size": [0.25, 0.25]},
								"west": {"uv": [13, 29], "uv_size": [0.5, 0.25]},
								"up": {"uv": [29, 13], "uv_size": [0.25, 0.5]},
								"down": {"uv": [14, 29.5], "uv_size": [0.25, -0.5]}
							}
						},
						{
							"origin": [-0.04687, 10.43615, -2.28847],
							"size": [0.09375, 0.0625, 0.5],
							"pivot": [0, 10.75, 0],
							"rotation": [-6.5, 0, 45],
							"uv": {
								"north": {"uv": [16, 34], "uv_size": [0.25, 0.25]},
								"east": {"uv": [29, 14], "uv_size": [0.5, 0.25]},
								"south": {"uv": [34, 16], "uv_size": [0.25, 0.25]},
								"west": {"uv": [15, 29], "uv_size": [0.5, 0.25]},
								"up": {"uv": [29, 15], "uv_size": [0.25, 0.5]},
								"down": {"uv": [16, 29.5], "uv_size": [0.25, -0.5]}
							}
						},
						{
							"origin": [-0.10937, 10.70313, -1.8125],
							"size": [0.21875, 0.09375, 0.1875],
							"pivot": [0, 10.75, 0],
							"rotation": [0, 0, -45],
							"uv": {
								"north": {"uv": [17, 34], "uv_size": [0.25, 0.25]},
								"east": {"uv": [34, 17], "uv_size": [0.25, 0.25]},
								"south": {"uv": [18, 34], "uv_size": [0.25, 0.25]},
								"west": {"uv": [34, 18], "uv_size": [0.25, 0.25]},
								"up": {"uv": [19, 34], "uv_size": [0.25, 0.25]},
								"down": {"uv": [34, 19.25], "uv_size": [0.25, -0.25]}
							}
						},
						{
							"origin": [-0.04687, 10.64063, -1.8125],
							"size": [0.09375, 0.21875, 0.1875],
							"pivot": [0, 10.75, 0],
							"rotation": [0, 0, -45],
							"uv": {
								"north": {"uv": [20, 34], "uv_size": [0.25, 0.25]},
								"east": {"uv": [34, 20], "uv_size": [0.25, 0.25]},
								"south": {"uv": [21, 34], "uv_size": [0.25, 0.25]},
								"west": {"uv": [34, 21], "uv_size": [0.25, 0.25]},
								"up": {"uv": [22, 34], "uv_size": [0.25, 0.25]},
								"down": {"uv": [34, 22.25], "uv_size": [0.25, -0.25]}
							}
						},
						{
							"origin": [-0.10937, 8.64063, -1.625],
							"size": [0.21875, 0.21875, 0.5],
							"pivot": [0, 8.75, -1.7318],
							"rotation": [3.54002, 3.53329, -44.89078],
							"uv": {
								"north": {"uv": [23, 34], "uv_size": [0.25, 0.25]},
								"east": {"uv": [29, 16], "uv_size": [0.5, 0.25]},
								"south": {"uv": [34, 23], "uv_size": [0.25, 0.25]},
								"west": {"uv": [17, 29], "uv_size": [0.5, 0.25]},
								"up": {"uv": [29, 17], "uv_size": [0.25, 0.5]},
								"down": {"uv": [18, 29.5], "uv_size": [0.25, -0.5]}
							}
						},
						{
							"origin": [-0.04687, 8.80531, -2.2996],
							"size": [0.09375, 0.0625, 0.5],
							"pivot": [0, 8.75, -1.7318],
							"rotation": [10.04002, 3.53329, -44.89078],
							"uv": {
								"north": {"uv": [24, 34], "uv_size": [0.25, 0.25]},
								"east": {"uv": [29, 18], "uv_size": [0.5, 0.25]},
								"south": {"uv": [34, 24], "uv_size": [0.25, 0.25]},
								"west": {"uv": [19, 29], "uv_size": [0.5, 0.25]},
								"up": {"uv": [29, 19], "uv_size": [0.25, 0.5]},
								"down": {"uv": [20, 29.5], "uv_size": [0.25, -0.5]}
							}
						},
						{
							"origin": [-0.04688, 8.63219, -2.2996],
							"size": [0.09375, 0.0625, 0.5],
							"pivot": [0, 8.75, -1.7318],
							"rotation": [-2.95998, 3.53329, -44.89078],
							"uv": {
								"north": {"uv": [25, 34], "uv_size": [0.25, 0.25]},
								"east": {"uv": [29, 20], "uv_size": [0.5, 0.25]},
								"south": {"uv": [34, 25], "uv_size": [0.25, 0.25]},
								"west": {"uv": [21, 29], "uv_size": [0.5, 0.25]},
								"up": {"uv": [29, 21], "uv_size": [0.25, 0.5]},
								"down": {"uv": [22, 29.5], "uv_size": [0.25, -0.5]}
							}
						},
						{
							"origin": [-0.04688, 8.80531, -2.2996],
							"size": [0.09375, 0.0625, 0.5],
							"pivot": [0, 8.75, -1.7318],
							"rotation": [10.04002, -3.53329, 44.89078],
							"uv": {
								"north": {"uv": [26, 34], "uv_size": [0.25, 0.25]},
								"east": {"uv": [29, 22], "uv_size": [0.5, 0.25]},
								"south": {"uv": [34, 26], "uv_size": [0.25, 0.25]},
								"west": {"uv": [23, 29], "uv_size": [0.5, 0.25]},
								"up": {"uv": [29, 23], "uv_size": [0.25, 0.5]},
								"down": {"uv": [24, 29.5], "uv_size": [0.25, -0.5]}
							}
						},
						{
							"origin": [-0.04687, 8.63219, -2.2996],
							"size": [0.09375, 0.0625, 0.5],
							"pivot": [0, 8.75, -1.7318],
							"rotation": [-2.95998, -3.53329, 44.89078],
							"uv": {
								"north": {"uv": [27, 34], "uv_size": [0.25, 0.25]},
								"east": {"uv": [29, 24], "uv_size": [0.5, 0.25]},
								"south": {"uv": [34, 27], "uv_size": [0.25, 0.25]},
								"west": {"uv": [25, 29], "uv_size": [0.5, 0.25]},
								"up": {"uv": [29, 25], "uv_size": [0.25, 0.5]},
								"down": {"uv": [26, 29.5], "uv_size": [0.25, -0.5]}
							}
						},
						{
							"origin": [-0.10937, 8.70313, -1.8125],
							"size": [0.21875, 0.09375, 0.1875],
							"pivot": [0, 8.75, -1.7318],
							"rotation": [3.54002, 3.53329, -44.89078],
							"uv": {
								"north": {"uv": [28, 34], "uv_size": [0.25, 0.25]},
								"east": {"uv": [34, 28], "uv_size": [0.25, 0.25]},
								"south": {"uv": [29, 34], "uv_size": [0.25, 0.25]},
								"west": {"uv": [34, 29], "uv_size": [0.25, 0.25]},
								"up": {"uv": [30, 34], "uv_size": [0.25, 0.25]},
								"down": {"uv": [34, 30.25], "uv_size": [0.25, -0.25]}
							}
						},
						{
							"origin": [-0.04687, 8.64063, -1.8125],
							"size": [0.09375, 0.21875, 0.1875],
							"pivot": [0, 8.75, -1.7318],
							"rotation": [3.54002, 3.53329, -44.89078],
							"uv": {
								"north": {"uv": [31, 34], "uv_size": [0.25, 0.25]},
								"east": {"uv": [34, 31], "uv_size": [0.25, 0.25]},
								"south": {"uv": [32, 34], "uv_size": [0.25, 0.25]},
								"west": {"uv": [34, 32], "uv_size": [0.25, 0.25]},
								"up": {"uv": [33, 34], "uv_size": [0.25, 0.25]},
								"down": {"uv": [34, 33.25], "uv_size": [0.25, -0.25]}
							}
						},
						{
							"origin": [-0.10937, 14.20313, -1.625],
							"size": [0.21875, 0.21875, 0.5],
							"pivot": [0, 14.3125, -1.7318],
							"rotation": [5.31847, 5.29571, -44.75386],
							"uv": {
								"north": {"uv": [34, 34], "uv_size": [0.25, 0.25]},
								"east": {"uv": [29, 26], "uv_size": [0.5, 0.25]},
								"south": {"uv": [0, 35], "uv_size": [0.25, 0.25]},
								"west": {"uv": [27, 29], "uv_size": [0.5, 0.25]},
								"up": {"uv": [29, 27], "uv_size": [0.25, 0.5]},
								"down": {"uv": [28, 29.5], "uv_size": [0.25, -0.5]}
							}
						},
						{
							"origin": [-0.04687, 14.36781, -2.2996],
							"size": [0.09375, 0.0625, 0.5],
							"pivot": [0, 14.3125, -1.7318],
							"rotation": [11.81847, 5.29571, -44.75386],
							"uv": {
								"north": {"uv": [35, 0], "uv_size": [0.25, 0.25]},
								"east": {"uv": [29, 28], "uv_size": [0.5, 0.25]},
								"south": {"uv": [1, 35], "uv_size": [0.25, 0.25]},
								"west": {"uv": [29, 29], "uv_size": [0.5, 0.25]},
								"up": {"uv": [0, 30], "uv_size": [0.25, 0.5]},
								"down": {"uv": [30, 0.5], "uv_size": [0.25, -0.5]}
							}
						},
						{
							"origin": [-0.04688, 14.19469, -2.2996],
							"size": [0.09375, 0.0625, 0.5],
							"pivot": [0, 14.3125, -1.7318],
							"rotation": [-1.18153, 5.29571, -44.75386],
							"uv": {
								"north": {"uv": [35, 1], "uv_size": [0.25, 0.25]},
								"east": {"uv": [1, 30], "uv_size": [0.5, 0.25]},
								"south": {"uv": [2, 35], "uv_size": [0.25, 0.25]},
								"west": {"uv": [30, 1], "uv_size": [0.5, 0.25]},
								"up": {"uv": [2, 30], "uv_size": [0.25, 0.5]},
								"down": {"uv": [30, 2.5], "uv_size": [0.25, -0.5]}
							}
						},
						{
							"origin": [-0.04688, 14.36781, -2.2996],
							"size": [0.09375, 0.0625, 0.5],
							"pivot": [0, 14.3125, -1.7318],
							"rotation": [11.81847, -5.29571, 44.75386],
							"uv": {
								"north": {"uv": [35, 2], "uv_size": [0.25, 0.25]},
								"east": {"uv": [3, 30], "uv_size": [0.5, 0.25]},
								"south": {"uv": [3, 35], "uv_size": [0.25, 0.25]},
								"west": {"uv": [30, 3], "uv_size": [0.5, 0.25]},
								"up": {"uv": [4, 30], "uv_size": [0.25, 0.5]},
								"down": {"uv": [30, 4.5], "uv_size": [0.25, -0.5]}
							}
						},
						{
							"origin": [-0.04687, 14.19469, -2.2996],
							"size": [0.09375, 0.0625, 0.5],
							"pivot": [0, 14.3125, -1.7318],
							"rotation": [-1.18153, -5.29571, 44.75386],
							"uv": {
								"north": {"uv": [35, 3], "uv_size": [0.25, 0.25]},
								"east": {"uv": [5, 30], "uv_size": [0.5, 0.25]},
								"south": {"uv": [4, 35], "uv_size": [0.25, 0.25]},
								"west": {"uv": [30, 5], "uv_size": [0.5, 0.25]},
								"up": {"uv": [6, 30], "uv_size": [0.25, 0.5]},
								"down": {"uv": [30, 6.5], "uv_size": [0.25, -0.5]}
							}
						},
						{
							"origin": [-0.10937, 14.26563, -1.8125],
							"size": [0.21875, 0.09375, 0.1875],
							"pivot": [0, 14.3125, -1.7318],
							"rotation": [5.31847, 5.29571, -44.75386],
							"uv": {
								"north": {"uv": [35, 4], "uv_size": [0.25, 0.25]},
								"east": {"uv": [5, 35], "uv_size": [0.25, 0.25]},
								"south": {"uv": [35, 5], "uv_size": [0.25, 0.25]},
								"west": {"uv": [6, 35], "uv_size": [0.25, 0.25]},
								"up": {"uv": [35, 6], "uv_size": [0.25, 0.25]},
								"down": {"uv": [7, 35.25], "uv_size": [0.25, -0.25]}
							}
						},
						{
							"origin": [-0.04687, 14.20313, -1.8125],
							"size": [0.09375, 0.21875, 0.1875],
							"pivot": [0, 14.3125, -1.7318],
							"rotation": [5.31847, 5.29571, -44.75386],
							"uv": {
								"north": {"uv": [35, 7], "uv_size": [0.25, 0.25]},
								"east": {"uv": [8, 35], "uv_size": [0.25, 0.25]},
								"south": {"uv": [35, 8], "uv_size": [0.25, 0.25]},
								"west": {"uv": [9, 35], "uv_size": [0.25, 0.25]},
								"up": {"uv": [35, 9], "uv_size": [0.25, 0.25]},
								"down": {"uv": [10, 35.25], "uv_size": [0.25, -0.25]}
							}
						},
						{
							"origin": [-0.04687, 10.64063, 1.625],
							"size": [0.09375, 0.21875, 0.1875],
							"pivot": [0, 10.75, 0],
							"rotation": [0, 0, -45],
							"uv": {
								"north": {"uv": [35, 10], "uv_size": [0.25, 0.25]},
								"east": {"uv": [11, 35], "uv_size": [0.25, 0.25]},
								"south": {"uv": [35, 11], "uv_size": [0.25, 0.25]},
								"west": {"uv": [12, 35], "uv_size": [0.25, 0.25]},
								"up": {"uv": [35, 12], "uv_size": [0.25, 0.25]},
								"down": {"uv": [13, 35.25], "uv_size": [0.25, -0.25]}
							}
						},
						{
							"origin": [-0.10937, 10.70313, 1.625],
							"size": [0.21875, 0.09375, 0.1875],
							"pivot": [0, 10.75, 0],
							"rotation": [0, 0, -45],
							"uv": {
								"north": {"uv": [35, 13], "uv_size": [0.25, 0.25]},
								"east": {"uv": [14, 35], "uv_size": [0.25, 0.25]},
								"south": {"uv": [35, 14], "uv_size": [0.25, 0.25]},
								"west": {"uv": [15, 35], "uv_size": [0.25, 0.25]},
								"up": {"uv": [35, 15], "uv_size": [0.25, 0.25]},
								"down": {"uv": [16, 35.25], "uv_size": [0.25, -0.25]}
							}
						},
						{
							"origin": [-0.04687, 10.43615, 1.78847],
							"size": [0.09375, 0.0625, 0.5],
							"pivot": [0, 10.75, 0],
							"rotation": [6.5, 0, 45],
							"uv": {
								"north": {"uv": [35, 16], "uv_size": [0.25, 0.25]},
								"east": {"uv": [7, 30], "uv_size": [0.5, 0.25]},
								"south": {"uv": [17, 35], "uv_size": [0.25, 0.25]},
								"west": {"uv": [30, 7], "uv_size": [0.5, 0.25]},
								"up": {"uv": [8, 30], "uv_size": [0.25, 0.5]},
								"down": {"uv": [30, 8.5], "uv_size": [0.25, -0.5]}
							}
						},
						{
							"origin": [-0.04688, 11.00135, 1.78847],
							"size": [0.09375, 0.0625, 0.5],
							"pivot": [0, 10.75, 0],
							"rotation": [-6.5, 0, 45],
							"uv": {
								"north": {"uv": [35, 17], "uv_size": [0.25, 0.25]},
								"east": {"uv": [9, 30], "uv_size": [0.5, 0.25]},
								"south": {"uv": [18, 35], "uv_size": [0.25, 0.25]},
								"west": {"uv": [30, 9], "uv_size": [0.5, 0.25]},
								"up": {"uv": [10, 30], "uv_size": [0.25, 0.5]},
								"down": {"uv": [30, 10.5], "uv_size": [0.25, -0.5]}
							}
						},
						{
							"origin": [-0.04688, 10.43615, 1.78847],
							"size": [0.09375, 0.0625, 0.5],
							"pivot": [0, 10.75, 0],
							"rotation": [6.5, 0, -45],
							"uv": {
								"north": {"uv": [35, 18], "uv_size": [0.25, 0.25]},
								"east": {"uv": [11, 30], "uv_size": [0.5, 0.25]},
								"south": {"uv": [19, 35], "uv_size": [0.25, 0.25]},
								"west": {"uv": [30, 11], "uv_size": [0.5, 0.25]},
								"up": {"uv": [12, 30], "uv_size": [0.25, 0.5]},
								"down": {"uv": [30, 12.5], "uv_size": [0.25, -0.5]}
							}
						},
						{
							"origin": [-0.04687, 11.00135, 1.78847],
							"size": [0.09375, 0.0625, 0.5],
							"pivot": [0, 10.75, 0],
							"rotation": [-6.5, 0, -45],
							"uv": {
								"north": {"uv": [35, 19], "uv_size": [0.25, 0.25]},
								"east": {"uv": [13, 30], "uv_size": [0.5, 0.25]},
								"south": {"uv": [20, 35], "uv_size": [0.25, 0.25]},
								"west": {"uv": [30, 13], "uv_size": [0.5, 0.25]},
								"up": {"uv": [14, 30], "uv_size": [0.25, 0.5]},
								"down": {"uv": [30, 14.5], "uv_size": [0.25, -0.5]}
							}
						},
						{
							"origin": [-0.10937, 10.64063, 1.1875],
							"size": [0.21875, 0.21875, 0.4375],
							"pivot": [0, 10.75, 0],
							"rotation": [0, 0, -45],
							"uv": {
								"north": {"uv": [35, 20], "uv_size": [0.25, 0.25]},
								"east": {"uv": [15, 30], "uv_size": [0.5, 0.25]},
								"south": {"uv": [21, 35], "uv_size": [0.25, 0.25]},
								"west": {"uv": [30, 15], "uv_size": [0.5, 0.25]},
								"up": {"uv": [16, 30], "uv_size": [0.25, 0.5]},
								"down": {"uv": [30, 16.5], "uv_size": [0.25, -0.5]}
							}
						},
						{
							"origin": [-0.10937, 9.57813, 1.1875],
							"size": [0.21875, 0.21875, 0.4375],
							"pivot": [0, 9.6875, 0],
							"rotation": [-90, 45, -90],
							"uv": {
								"north": {"uv": [35, 21], "uv_size": [0.25, 0.25]},
								"east": {"uv": [17, 30], "uv_size": [0.5, 0.25]},
								"south": {"uv": [22, 35], "uv_size": [0.25, 0.25]},
								"west": {"uv": [30, 17], "uv_size": [0.5, 0.25]},
								"up": {"uv": [18, 30], "uv_size": [0.25, 0.5]},
								"down": {"uv": [30, 18.5], "uv_size": [0.25, -0.5]}
							}
						},
						{
							"origin": [-0.04687, 9.93885, 1.78847],
							"size": [0.09375, 0.0625, 0.5],
							"pivot": [0, 9.6875, 0],
							"rotation": [-96.5, 45, -90],
							"uv": {
								"north": {"uv": [35, 22], "uv_size": [0.25, 0.25]},
								"east": {"uv": [19, 30], "uv_size": [0.5, 0.25]},
								"south": {"uv": [23, 35], "uv_size": [0.25, 0.25]},
								"west": {"uv": [30, 19], "uv_size": [0.5, 0.25]},
								"up": {"uv": [20, 30], "uv_size": [0.25, 0.5]},
								"down": {"uv": [30, 20.5], "uv_size": [0.25, -0.5]}
							}
						},
						{
							"origin": [-0.04688, 9.37365, 1.78847],
							"size": [0.09375, 0.0625, 0.5],
							"pivot": [0, 9.6875, 0],
							"rotation": [-83.5, 45, -90],
							"uv": {
								"north": {"uv": [35, 23], "uv_size": [0.25, 0.25]},
								"east": {"uv": [21, 30], "uv_size": [0.5, 0.25]},
								"south": {"uv": [24, 35], "uv_size": [0.25, 0.25]},
								"west": {"uv": [30, 21], "uv_size": [0.5, 0.25]},
								"up": {"uv": [22, 30], "uv_size": [0.25, 0.5]},
								"down": {"uv": [30, 22.5], "uv_size": [0.25, -0.5]}
							}
						},
						{
							"origin": [-0.04688, 9.93885, 1.78847],
							"size": [0.09375, 0.0625, 0.5],
							"pivot": [0, 9.6875, 0],
							"rotation": [83.5, 45, 90],
							"uv": {
								"north": {"uv": [35, 24], "uv_size": [0.25, 0.25]},
								"east": {"uv": [23, 30], "uv_size": [0.5, 0.25]},
								"south": {"uv": [25, 35], "uv_size": [0.25, 0.25]},
								"west": {"uv": [30, 23], "uv_size": [0.5, 0.25]},
								"up": {"uv": [24, 30], "uv_size": [0.25, 0.5]},
								"down": {"uv": [30, 24.5], "uv_size": [0.25, -0.5]}
							}
						},
						{
							"origin": [-0.04687, 9.37365, 1.78847],
							"size": [0.09375, 0.0625, 0.5],
							"pivot": [0, 9.6875, 0],
							"rotation": [96.5, 45, 90],
							"uv": {
								"north": {"uv": [35, 25], "uv_size": [0.25, 0.25]},
								"east": {"uv": [25, 30], "uv_size": [0.5, 0.25]},
								"south": {"uv": [26, 35], "uv_size": [0.25, 0.25]},
								"west": {"uv": [30, 25], "uv_size": [0.5, 0.25]},
								"up": {"uv": [26, 30], "uv_size": [0.25, 0.5]},
								"down": {"uv": [30, 26.5], "uv_size": [0.25, -0.5]}
							}
						},
						{
							"origin": [-0.10937, 9.64063, 1.625],
							"size": [0.21875, 0.09375, 0.1875],
							"pivot": [0, 9.6875, 0],
							"rotation": [-90, 45, -90],
							"uv": {
								"north": {"uv": [35, 26], "uv_size": [0.25, 0.25]},
								"east": {"uv": [27, 35], "uv_size": [0.25, 0.25]},
								"south": {"uv": [35, 27], "uv_size": [0.25, 0.25]},
								"west": {"uv": [28, 35], "uv_size": [0.25, 0.25]},
								"up": {"uv": [35, 28], "uv_size": [0.25, 0.25]},
								"down": {"uv": [29, 35.25], "uv_size": [0.25, -0.25]}
							}
						},
						{
							"origin": [-0.04687, 9.57813, 1.625],
							"size": [0.09375, 0.21875, 0.1875],
							"pivot": [0, 9.6875, 0],
							"rotation": [-90, 45, -90],
							"uv": {
								"north": {"uv": [35, 29], "uv_size": [0.25, 0.25]},
								"east": {"uv": [30, 35], "uv_size": [0.25, 0.25]},
								"south": {"uv": [35, 30], "uv_size": [0.25, 0.25]},
								"west": {"uv": [31, 35], "uv_size": [0.25, 0.25]},
								"up": {"uv": [35, 31], "uv_size": [0.25, 0.25]},
								"down": {"uv": [32, 35.25], "uv_size": [0.25, -0.25]}
							}
						},
						{
							"origin": [-1.76305, 9.57813, -0.09632],
							"size": [0.09375, 0.21875, 0.1875],
							"pivot": [-1.71618, 9.6875, 0],
							"rotation": [-90, 45, -95],
							"uv": {
								"north": {"uv": [35, 32], "uv_size": [0.25, 0.25]},
								"east": {"uv": [33, 35], "uv_size": [0.25, 0.25]},
								"south": {"uv": [35, 33], "uv_size": [0.25, 0.25]},
								"west": {"uv": [34, 35], "uv_size": [0.25, 0.25]},
								"up": {"uv": [35, 34], "uv_size": [0.25, 0.25]},
								"down": {"uv": [35, 35.25], "uv_size": [0.25, -0.25]}
							}
						},
						{
							"origin": [-1.82555, 9.64063, -0.09632],
							"size": [0.21875, 0.09375, 0.1875],
							"pivot": [-1.71618, 9.6875, 0],
							"rotation": [-90, 45, -95],
							"uv": {
								"north": {"uv": [0, 36], "uv_size": [0.25, 0.25]},
								"east": {"uv": [36, 0], "uv_size": [0.25, 0.25]},
								"south": {"uv": [1, 36], "uv_size": [0.25, 0.25]},
								"west": {"uv": [36, 1], "uv_size": [0.25, 0.25]},
								"up": {"uv": [2, 36], "uv_size": [0.25, 0.25]},
								"down": {"uv": [36, 2.25], "uv_size": [0.25, -0.25]}
							}
						},
						{
							"origin": [-1.76305, 9.56792, -0.58332],
							"size": [0.09375, 0.0625, 0.5],
							"pivot": [-1.71618, 9.6875, 0],
							"rotation": [83.5, 45, 85],
							"uv": {
								"north": {"uv": [3, 36], "uv_size": [0.25, 0.25]},
								"east": {"uv": [27, 30], "uv_size": [0.5, 0.25]},
								"south": {"uv": [36, 3], "uv_size": [0.25, 0.25]},
								"west": {"uv": [30, 27], "uv_size": [0.5, 0.25]},
								"up": {"uv": [28, 30], "uv_size": [0.25, 0.5]},
								"down": {"uv": [30, 28.5], "uv_size": [0.25, -0.5]}
							}
						},
						{
							"origin": [-1.76305, 9.74458, -0.58332],
							"size": [0.09375, 0.0625, 0.5],
							"pivot": [-1.71618, 9.6875, 0],
							"rotation": [96.5, 45, 85],
							"uv": {
								"north": {"uv": [4, 36], "uv_size": [0.25, 0.25]},
								"east": {"uv": [29, 30], "uv_size": [0.5, 0.25]},
								"south": {"uv": [36, 4], "uv_size": [0.25, 0.25]},
								"west": {"uv": [30, 29], "uv_size": [0.5, 0.25]},
								"up": {"uv": [30, 30], "uv_size": [0.25, 0.5]},
								"down": {"uv": [0, 31.5], "uv_size": [0.25, -0.5]}
							}
						},
						{
							"origin": [-1.76305, 9.56792, -0.58332],
							"size": [0.09375, 0.0625, 0.5],
							"pivot": [-1.71618, 9.6875, 0],
							"rotation": [-96.5, 45, -95],
							"uv": {
								"north": {"uv": [5, 36], "uv_size": [0.25, 0.25]},
								"east": {"uv": [31, 0], "uv_size": [0.5, 0.25]},
								"south": {"uv": [36, 5], "uv_size": [0.25, 0.25]},
								"west": {"uv": [1, 31], "uv_size": [0.5, 0.25]},
								"up": {"uv": [31, 1], "uv_size": [0.25, 0.5]},
								"down": {"uv": [2, 31.5], "uv_size": [0.25, -0.5]}
							}
						},
						{
							"origin": [-1.76305, 9.74458, -0.58332],
							"size": [0.09375, 0.0625, 0.5],
							"pivot": [-1.71618, 9.6875, 0],
							"rotation": [-83.5, 45, -95],
							"uv": {
								"north": {"uv": [6, 36], "uv_size": [0.25, 0.25]},
								"east": {"uv": [31, 2], "uv_size": [0.5, 0.25]},
								"south": {"uv": [36, 6], "uv_size": [0.25, 0.25]},
								"west": {"uv": [3, 31], "uv_size": [0.5, 0.25]},
								"up": {"uv": [31, 3], "uv_size": [0.25, 0.5]},
								"down": {"uv": [4, 31.5], "uv_size": [0.25, -0.5]}
							}
						},
						{
							"origin": [-1.82555, 9.57813, 0.09118],
							"size": [0.21875, 0.21875, 0.5],
							"pivot": [-1.71618, 9.6875, 0],
							"rotation": [-90, 45, -95],
							"uv": {
								"north": {"uv": [7, 36], "uv_size": [0.25, 0.25]},
								"east": {"uv": [31, 4], "uv_size": [0.5, 0.25]},
								"south": {"uv": [36, 7], "uv_size": [0.25, 0.25]},
								"west": {"uv": [5, 31], "uv_size": [0.5, 0.25]},
								"up": {"uv": [31, 5], "uv_size": [0.25, 0.5]},
								"down": {"uv": [6, 31.5], "uv_size": [0.25, -0.5]}
							}
						},
						{
							"origin": [-0.10937, 11.45313, 1.1875],
							"size": [0.21875, 0.21875, 0.4375],
							"pivot": [0, 11.5625, 0],
							"rotation": [-90, 45, -90],
							"uv": {
								"north": {"uv": [8, 36], "uv_size": [0.25, 0.25]},
								"east": {"uv": [31, 6], "uv_size": [0.5, 0.25]},
								"south": {"uv": [36, 8], "uv_size": [0.25, 0.25]},
								"west": {"uv": [7, 31], "uv_size": [0.5, 0.25]},
								"up": {"uv": [31, 7], "uv_size": [0.25, 0.5]},
								"down": {"uv": [8, 31.5], "uv_size": [0.25, -0.5]}
							}
						},
						{
							"origin": [-0.04687, 11.81385, 1.78847],
							"size": [0.09375, 0.0625, 0.5],
							"pivot": [0, 11.5625, 0],
							"rotation": [-96.5, 45, -90],
							"uv": {
								"north": {"uv": [9, 36], "uv_size": [0.25, 0.25]},
								"east": {"uv": [31, 8], "uv_size": [0.5, 0.25]},
								"south": {"uv": [36, 9], "uv_size": [0.25, 0.25]},
								"west": {"uv": [9, 31], "uv_size": [0.5, 0.25]},
								"up": {"uv": [31, 9], "uv_size": [0.25, 0.5]},
								"down": {"uv": [10, 31.5], "uv_size": [0.25, -0.5]}
							}
						},
						{
							"origin": [-0.04688, 11.24865, 1.78847],
							"size": [0.09375, 0.0625, 0.5],
							"pivot": [0, 11.5625, 0],
							"rotation": [-83.5, 45, -90],
							"uv": {
								"north": {"uv": [10, 36], "uv_size": [0.25, 0.25]},
								"east": {"uv": [31, 10], "uv_size": [0.5, 0.25]},
								"south": {"uv": [36, 10], "uv_size": [0.25, 0.25]},
								"west": {"uv": [11, 31], "uv_size": [0.5, 0.25]},
								"up": {"uv": [31, 11], "uv_size": [0.25, 0.5]},
								"down": {"uv": [12, 31.5], "uv_size": [0.25, -0.5]}
							}
						},
						{
							"origin": [-0.04688, 11.81385, 1.78847],
							"size": [0.09375, 0.0625, 0.5],
							"pivot": [0, 11.5625, 0],
							"rotation": [83.5, 45, 90],
							"uv": {
								"north": {"uv": [11, 36], "uv_size": [0.25, 0.25]},
								"east": {"uv": [31, 12], "uv_size": [0.5, 0.25]},
								"south": {"uv": [36, 11], "uv_size": [0.25, 0.25]},
								"west": {"uv": [13, 31], "uv_size": [0.5, 0.25]},
								"up": {"uv": [31, 13], "uv_size": [0.25, 0.5]},
								"down": {"uv": [14, 31.5], "uv_size": [0.25, -0.5]}
							}
						},
						{
							"origin": [-0.04687, 11.24865, 1.78847],
							"size": [0.09375, 0.0625, 0.5],
							"pivot": [0, 11.5625, 0],
							"rotation": [96.5, 45, 90],
							"uv": {
								"north": {"uv": [12, 36], "uv_size": [0.25, 0.25]},
								"east": {"uv": [31, 14], "uv_size": [0.5, 0.25]},
								"south": {"uv": [36, 12], "uv_size": [0.25, 0.25]},
								"west": {"uv": [15, 31], "uv_size": [0.5, 0.25]},
								"up": {"uv": [31, 15], "uv_size": [0.25, 0.5]},
								"down": {"uv": [16, 31.5], "uv_size": [0.25, -0.5]}
							}
						},
						{
							"origin": [-0.10937, 11.51563, 1.625],
							"size": [0.21875, 0.09375, 0.1875],
							"pivot": [0, 11.5625, 0],
							"rotation": [-90, 45, -90],
							"uv": {
								"north": {"uv": [13, 36], "uv_size": [0.25, 0.25]},
								"east": {"uv": [36, 13], "uv_size": [0.25, 0.25]},
								"south": {"uv": [14, 36], "uv_size": [0.25, 0.25]},
								"west": {"uv": [36, 14], "uv_size": [0.25, 0.25]},
								"up": {"uv": [15, 36], "uv_size": [0.25, 0.25]},
								"down": {"uv": [36, 15.25], "uv_size": [0.25, -0.25]}
							}
						},
						{
							"origin": [-0.04687, 11.45313, 1.625],
							"size": [0.09375, 0.21875, 0.1875],
							"pivot": [0, 11.5625, 0],
							"rotation": [-90, 45, -90],
							"uv": {
								"north": {"uv": [16, 36], "uv_size": [0.25, 0.25]},
								"east": {"uv": [36, 16], "uv_size": [0.25, 0.25]},
								"south": {"uv": [17, 36], "uv_size": [0.25, 0.25]},
								"west": {"uv": [36, 17], "uv_size": [0.25, 0.25]},
								"up": {"uv": [18, 36], "uv_size": [0.25, 0.25]},
								"down": {"uv": [36, 18.25], "uv_size": [0.25, -0.25]}
							}
						},
						{
							"origin": [-1.76305, 11.45313, -0.09632],
							"size": [0.09375, 0.21875, 0.1875],
							"pivot": [-1.71618, 11.5625, 0],
							"rotation": [-90, 45, -87.5],
							"uv": {
								"north": {"uv": [19, 36], "uv_size": [0.25, 0.25]},
								"east": {"uv": [36, 19], "uv_size": [0.25, 0.25]},
								"south": {"uv": [20, 36], "uv_size": [0.25, 0.25]},
								"west": {"uv": [36, 20], "uv_size": [0.25, 0.25]},
								"up": {"uv": [21, 36], "uv_size": [0.25, 0.25]},
								"down": {"uv": [36, 21.25], "uv_size": [0.25, -0.25]}
							}
						},
						{
							"origin": [-1.82555, 11.51563, -0.09632],
							"size": [0.21875, 0.09375, 0.1875],
							"pivot": [-1.71618, 11.5625, 0],
							"rotation": [-90, 45, -87.5],
							"uv": {
								"north": {"uv": [22, 36], "uv_size": [0.25, 0.25]},
								"east": {"uv": [36, 22], "uv_size": [0.25, 0.25]},
								"south": {"uv": [23, 36], "uv_size": [0.25, 0.25]},
								"west": {"uv": [36, 23], "uv_size": [0.25, 0.25]},
								"up": {"uv": [24, 36], "uv_size": [0.25, 0.25]},
								"down": {"uv": [36, 24.25], "uv_size": [0.25, -0.25]}
							}
						},
						{
							"origin": [-1.76305, 11.44292, -0.58332],
							"size": [0.09375, 0.0625, 0.5],
							"pivot": [-1.71618, 11.5625, 0],
							"rotation": [83.5, 45, 92.5],
							"uv": {
								"north": {"uv": [25, 36], "uv_size": [0.25, 0.25]},
								"east": {"uv": [31, 16], "uv_size": [0.5, 0.25]},
								"south": {"uv": [36, 25], "uv_size": [0.25, 0.25]},
								"west": {"uv": [17, 31], "uv_size": [0.5, 0.25]},
								"up": {"uv": [31, 17], "uv_size": [0.25, 0.5]},
								"down": {"uv": [18, 31.5], "uv_size": [0.25, -0.5]}
							}
						},
						{
							"origin": [-1.76305, 11.61958, -0.58332],
							"size": [0.09375, 0.0625, 0.5],
							"pivot": [-1.71618, 11.5625, 0],
							"rotation": [96.5, 45, 92.5],
							"uv": {
								"north": {"uv": [26, 36], "uv_size": [0.25, 0.25]},
								"east": {"uv": [31, 18], "uv_size": [0.5, 0.25]},
								"south": {"uv": [36, 26], "uv_size": [0.25, 0.25]},
								"west": {"uv": [19, 31], "uv_size": [0.5, 0.25]},
								"up": {"uv": [31, 19], "uv_size": [0.25, 0.5]},
								"down": {"uv": [20, 31.5], "uv_size": [0.25, -0.5]}
							}
						},
						{
							"origin": [-1.76305, 11.44292, -0.58332],
							"size": [0.09375, 0.0625, 0.5],
							"pivot": [-1.71618, 11.5625, 0],
							"rotation": [-96.5, 45, -87.5],
							"uv": {
								"north": {"uv": [27, 36], "uv_size": [0.25, 0.25]},
								"east": {"uv": [31, 20], "uv_size": [0.5, 0.25]},
								"south": {"uv": [36, 27], "uv_size": [0.25, 0.25]},
								"west": {"uv": [21, 31], "uv_size": [0.5, 0.25]},
								"up": {"uv": [31, 21], "uv_size": [0.25, 0.5]},
								"down": {"uv": [22, 31.5], "uv_size": [0.25, -0.5]}
							}
						},
						{
							"origin": [-1.76305, 11.61958, -0.58332],
							"size": [0.09375, 0.0625, 0.5],
							"pivot": [-1.71618, 11.5625, 0],
							"rotation": [-83.5, 45, -87.5],
							"uv": {
								"north": {"uv": [28, 36], "uv_size": [0.25, 0.25]},
								"east": {"uv": [31, 22], "uv_size": [0.5, 0.25]},
								"south": {"uv": [36, 28], "uv_size": [0.25, 0.25]},
								"west": {"uv": [23, 31], "uv_size": [0.5, 0.25]},
								"up": {"uv": [31, 23], "uv_size": [0.25, 0.5]},
								"down": {"uv": [24, 31.5], "uv_size": [0.25, -0.5]}
							}
						},
						{
							"origin": [-1.82555, 11.45313, 0.09118],
							"size": [0.21875, 0.21875, 0.5],
							"pivot": [-1.71618, 11.5625, 0],
							"rotation": [-90, 45, -87.5],
							"uv": {
								"north": {"uv": [29, 36], "uv_size": [0.25, 0.25]},
								"east": {"uv": [31, 24], "uv_size": [0.5, 0.25]},
								"south": {"uv": [36, 29], "uv_size": [0.25, 0.25]},
								"west": {"uv": [25, 31], "uv_size": [0.5, 0.25]},
								"up": {"uv": [31, 25], "uv_size": [0.25, 0.5]},
								"down": {"uv": [26, 31.5], "uv_size": [0.25, -0.5]}
							}
						},
						{
							"origin": [1.62243, 13.39062, -0.5443],
							"size": [0.21875, 0.21875, 0.4375],
							"pivot": [1.7318, 13.5, 0],
							"rotation": [-90, 45, -92.5],
							"uv": {
								"north": {"uv": [30, 36], "uv_size": [0.25, 0.25]},
								"east": {"uv": [31, 26], "uv_size": [0.5, 0.25]},
								"south": {"uv": [36, 30], "uv_size": [0.25, 0.25]},
								"west": {"uv": [27, 31], "uv_size": [0.5, 0.25]},
								"up": {"uv": [31, 27], "uv_size": [0.25, 0.5]},
								"down": {"uv": [28, 31.5], "uv_size": [0.25, -0.5]}
							}
						},
						{
							"origin": [1.68493, 13.55531, 0.0678],
							"size": [0.09375, 0.0625, 0.5],
							"pivot": [1.7318, 13.5, 0],
							"rotation": [-96.5, 45, -92.5],
							"uv": {
								"north": {"uv": [31, 36], "uv_size": [0.25, 0.25]},
								"east": {"uv": [31, 28], "uv_size": [0.5, 0.25]},
								"south": {"uv": [36, 31], "uv_size": [0.25, 0.25]},
								"west": {"uv": [29, 31], "uv_size": [0.5, 0.25]},
								"up": {"uv": [31, 29], "uv_size": [0.25, 0.5]},
								"down": {"uv": [30, 31.5], "uv_size": [0.25, -0.5]}
							}
						},
						{
							"origin": [1.68493, 13.38219, 0.0678],
							"size": [0.09375, 0.0625, 0.5],
							"pivot": [1.7318, 13.5, 0],
							"rotation": [-83.5, 45, -92.5],
							"uv": {
								"north": {"uv": [32, 36], "uv_size": [0.25, 0.25]},
								"east": {"uv": [31, 30], "uv_size": [0.5, 0.25]},
								"south": {"uv": [36, 32], "uv_size": [0.25, 0.25]},
								"west": {"uv": [31, 31], "uv_size": [0.5, 0.25]},
								"up": {"uv": [0, 32], "uv_size": [0.25, 0.5]},
								"down": {"uv": [32, 0.5], "uv_size": [0.25, -0.5]}
							}
						},
						{
							"origin": [1.68493, 13.55531, 0.0678],
							"size": [0.09375, 0.0625, 0.5],
							"pivot": [1.7318, 13.5, 0],
							"rotation": [83.5, 45, 87.5],
							"uv": {
								"north": {"uv": [33, 36], "uv_size": [0.25, 0.25]},
								"east": {"uv": [1, 32], "uv_size": [0.5, 0.25]},
								"south": {"uv": [36, 33], "uv_size": [0.25, 0.25]},
								"west": {"uv": [32, 1], "uv_size": [0.5, 0.25]},
								"up": {"uv": [2, 32], "uv_size": [0.25, 0.5]},
								"down": {"uv": [32, 2.5], "uv_size": [0.25, -0.5]}
							}
						},
						{
							"origin": [1.68493, 13.38219, 0.0678],
							"size": [0.09375, 0.0625, 0.5],
							"pivot": [1.7318, 13.5, 0],
							"rotation": [96.5, 45, 87.5],
							"uv": {
								"north": {"uv": [34, 36], "uv_size": [0.25, 0.25]},
								"east": {"uv": [3, 32], "uv_size": [0.5, 0.25]},
								"south": {"uv": [36, 34], "uv_size": [0.25, 0.25]},
								"west": {"uv": [32, 3], "uv_size": [0.5, 0.25]},
								"up": {"uv": [4, 32], "uv_size": [0.25, 0.5]},
								"down": {"uv": [32, 4.5], "uv_size": [0.25, -0.5]}
							}
						},
						{
							"origin": [1.62243, 13.45312, -0.1068],
							"size": [0.21875, 0.09375, 0.1875],
							"pivot": [1.7318, 13.5, 0],
							"rotation": [-90, 45, -92.5],
							"uv": {
								"north": {"uv": [35, 36], "uv_size": [0.25, 0.25]},
								"east": {"uv": [36, 35], "uv_size": [0.25, 0.25]},
								"south": {"uv": [36, 36], "uv_size": [0.25, 0.25]},
								"west": {"uv": [0, 37], "uv_size": [0.25, 0.25]},
								"up": {"uv": [37, 0], "uv_size": [0.25, 0.25]},
								"down": {"uv": [1, 37.25], "uv_size": [0.25, -0.25]}
							}
						},
						{
							"origin": [1.68493, 13.39062, -0.1068],
							"size": [0.09375, 0.21875, 0.1875],
							"pivot": [1.7318, 13.5, 0],
							"rotation": [-90, 45, -92.5],
							"uv": {
								"north": {"uv": [37, 1], "uv_size": [0.25, 0.25]},
								"east": {"uv": [2, 37], "uv_size": [0.25, 0.25]},
								"south": {"uv": [37, 2], "uv_size": [0.25, 0.25]},
								"west": {"uv": [3, 37], "uv_size": [0.25, 0.25]},
								"up": {"uv": [37, 3], "uv_size": [0.25, 0.25]},
								"down": {"uv": [4, 37.25], "uv_size": [0.25, -0.25]}
							}
						},
						{
							"origin": [-0.04687, 13.39063, -1.8125],
							"size": [0.09375, 0.21875, 0.1875],
							"pivot": [0, 13.5, 0],
							"rotation": [-90, 45, -90],
							"uv": {
								"north": {"uv": [37, 4], "uv_size": [0.25, 0.25]},
								"east": {"uv": [5, 37], "uv_size": [0.25, 0.25]},
								"south": {"uv": [37, 5], "uv_size": [0.25, 0.25]},
								"west": {"uv": [6, 37], "uv_size": [0.25, 0.25]},
								"up": {"uv": [37, 6], "uv_size": [0.25, 0.25]},
								"down": {"uv": [7, 37.25], "uv_size": [0.25, -0.25]}
							}
						},
						{
							"origin": [-0.10937, 13.45313, -1.8125],
							"size": [0.21875, 0.09375, 0.1875],
							"pivot": [0, 13.5, 0],
							"rotation": [-90, 45, -90],
							"uv": {
								"north": {"uv": [37, 7], "uv_size": [0.25, 0.25]},
								"east": {"uv": [8, 37], "uv_size": [0.25, 0.25]},
								"south": {"uv": [37, 8], "uv_size": [0.25, 0.25]},
								"west": {"uv": [9, 37], "uv_size": [0.25, 0.25]},
								"up": {"uv": [37, 9], "uv_size": [0.25, 0.25]},
								"down": {"uv": [10, 37.25], "uv_size": [0.25, -0.25]}
							}
						},
						{
							"origin": [-0.04687, 13.18615, -2.28847],
							"size": [0.09375, 0.0625, 0.5],
							"pivot": [0, 13.5, 0],
							"rotation": [83.5, 45, 90],
							"uv": {
								"north": {"uv": [37, 10], "uv_size": [0.25, 0.25]},
								"east": {"uv": [5, 32], "uv_size": [0.5, 0.25]},
								"south": {"uv": [11, 37], "uv_size": [0.25, 0.25]},
								"west": {"uv": [32, 5], "uv_size": [0.5, 0.25]},
								"up": {"uv": [6, 32], "uv_size": [0.25, 0.5]},
								"down": {"uv": [32, 6.5], "uv_size": [0.25, -0.5]}
							}
						},
						{
							"origin": [-0.04688, 13.75135, -2.28847],
							"size": [0.09375, 0.0625, 0.5],
							"pivot": [0, 13.5, 0],
							"rotation": [96.5, 45, 90],
							"uv": {
								"north": {"uv": [37, 11], "uv_size": [0.25, 0.25]},
								"east": {"uv": [7, 32], "uv_size": [0.5, 0.25]},
								"south": {"uv": [12, 37], "uv_size": [0.25, 0.25]},
								"west": {"uv": [32, 7], "uv_size": [0.5, 0.25]},
								"up": {"uv": [8, 32], "uv_size": [0.25, 0.5]},
								"down": {"uv": [32, 8.5], "uv_size": [0.25, -0.5]}
							}
						},
						{
							"origin": [-0.04688, 13.18615, -2.28847],
							"size": [0.09375, 0.0625, 0.5],
							"pivot": [0, 13.5, 0],
							"rotation": [-96.5, 45, -90],
							"uv": {
								"north": {"uv": [37, 12], "uv_size": [0.25, 0.25]},
								"east": {"uv": [9, 32], "uv_size": [0.5, 0.25]},
								"south": {"uv": [13, 37], "uv_size": [0.25, 0.25]},
								"west": {"uv": [32, 9], "uv_size": [0.5, 0.25]},
								"up": {"uv": [10, 32], "uv_size": [0.25, 0.5]},
								"down": {"uv": [32, 10.5], "uv_size": [0.25, -0.5]}
							}
						},
						{
							"origin": [-0.04687, 13.75135, -2.28847],
							"size": [0.09375, 0.0625, 0.5],
							"pivot": [0, 13.5, 0],
							"rotation": [-83.5, 45, -90],
							"uv": {
								"north": {"uv": [37, 13], "uv_size": [0.25, 0.25]},
								"east": {"uv": [11, 32], "uv_size": [0.5, 0.25]},
								"south": {"uv": [14, 37], "uv_size": [0.25, 0.25]},
								"west": {"uv": [32, 11], "uv_size": [0.5, 0.25]},
								"up": {"uv": [12, 32], "uv_size": [0.25, 0.5]},
								"down": {"uv": [32, 12.5], "uv_size": [0.25, -0.5]}
							}
						},
						{
							"origin": [-0.10937, 13.39063, -1.625],
							"size": [0.21875, 0.21875, 0.5],
							"pivot": [0, 13.5, 0],
							"rotation": [-90, 45, -90],
							"uv": {
								"north": {"uv": [37, 14], "uv_size": [0.25, 0.25]},
								"east": {"uv": [13, 32], "uv_size": [0.5, 0.25]},
								"south": {"uv": [15, 37], "uv_size": [0.25, 0.25]},
								"west": {"uv": [32, 13], "uv_size": [0.5, 0.25]},
								"up": {"uv": [14, 32], "uv_size": [0.25, 0.5]},
								"down": {"uv": [32, 14.5], "uv_size": [0.25, -0.5]}
							}
						},
						{
							"origin": [-0.04687, 8.70313, 1.625],
							"size": [0.09375, 0.21875, 0.1875],
							"pivot": [0, 8.8125, 1.7318],
							"rotation": [0, 0, -45],
							"uv": {
								"north": {"uv": [37, 15], "uv_size": [0.25, 0.25]},
								"east": {"uv": [16, 37], "uv_size": [0.25, 0.25]},
								"south": {"uv": [37, 16], "uv_size": [0.25, 0.25]},
								"west": {"uv": [17, 37], "uv_size": [0.25, 0.25]},
								"up": {"uv": [37, 17], "uv_size": [0.25, 0.25]},
								"down": {"uv": [18, 37.25], "uv_size": [0.25, -0.25]}
							}
						},
						{
							"origin": [-0.10937, 8.76563, 1.625],
							"size": [0.21875, 0.09375, 0.1875],
							"pivot": [0, 8.8125, 1.7318],
							"rotation": [0, 0, -45],
							"uv": {
								"north": {"uv": [37, 18], "uv_size": [0.25, 0.25]},
								"east": {"uv": [19, 37], "uv_size": [0.25, 0.25]},
								"south": {"uv": [37, 19], "uv_size": [0.25, 0.25]},
								"west": {"uv": [20, 37], "uv_size": [0.25, 0.25]},
								"up": {"uv": [37, 20], "uv_size": [0.25, 0.25]},
								"down": {"uv": [21, 37.25], "uv_size": [0.25, -0.25]}
							}
						},
						{
							"origin": [-0.04687, 8.69469, 1.7996],
							"size": [0.09375, 0.0625, 0.5],
							"pivot": [0, 8.8125, 1.7318],
							"rotation": [6.5, 0, 45],
							"uv": {
								"north": {"uv": [37, 21], "uv_size": [0.25, 0.25]},
								"east": {"uv": [15, 32], "uv_size": [0.5, 0.25]},
								"south": {"uv": [22, 37], "uv_size": [0.25, 0.25]},
								"west": {"uv": [32, 15], "uv_size": [0.5, 0.25]},
								"up": {"uv": [16, 32], "uv_size": [0.25, 0.5]},
								"down": {"uv": [32, 16.5], "uv_size": [0.25, -0.5]}
							}
						},
						{
							"origin": [-0.04688, 8.86781, 1.7996],
							"size": [0.09375, 0.0625, 0.5],
							"pivot": [0, 8.8125, 1.7318],
							"rotation": [-6.5, 0, 45],
							"uv": {
								"north": {"uv": [37, 22], "uv_size": [0.25, 0.25]},
								"east": {"uv": [17, 32], "uv_size": [0.5, 0.25]},
								"south": {"uv": [23, 37], "uv_size": [0.25, 0.25]},
								"west": {"uv": [32, 17], "uv_size": [0.5, 0.25]},
								"up": {"uv": [18, 32], "uv_size": [0.25, 0.5]},
								"down": {"uv": [32, 18.5], "uv_size": [0.25, -0.5]}
							}
						},
						{
							"origin": [-0.04688, 8.69469, 1.7996],
							"size": [0.09375, 0.0625, 0.5],
							"pivot": [0, 8.8125, 1.7318],
							"rotation": [6.5, 0, -45],
							"uv": {
								"north": {"uv": [37, 23], "uv_size": [0.25, 0.25]},
								"east": {"uv": [19, 32], "uv_size": [0.5, 0.25]},
								"south": {"uv": [24, 37], "uv_size": [0.25, 0.25]},
								"west": {"uv": [32, 19], "uv_size": [0.5, 0.25]},
								"up": {"uv": [20, 32], "uv_size": [0.25, 0.5]},
								"down": {"uv": [32, 20.5], "uv_size": [0.25, -0.5]}
							}
						},
						{
							"origin": [-0.04687, 8.86781, 1.7996],
							"size": [0.09375, 0.0625, 0.5],
							"pivot": [0, 8.8125, 1.7318],
							"rotation": [-6.5, 0, -45],
							"uv": {
								"north": {"uv": [37, 24], "uv_size": [0.25, 0.25]},
								"east": {"uv": [21, 32], "uv_size": [0.5, 0.25]},
								"south": {"uv": [25, 37], "uv_size": [0.25, 0.25]},
								"west": {"uv": [32, 21], "uv_size": [0.5, 0.25]},
								"up": {"uv": [22, 32], "uv_size": [0.25, 0.5]},
								"down": {"uv": [32, 22.5], "uv_size": [0.25, -0.5]}
							}
						},
						{
							"origin": [-0.10937, 8.70313, 1.1875],
							"size": [0.21875, 0.21875, 0.4375],
							"pivot": [0, 8.8125, 1.7318],
							"rotation": [0, 0, -45],
							"uv": {
								"north": {"uv": [37, 25], "uv_size": [0.25, 0.25]},
								"east": {"uv": [23, 32], "uv_size": [0.5, 0.25]},
								"south": {"uv": [26, 37], "uv_size": [0.25, 0.25]},
								"west": {"uv": [32, 23], "uv_size": [0.5, 0.25]},
								"up": {"uv": [24, 32], "uv_size": [0.25, 0.5]},
								"down": {"uv": [32, 24.5], "uv_size": [0.25, -0.5]}
							}
						},
						{
							"origin": [-0.04687, 14.39063, 1.625],
							"size": [0.09375, 0.21875, 0.1875],
							"pivot": [0, 14.5, 1.7318],
							"rotation": [1.76833, 1.76749, -44.97272],
							"uv": {
								"north": {"uv": [37, 26], "uv_size": [0.25, 0.25]},
								"east": {"uv": [27, 37], "uv_size": [0.25, 0.25]},
								"south": {"uv": [37, 27], "uv_size": [0.25, 0.25]},
								"west": {"uv": [28, 37], "uv_size": [0.25, 0.25]},
								"up": {"uv": [37, 28], "uv_size": [0.25, 0.25]},
								"down": {"uv": [29, 37.25], "uv_size": [0.25, -0.25]}
							}
						},
						{
							"origin": [-0.10937, 14.45313, 1.625],
							"size": [0.21875, 0.09375, 0.1875],
							"pivot": [0, 14.5, 1.7318],
							"rotation": [1.76833, 1.76749, -44.97272],
							"uv": {
								"north": {"uv": [37, 29], "uv_size": [0.25, 0.25]},
								"east": {"uv": [30, 37], "uv_size": [0.25, 0.25]},
								"south": {"uv": [37, 30], "uv_size": [0.25, 0.25]},
								"west": {"uv": [31, 37], "uv_size": [0.25, 0.25]},
								"up": {"uv": [37, 31], "uv_size": [0.25, 0.25]},
								"down": {"uv": [32, 37.25], "uv_size": [0.25, -0.25]}
							}
						},
						{
							"origin": [-0.04687, 14.38219, 1.7996],
							"size": [0.09375, 0.0625, 0.5],
							"pivot": [0, 14.5, 1.7318],
							"rotation": [8.26833, -1.76749, 44.97272],
							"uv": {
								"north": {"uv": [37, 32], "uv_size": [0.25, 0.25]},
								"east": {"uv": [25, 32], "uv_size": [0.5, 0.25]},
								"south": {"uv": [33, 37], "uv_size": [0.25, 0.25]},
								"west": {"uv": [32, 25], "uv_size": [0.5, 0.25]},
								"up": {"uv": [26, 32], "uv_size": [0.25, 0.5]},
								"down": {"uv": [32, 26.5], "uv_size": [0.25, -0.5]}
							}
						},
						{
							"origin": [-0.04688, 14.55531, 1.7996],
							"size": [0.09375, 0.0625, 0.5],
							"pivot": [0, 14.5, 1.7318],
							"rotation": [-4.73167, -1.76749, 44.97272],
							"uv": {
								"north": {"uv": [37, 33], "uv_size": [0.25, 0.25]},
								"east": {"uv": [27, 32], "uv_size": [0.5, 0.25]},
								"south": {"uv": [34, 37], "uv_size": [0.25, 0.25]},
								"west": {"uv": [32, 27], "uv_size": [0.5, 0.25]},
								"up": {"uv": [28, 32], "uv_size": [0.25, 0.5]},
								"down": {"uv": [32, 28.5], "uv_size": [0.25, -0.5]}
							}
						},
						{
							"origin": [-0.04688, 14.38219, 1.7996],
							"size": [0.09375, 0.0625, 0.5],
							"pivot": [0, 14.5, 1.7318],
							"rotation": [8.26833, 1.76749, -44.97272],
							"uv": {
								"north": {"uv": [37, 34], "uv_size": [0.25, 0.25]},
								"east": {"uv": [29, 32], "uv_size": [0.5, 0.25]},
								"south": {"uv": [35, 37], "uv_size": [0.25, 0.25]},
								"west": {"uv": [32, 29], "uv_size": [0.5, 0.25]},
								"up": {"uv": [30, 32], "uv_size": [0.25, 0.5]},
								"down": {"uv": [32, 30.5], "uv_size": [0.25, -0.5]}
							}
						},
						{
							"origin": [-0.04687, 14.55531, 1.7996],
							"size": [0.09375, 0.0625, 0.5],
							"pivot": [0, 14.5, 1.7318],
							"rotation": [-4.73167, 1.76749, -44.97272],
							"uv": {
								"north": {"uv": [37, 35], "uv_size": [0.25, 0.25]},
								"east": {"uv": [31, 32], "uv_size": [0.5, 0.25]},
								"south": {"uv": [36, 37], "uv_size": [0.25, 0.25]},
								"west": {"uv": [32, 31], "uv_size": [0.5, 0.25]},
								"up": {"uv": [32, 32], "uv_size": [0.25, 0.5]},
								"down": {"uv": [0, 33.5], "uv_size": [0.25, -0.5]}
							}
						},
						{
							"origin": [-0.10937, 14.39063, 1.125],
							"size": [0.21875, 0.21875, 0.5],
							"pivot": [0, 14.5, 1.7318],
							"rotation": [1.76833, 1.76749, -44.97272],
							"uv": {
								"north": {"uv": [37, 36], "uv_size": [0.25, 0.25]},
								"east": {"uv": [33, 0], "uv_size": [0.5, 0.25]},
								"south": {"uv": [37, 37], "uv_size": [0.25, 0.25]},
								"west": {"uv": [1, 33], "uv_size": [0.5, 0.25]},
								"up": {"uv": [33, 1], "uv_size": [0.25, 0.5]},
								"down": {"uv": [2, 33.5], "uv_size": [0.25, -0.5]}
							}
						},
						{
							"origin": [-0.25, 15.6036, -0.17678],
							"size": [0.25, 0.7089, 0.25],
							"pivot": [0, 16.3125, -0.17678],
							"rotation": [-20.00991, 43.21738, -14.00223],
							"uv": {
								"north": {"uv": [27, 21], "uv_size": [0.25, 0.75]},
								"east": {"uv": [22, 27], "uv_size": [0.25, 0.75]},
								"south": {"uv": [27, 22], "uv_size": [0.25, 0.75]},
								"west": {"uv": [23, 27], "uv_size": [0.25, 0.75]},
								"down": {"uv": [0, 38.25], "uv_size": [0.25, -0.25]}
							}
						},
						{
							"origin": [-0.25, 15.6036, -0.07322],
							"size": [0.25, 0.7089, 0.25],
							"pivot": [0, 16.3125, 0.17678],
							"rotation": [20.00991, -43.21738, -14.00223],
							"uv": {
								"north": {"uv": [27, 23], "uv_size": [0.25, 0.75]},
								"east": {"uv": [24, 27], "uv_size": [0.25, 0.75]},
								"south": {"uv": [27, 24], "uv_size": [0.25, 0.75]},
								"west": {"uv": [25, 27], "uv_size": [0.25, 0.75]},
								"down": {"uv": [38, 0.25], "uv_size": [0.25, -0.25]}
							}
						},
						{
							"origin": [-0.07322, 15.6036, -0.25],
							"size": [0.25, 0.7089, 0.25],
							"pivot": [0.17678, 16.3125, 0],
							"rotation": [0, 45, -14.4402],
							"uv": {
								"north": {"uv": [27, 25], "uv_size": [0.25, 0.75]},
								"east": {"uv": [26, 27], "uv_size": [0.25, 0.75]},
								"south": {"uv": [27, 26], "uv_size": [0.25, 0.75]},
								"west": {"uv": [27, 27], "uv_size": [0.25, 0.75]},
								"down": {"uv": [1, 38.25], "uv_size": [0.25, -0.25]}
							}
						},
						{
							"origin": [-0.17678, 15.6036, -0.25],
							"size": [0.25, 0.7089, 0.25],
							"pivot": [-0.17678, 16.3125, 0],
							"rotation": [0, -45, 14.4402],
							"uv": {
								"north": {"uv": [0, 28], "uv_size": [0.25, 0.75]},
								"east": {"uv": [28, 0], "uv_size": [0.25, 0.75]},
								"south": {"uv": [1, 28], "uv_size": [0.25, 0.75]},
								"west": {"uv": [28, 1], "uv_size": [0.25, 0.75]},
								"down": {"uv": [38, 1.25], "uv_size": [0.25, -0.25]}
							}
						},
						{
							"origin": [-0.875, 7.3125, -0.36244],
							"size": [1.75, 0.25, 0.72487],
							"uv": {
								"east": {"uv": [2, 28], "uv_size": [0.75, 0.25]},
								"west": {"uv": [28, 2], "uv_size": [0.75, 0.25]},
								"down": {"uv": [23, 21.75], "uv_size": [1.75, -0.75]}
							}
						},
						{
							"origin": [-0.875, 7.3125, -0.36244],
							"size": [1.75, 0.25, 0.72487],
							"pivot": [0, 7.4375, 0],
							"rotation": [0, -45, 0],
							"uv": {
								"north": {"uv": [26, 5], "uv_size": [1.75, 0.25]},
								"east": {"uv": [28, 3], "uv_size": [0.75, 0.25]},
								"west": {"uv": [28, 4], "uv_size": [0.75, 0.25]},
								"down": {"uv": [23, 22.75], "uv_size": [1.75, -0.75]}
							}
						},
						{
							"origin": [-0.36244, 7.3125, -0.875],
							"size": [0.72487, 0.25, 1.75],
							"uv": {
								"north": {"uv": [27, 4], "uv_size": [0.75, 0.25]},
								"south": {"uv": [5, 27], "uv_size": [0.75, 0.25]},
								"down": {"uv": [23, 20.75], "uv_size": [0.75, -1.75]}
							}
						},
						{
							"origin": [-0.36244, 7.3125, -0.875],
							"size": [0.72487, 0.25, 1.75],
							"pivot": [0, 7.4375, 0],
							"rotation": [0, -45, 0],
							"uv": {
								"north": {"uv": [5, 28], "uv_size": [0.75, 0.25]},
								"south": {"uv": [28, 5], "uv_size": [0.75, 0.25]},
								"down": {"uv": [23, 24.75], "uv_size": [0.75, -1.75]}
							}
						},
						{
							"origin": [-0.6875, -1.5, -0.28477],
							"size": [1.375, 0.375, 0.56954],
							"uv": {
								"east": {"uv": [26, 20], "uv_size": [0.5, 0.5]},
								"west": {"uv": [24, 26], "uv_size": [0.5, 0.5]},
								"up": {"uv": [7, 25], "uv_size": [1.5, 0.5]},
								"down": {"uv": [25, 7.5], "uv_size": [1.5, -0.5]}
							}
						},
						{
							"origin": [-0.6875, -1.5, -0.28477],
							"size": [1.375, 0.375, 0.56954],
							"pivot": [0, -1.3125, 0],
							"rotation": [0, -45, 0],
							"uv": {
								"east": {"uv": [26, 25], "uv_size": [0.5, 0.5]},
								"west": {"uv": [26, 26], "uv_size": [0.5, 0.5]},
								"up": {"uv": [25, 8], "uv_size": [1.5, 0.5]},
								"down": {"uv": [9, 25.5], "uv_size": [1.5, -0.5]}
							}
						},
						{
							"origin": [-0.28477, -1.5, -0.6875],
							"size": [0.56954, 0.375, 1.375],
							"uv": {
								"north": {"uv": [27, 0], "uv_size": [0.5, 0.5]},
								"south": {"uv": [1, 27], "uv_size": [0.5, 0.5]},
								"up": {"uv": [25, 9], "uv_size": [0.5, 1.5]},
								"down": {"uv": [11, 26.5], "uv_size": [0.5, -1.5]}
							}
						},
						{
							"origin": [-0.28477, -1.5, -0.6875],
							"size": [0.56954, 0.375, 1.375],
							"pivot": [0, -1.3125, 0],
							"rotation": [0, -45, 0],
							"uv": {
								"north": {"uv": [27, 1], "uv_size": [0.5, 0.5]},
								"south": {"uv": [2, 27], "uv_size": [0.5, 0.5]},
								"up": {"uv": [25, 11], "uv_size": [0.5, 1.5]},
								"down": {"uv": [12, 26.5], "uv_size": [0.5, -1.5]}
							}
						},
						{
							"origin": [-0.6875, 4.8125, -0.28477],
							"size": [1.375, 1.75, 0.75704],
							"inflate": 0.001,
							"uv": {
								"north": {"uv": [23, 15], "uv_size": [1.5, 1.75]},
								"east": {"uv": [24, 0], "uv_size": [0.75, 1.75]},
								"south": {"uv": [23, 17], "uv_size": [1.5, 1.75]},
								"west": {"uv": [24, 2], "uv_size": [0.75, 1.75]}
							}
						},
						{
							"origin": [-0.6875, -0.9375, -0.28477],
							"size": [1.375, 8.25, 0.56954],
							"inflate": 0.0005,
							"uv": {
								"north": {"uv": [0, 16], "uv_size": [1.5, 8.25]},
								"east": {"uv": [20, 16], "uv_size": [0.5, 8.25]},
								"west": {"uv": [21, 0], "uv_size": [0.5, 8.25]},
								"up": {"uv": [25, 13], "uv_size": [1.5, 0.5]},
								"down": {"uv": [25, 14.5], "uv_size": [1.5, -0.5]}
							}
						},
						{
							"origin": [-0.6875, 4.8125, -0.09727],
							"size": [1.375, 1.75, 0.56954],
							"pivot": [0, 3.1875, 0.1875],
							"rotation": [0, 45, 0],
							"uv": {
								"east": {"uv": [5, 25], "uv_size": [0.5, 1.75]}
							}
						},
						{
							"origin": [-0.6875, 4.8125, -0.09727],
							"size": [1.375, 1.75, 0.56954],
							"pivot": [0, 3.1875, 0.1875],
							"rotation": [0, -45, 0],
							"uv": {
								"west": {"uv": [25, 5], "uv_size": [0.5, 1.75]}
							}
						},
						{
							"origin": [-0.6875, -0.9375, -0.28477],
							"size": [1.375, 8.25, 0.56954],
							"pivot": [0, 3.1875, 0],
							"rotation": [0, -45, 0],
							"uv": {
								"north": {"uv": [2, 16], "uv_size": [1.5, 8.25]},
								"east": {"uv": [21, 9], "uv_size": [0.5, 8.25]},
								"south": {"uv": [4, 16], "uv_size": [1.5, 8.25]},
								"west": {"uv": [21, 18], "uv_size": [0.5, 8.25]},
								"up": {"uv": [25, 15], "uv_size": [1.5, 0.5]},
								"down": {"uv": [25, 16.5], "uv_size": [1.5, -0.5]}
							}
						},
						{
							"origin": [-0.28477, -0.9375, -0.6875],
							"size": [0.56954, 8.25, 1.375],
							"uv": {
								"north": {"uv": [22, 0], "uv_size": [0.5, 8.25]},
								"east": {"uv": [6, 16], "uv_size": [1.5, 8.25]},
								"south": {"uv": [22, 9], "uv_size": [0.5, 8.25]},
								"west": {"uv": [8, 16], "uv_size": [1.5, 8.25]},
								"up": {"uv": [13, 25], "uv_size": [0.5, 1.5]},
								"down": {"uv": [25, 18.5], "uv_size": [0.5, -1.5]}
							}
						},
						{
							"origin": [-0.6875, 6.63243, 0.29089],
							"size": [1.375, 0.80507, 0.1875],
							"pivot": [0.28477, 6.5625, 0.875],
							"rotation": [10, 0, 0],
							"uv": {
								"north": {"uv": [3, 25], "uv_size": [1.25, 0.75]},
								"east": {"uv": [6, 28], "uv_size": [0.25, 0.75]},
								"south": {"uv": [25, 4], "uv_size": [1.25, 0.75]},
								"west": {"uv": [28, 6], "uv_size": [0.25, 0.75]},
								"up": {"uv": [9, 26], "uv_size": [1.25, 0.25]},
								"down": {"uv": [26, 9.25], "uv_size": [1.25, -0.25]}
							}
						},
						{
							"origin": [-0.85001, 6.55016, 0.48391],
							"size": [0.56523, 0.875, 0.25],
							"pivot": [-0.28477, 7.36266, 0.73391],
							"rotation": [13.9001, -43.7104, -9.7043],
							"uv": {
								"south": {"uv": [26, 6], "uv_size": [0.5, 0.75]}
							}
						},
						{
							"origin": [0.28477, 6.55016, 0.48391],
							"size": [0.56523, 0.875, 0.25],
							"pivot": [0.28477, 7.36266, 0.73391],
							"rotation": [13.9001, 43.7104, 9.7043],
							"uv": {
								"south": {"uv": [7, 26], "uv_size": [0.5, 0.75]}
							}
						},
						{
							"origin": [-0.28477, 6.5625, 0.625],
							"size": [0.56954, 0.8125, 0.25],
							"pivot": [0.28477, 6.5625, 0.875],
							"rotation": [10, 0, 0],
							"uv": {
								"south": {"uv": [8, 26], "uv_size": [0.5, 0.75]}
							}
						},
						{
							"origin": [-0.6875, 2.5625, 0.2238],
							"size": [1.375, 2.2149, 0.25],
							"pivot": [0.28477, 4.8125, 0.875],
							"rotation": [-5, 0, 0],
							"uv": {
								"north": {"uv": [23, 9], "uv_size": [1.25, 2.25]},
								"east": {"uv": [3, 26], "uv_size": [0.25, 2.25]},
								"south": {"uv": [23, 12], "uv_size": [1.25, 2.25]},
								"west": {"uv": [4, 26], "uv_size": [0.25, 2.25]},
								"up": {"uv": [26, 10], "uv_size": [1.25, 0.25]},
								"down": {"uv": [26, 11.25], "uv_size": [1.25, -0.25]}
							}
						},
						{
							"origin": [-0.85323, 2.5625, 0.625],
							"size": [0.56846, 2.25, 0.25],
							"pivot": [-0.28477, 4.8125, 0.875],
							"rotation": [-7.04, -44.674, 4.9622],
							"uv": {
								"south": {"uv": [19, 24], "uv_size": [0.5, 2.25]}
							}
						},
						{
							"origin": [0.28477, 2.5625, 0.625],
							"size": [0.56846, 2.25, 0.25],
							"pivot": [0.28477, 4.8125, 0.875],
							"rotation": [-7.04, 44.674, -4.9622],
							"uv": {
								"south": {"uv": [24, 23], "uv_size": [0.5, 2.25]}
							}
						},
						{
							"origin": [-0.28477, 2.5625, 0.625],
							"size": [0.56954, 2.25, 0.25],
							"pivot": [0.28477, 4.8125, 0.875],
							"rotation": [-5, 0, 0],
							"uv": {
								"south": {"uv": [0, 25], "uv_size": [0.5, 2.25]}
							}
						},
						{
							"origin": [-0.28477, 4.8125, -0.6875],
							"size": [0.56954, 1.75, 1.5625],
							"uv": {
								"south": {"uv": [6, 25], "uv_size": [0.5, 1.75]}
							}
						},
						{
							"origin": [-0.28477, -0.9375, -0.6875],
							"size": [0.56954, 8.25, 1.375],
							"pivot": [0, 3.1875, 0],
							"rotation": [0, -45, 0],
							"uv": {
								"north": {"uv": [22, 18], "uv_size": [0.5, 8.25]},
								"east": {"uv": [10, 16], "uv_size": [1.5, 8.25]},
								"south": {"uv": [23, 0], "uv_size": [0.5, 8.25]},
								"west": {"uv": [12, 16], "uv_size": [1.5, 8.25]},
								"up": {"uv": [25, 19], "uv_size": [0.5, 1.5]},
								"down": {"uv": [20, 26.5], "uv_size": [0.5, -1.5]}
							}
						},
						{
							"origin": [-0.65625, -1.125, -0.27183],
							"size": [1.3125, 0.1875, 0.54366],
							"uv": {
								"east": {"uv": [33, 2], "uv_size": [0.5, 0.25]},
								"west": {"uv": [3, 33], "uv_size": [0.5, 0.25]},
								"up": {"uv": [25, 21], "uv_size": [1.25, 0.5]},
								"down": {"uv": [25, 22.5], "uv_size": [1.25, -0.5]}
							}
						},
						{
							"origin": [-0.65625, -1.125, -0.27183],
							"size": [1.3125, 0.1875, 0.54366],
							"pivot": [0, -1.03125, 0],
							"rotation": [0, -45, 0],
							"uv": {
								"east": {"uv": [33, 3], "uv_size": [0.5, 0.25]},
								"west": {"uv": [4, 33], "uv_size": [0.5, 0.25]},
								"up": {"uv": [25, 23], "uv_size": [1.25, 0.5]},
								"down": {"uv": [25, 24.5], "uv_size": [1.25, -0.5]}
							}
						},
						{
							"origin": [-0.27183, -1.125, -0.65625],
							"size": [0.54366, 0.1875, 1.3125],
							"uv": {
								"north": {"uv": [33, 4], "uv_size": [0.5, 0.25]},
								"south": {"uv": [5, 33], "uv_size": [0.5, 0.25]},
								"up": {"uv": [23, 25], "uv_size": [0.5, 1.25]},
								"down": {"uv": [25, 26.25], "uv_size": [0.5, -1.25]}
							}
						},
						{
							"origin": [-0.27183, -1.125, -0.65625],
							"size": [0.54366, 0.1875, 1.3125],
							"pivot": [0, -1.03125, 0],
							"rotation": [0, -45, 0],
							"uv": {
								"north": {"uv": [33, 5], "uv_size": [0.5, 0.25]},
								"south": {"uv": [6, 33], "uv_size": [0.5, 0.25]},
								"up": {"uv": [26, 0], "uv_size": [0.5, 1.25]},
								"down": {"uv": [26, 3.25], "uv_size": [0.5, -1.25]}
							}
						},
						{
							"origin": [-0.25, -1.625, -0.25],
							"size": [0.5, 0.125, 0.5],
							"pivot": [0, -1.5625, 0],
							"rotation": [0, -45, 0],
							"uv": {
								"north": {"uv": [33, 6], "uv_size": [0.5, 0.25]},
								"east": {"uv": [7, 33], "uv_size": [0.5, 0.25]},
								"south": {"uv": [33, 7], "uv_size": [0.5, 0.25]},
								"west": {"uv": [8, 33], "uv_size": [0.5, 0.25]},
								"up": {"uv": [27, 2], "uv_size": [0.5, 0.5]},
								"down": {"uv": [27, 3.5], "uv_size": [0.5, -0.5]}
							}
						},
						{
							"origin": [-0.09375, -2, -0.0625],
							"size": [0.1875, 0.0625, 0.125],
							"uv": {
								"north": {"uv": [2, 38], "uv_size": [0.25, 0.25]},
								"east": {"uv": [38, 2], "uv_size": [0.25, 0.25]},
								"south": {"uv": [3, 38], "uv_size": [0.25, 0.25]},
								"west": {"uv": [38, 3], "uv_size": [0.25, 0.25]},
								"up": {"uv": [4, 38], "uv_size": [0.25, 0.25]},
								"down": {"uv": [38, 4.25], "uv_size": [0.25, -0.25]}
							}
						},
						{
							"origin": [0.09375, -2, -0.0625],
							"size": [0.22097, 0.0625, 0.125],
							"pivot": [0.09375, -2, 0.0625],
							"rotation": [0, 0, -45],
							"uv": {
								"north": {"uv": [5, 38], "uv_size": [0.25, 0.25]},
								"east": {"uv": [38, 5], "uv_size": [0.25, 0.25]},
								"south": {"uv": [6, 38], "uv_size": [0.25, 0.25]},
								"west": {"uv": [38, 6], "uv_size": [0.25, 0.25]},
								"up": {"uv": [7, 38], "uv_size": [0.25, 0.25]},
								"down": {"uv": [38, 7.25], "uv_size": [0.25, -0.25]}
							}
						},
						{
							"origin": [0.1875, -1.84375, -0.0625],
							"size": [0.0625, 0.21875, 0.125],
							"uv": {
								"north": {"uv": [8, 38], "uv_size": [0.25, 0.25]},
								"east": {"uv": [38, 8], "uv_size": [0.25, 0.25]},
								"south": {"uv": [9, 38], "uv_size": [0.25, 0.25]},
								"west": {"uv": [38, 9], "uv_size": [0.25, 0.25]},
								"up": {"uv": [10, 38], "uv_size": [0.25, 0.25]},
								"down": {"uv": [38, 10.25], "uv_size": [0.25, -0.25]}
							}
						},
						{
							"origin": [-0.25, -1.84375, -0.0625],
							"size": [0.0625, 0.21875, 0.125],
							"uv": {
								"north": {"uv": [11, 38], "uv_size": [0.25, 0.25]},
								"east": {"uv": [38, 11], "uv_size": [0.25, 0.25]},
								"south": {"uv": [12, 38], "uv_size": [0.25, 0.25]},
								"west": {"uv": [38, 12], "uv_size": [0.25, 0.25]},
								"up": {"uv": [13, 38], "uv_size": [0.25, 0.25]},
								"down": {"uv": [38, 13.25], "uv_size": [0.25, -0.25]}
							}
						}
					]
				},
				{
					"name": "leftHand",
					"parent": "root",
					"pivot": [-6, 18.93684, 8.04313]
				},
				{
					"name": "lefthand_pos",
					"parent": "leftHand",
					"pivot": [0, 7.93684, 8.04313],
					"cubes": [
						{
							"origin": [-7, 7.93684, 6.04313],
							"size": [3, 12, 4],
							"uv": {
								"north": {"uv": [0, 0], "uv_size": [4, 12]},
								"east": {"uv": [4, 0], "uv_size": [4, 12]},
								"south": {"uv": [8, 0], "uv_size": [4, 12]},
								"west": {"uv": [0, 12], "uv_size": [4, 12]},
								"up": {"uv": [12, 0], "uv_size": [4, 4]},
								"down": {"uv": [4, 16], "uv_size": [4, -4]}
							}
						}
					]
				}
			]
		}
	]
}