{
	"credit": "Made with Blockbench",
	"ambientocclusion": false,
	"textures": {
		"1": "./american_shield",
		"2": "./american_shield_grip",
		"particle": "./american_shield"
	},
	"elements": [
		{
			"from": [5.5, 0.75, 7.5375],
			"to": [10.5, 15.75, 8.5375],
			"rotation": {"angle": 0, "axis": "z", "origin": [8, 9.75, 7.9375]},
			"faces": {
				"north": {"uv": [5, 0, 10, 15], "texture": "#1"},
				"east": {"uv": [15, 5, 16, 10], "rotation": 270, "texture": "#1"},
				"south": {"uv": [5, 0, 10, 15], "texture": "#1"},
				"west": {"uv": [15, 5, 16, 10], "rotation": 270, "texture": "#1"},
				"up": {"uv": [15, 5, 16, 10], "rotation": 270, "texture": "#1"},
				"down": {"uv": [15, 5, 16, 10], "rotation": 270, "texture": "#1"}
			}
		},
		{
			"from": [4.5, 1.25, 7.5375],
			"to": [11.5, 15.25, 8.5375],
			"rotation": {"angle": 0, "axis": "z", "origin": [8, 9.75, 7.9375]},
			"faces": {
				"north": {"uv": [4, 0.5, 11, 14.5], "texture": "#1"},
				"east": {"uv": [15, 5, 16, 10], "rotation": 270, "texture": "#1"},
				"south": {"uv": [4, 0.5, 11, 14.5], "texture": "#1"},
				"west": {"uv": [15, 5, 16, 10], "rotation": 270, "texture": "#1"},
				"up": {"uv": [15, 5, 16, 10], "rotation": 270, "texture": "#1"},
				"down": {"uv": [15, 5, 16, 10], "rotation": 270, "texture": "#1"}
			}
		},
		{
			"from": [3.5, 1.75, 7.5375],
			"to": [12.5, 14.75, 8.5375],
			"rotation": {"angle": 0, "axis": "z", "origin": [8, 9.75, 7.9375]},
			"faces": {
				"north": {"uv": [3, 1, 12, 14], "texture": "#1"},
				"east": {"uv": [15, 5, 16, 10], "rotation": 270, "texture": "#1"},
				"south": {"uv": [3, 1, 12, 14], "texture": "#1"},
				"west": {"uv": [15, 5, 16, 10], "rotation": 270, "texture": "#1"},
				"up": {"uv": [15, 5, 16, 10], "rotation": 270, "texture": "#1"},
				"down": {"uv": [15, 5, 16, 10], "rotation": 270, "texture": "#1"}
			}
		},
		{
			"from": [3, 2.25, 7.5375],
			"to": [13, 14.25, 8.5375],
			"rotation": {"angle": 0, "axis": "z", "origin": [8, 9.75, 7.9375]},
			"faces": {
				"north": {"uv": [2.5, 1.5, 12.5, 13.5], "texture": "#1"},
				"east": {"uv": [15, 5, 16, 10], "rotation": 270, "texture": "#1"},
				"south": {"uv": [2.5, 1.5, 12.5, 13.5], "texture": "#1"},
				"west": {"uv": [15, 5, 16, 10], "rotation": 270, "texture": "#1"},
				"up": {"uv": [15, 5, 16, 10], "rotation": 270, "texture": "#1"},
				"down": {"uv": [15, 5, 16, 10], "rotation": 270, "texture": "#1"}
			}
		},
		{
			"from": [2.5, 2.75, 7.5375],
			"to": [13.5, 13.75, 8.5375],
			"rotation": {"angle": 0, "axis": "z", "origin": [8, 9.75, 7.9375]},
			"faces": {
				"north": {"uv": [2, 2, 13, 13], "texture": "#1"},
				"east": {"uv": [15, 5, 16, 10], "rotation": 270, "texture": "#1"},
				"south": {"uv": [2, 2, 13, 13], "texture": "#1"},
				"west": {"uv": [15, 5, 16, 10], "rotation": 270, "texture": "#1"},
				"up": {"uv": [15, 5, 16, 10], "rotation": 270, "texture": "#1"},
				"down": {"uv": [15, 5, 16, 10], "rotation": 270, "texture": "#1"}
			}
		},
		{
			"from": [2, 3.25, 7.5375],
			"to": [14, 13.25, 8.5375],
			"rotation": {"angle": 0, "axis": "z", "origin": [8, 9.75, 7.9375]},
			"faces": {
				"north": {"uv": [1.5, 2.5, 13.5, 12.5], "texture": "#1"},
				"east": {"uv": [15, 5, 16, 10], "rotation": 270, "texture": "#1"},
				"south": {"uv": [1.5, 2.5, 13.5, 12.5], "texture": "#1"},
				"west": {"uv": [15, 5, 16, 10], "rotation": 270, "texture": "#1"},
				"up": {"uv": [15, 5, 16, 10], "rotation": 270, "texture": "#1"},
				"down": {"uv": [15, 5, 16, 10], "rotation": 270, "texture": "#1"}
			}
		},
		{
			"from": [1.5, 3.75, 7.5375],
			"to": [14.5, 12.75, 8.5375],
			"rotation": {"angle": 0, "axis": "z", "origin": [8, 9.75, 7.9375]},
			"faces": {
				"north": {"uv": [1, 3, 14, 12], "texture": "#1"},
				"east": {"uv": [15, 5, 16, 10], "rotation": 270, "texture": "#1"},
				"south": {"uv": [1, 3, 14, 12], "texture": "#1"},
				"west": {"uv": [15, 5, 16, 10], "rotation": 270, "texture": "#1"},
				"up": {"uv": [15, 5, 16, 10], "rotation": 270, "texture": "#1"},
				"down": {"uv": [15, 5, 16, 10], "rotation": 270, "texture": "#1"}
			}
		},
		{
			"from": [1, 4.75, 7.5375],
			"to": [15, 11.75, 8.5375],
			"rotation": {"angle": 0, "axis": "z", "origin": [8, 9.75, 7.9375]},
			"faces": {
				"north": {"uv": [0.5, 4, 14.5, 11], "texture": "#1"},
				"east": {"uv": [15, 5, 16, 10], "rotation": 270, "texture": "#1"},
				"south": {"uv": [0.5, 4, 14.5, 11], "texture": "#1"},
				"west": {"uv": [15, 5, 16, 10], "rotation": 270, "texture": "#1"},
				"up": {"uv": [15, 5, 16, 10], "rotation": 270, "texture": "#1"},
				"down": {"uv": [15, 5, 16, 10], "rotation": 270, "texture": "#1"}
			}
		},
		{
			"from": [0.5, 5.75, 7.5375],
			"to": [15.5, 10.75, 8.5375],
			"rotation": {"angle": 0, "axis": "z", "origin": [8, 9.75, 7.9375]},
			"faces": {
				"north": {"uv": [0, 5, 15, 10], "texture": "#1"},
				"east": {"uv": [15, 5, 16, 10], "rotation": 270, "texture": "#1"},
				"south": {"uv": [0, 5, 15, 10], "texture": "#1"},
				"west": {"uv": [15, 5, 16, 10], "rotation": 270, "texture": "#1"},
				"up": {"uv": [15, 5, 16, 10], "rotation": 270, "texture": "#1"},
				"down": {"uv": [15, 5, 16, 10], "rotation": 270, "texture": "#1"}
			}
		},
		{
			"from": [7.5, 5.50002, 1.51047],
			"to": [8.5, 11.50002, 7.51047],
			"rotation": {"angle": 0, "axis": "y", "origin": [6.51049, 8, 8]},
			"faces": {
				"north": {"uv": [6, 0, 7, 6], "texture": "#2"},
				"east": {"uv": [0, 0, 6, 6], "texture": "#2"},
				"west": {"uv": [0, 0, 6, 6], "texture": "#2"},
				"up": {"uv": [6, 0, 7, 6], "texture": "#2"},
				"down": {"uv": [6, 0, 7, 6], "texture": "#2"}
			}
		}
	],
	"gui_light": "front",
	"display": {
		"thirdperson_righthand": {
			"rotation": [0, 90, 0],
			"translation": [3.75, -2.5, 3.5],
			"scale": [1.05, 1.05, 1.05]
		},
		"firstperson_righthand": {
			"rotation": [15, 138, -7],
			"translation": [4.25, -8.25, -5.25],
			"scale": [1.39, 1.64, 1.34]
		},
		"ground": {
			"rotation": [-20, 0, 0],
			"translation": [0, 3, 1],
			"scale": [1.02, 1.02, 1.02]
		},
		"gui": {
			"translation": [0.25, -0.5, 0]
		},
		"fixed": {
			"rotation": [0, 180, 0],
			"translation": [0, 0, -1]
		}
	}
}