{
	"credit": "Made with Blockbench",
	"parent": "block/button_inventory",
	"textures": {
		"1": "block/barricate/red_button",
		"particle": "block/barricate/red_button"
	},
	"elements": [
		{
			"from": [5, 0, 5],
			"to": [11, 2, 11],
			"faces": {
				"north": {"uv": [6, 0, 12, 2], "texture": "#1"},
				"east": {"uv": [6, 0, 12, 2], "texture": "#1"},
				"south": {"uv": [6, 0, 12, 2], "texture": "#1"},
				"west": {"uv": [6, 0, 12, 2], "texture": "#1"},
				"up": {"uv": [6, 6, 0, 0], "texture": "#1"},
				"down": {"uv": [6, 6, 0, 12], "texture": "#1", "cullface": "down"}
			}
		}
	],
	"groups": [
		{
			"name": "acacia_button",
			"origin": [8, 8, 8],
			"color": 0,
			"children": []
		}, 0]
}