{
	"credit": "Made with Blockbench",
	"parent": "block/block",
	"textures": {
		"1": "block/lantern",
		"2": "block/torch_flame"
	},
	"elements": [
		{
			"from": [5, 8, 7.5],
			"to": [6, 13, 8.5],
			"rotation": {"angle": 0, "axis": "y", "origin": [5.5, 5, 8]},
			"faces": {
				"north": {"uv": [4, 0, 5, 5], "texture": "#1"},
				"east": {"uv": [5, 0, 4, 5], "texture": "#1"},
				"south": {"uv": [4, 0, 5, 5], "texture": "#1"},
				"west": {"uv": [5, 0, 4, 5], "texture": "#1"},
				"up": {"uv": [4.5, 6.5, 5.5, 7.5], "texture": "#1"},
				"down": {"uv": [4.5, 6.5, 5.5, 7.5], "texture": "#1"}
			}
		},
		{
			"from": [10, 8, 7.5],
			"to": [11, 13, 8.5],
			"rotation": {"angle": 0, "axis": "y", "origin": [10.5, 10.5, 8]},
			"faces": {
				"north": {"uv": [5, 0, 4, 5], "texture": "#1"},
				"east": {"uv": [4, 0, 5, 5], "texture": "#1"},
				"south": {"uv": [5, 0, 4, 5], "texture": "#1"},
				"west": {"uv": [4, 0, 5, 5], "texture": "#1"},
				"up": {"uv": [4.5, 6.5, 5.5, 7.5], "texture": "#1"},
				"down": {"uv": [4.5, 6.5, 5.5, 7.5], "texture": "#1"}
			}
		},
		{
			"from": [6, 12, 7.5],
			"to": [10, 13, 8.5],
			"rotation": {"angle": 0, "axis": "y", "origin": [18, 21, 15.5]},
			"faces": {
				"north": {"uv": [3, 11.5, 7, 12.5], "texture": "#1"},
				"south": {"uv": [3, 11.5, 7, 12.5], "texture": "#1"},
				"up": {"uv": [3, 10.5, 7, 11.5], "texture": "#1"},
				"down": {"uv": [3, 10.5, 7, 11.5], "texture": "#1"}
			}
		},
		{
			"from": [6, 7, 6],
			"to": [10, 8.5, 10],
			"rotation": {"angle": 0, "axis": "y", "origin": [8, 7, 9]},
			"faces": {
				"north": {"uv": [3, 9, 7, 10.5], "texture": "#1"},
				"east": {"uv": [3, 9, 7, 10.5], "texture": "#1"},
				"south": {"uv": [3, 9, 7, 10.5], "texture": "#1"},
				"west": {"uv": [3, 9, 7, 10.5], "texture": "#1"},
				"up": {"uv": [3, 5, 7, 9], "texture": "#1"}
			}
		},
		{
			"from": [6, -1, 6],
			"to": [10, 0, 10],
			"rotation": {"angle": 0, "axis": "y", "origin": [8, 7, 9]},
			"faces": {
				"north": {"uv": [3, 9.5, 7, 10.5], "texture": "#1"},
				"east": {"uv": [3, 9.5, 7, 10.5], "texture": "#1"},
				"south": {"uv": [3, 9.5, 7, 10.5], "texture": "#1"},
				"west": {"uv": [3, 9.5, 7, 10.5], "texture": "#1"},
				"down": {"uv": [3, 5, 7, 9], "texture": "#1"}
			}
		},
		{
			"from": [5, 0, 5],
			"to": [11, 1, 11],
			"rotation": {"angle": 0, "axis": "y", "origin": [8, 7, 9]},
			"faces": {
				"north": {"uv": [10, 15, 16, 16], "texture": "#1"},
				"east": {"uv": [10, 15, 16, 16], "texture": "#1"},
				"south": {"uv": [10, 15, 16, 16], "texture": "#1"},
				"west": {"uv": [10, 15, 16, 16], "texture": "#1"},
				"up": {"uv": [10, 9, 16, 15], "texture": "#1"},
				"down": {"uv": [10, 9, 16, 15], "texture": "#1"}
			}
		},
		{
			"from": [4, 6, 4],
			"to": [12, 7, 12],
			"rotation": {"angle": 0, "axis": "y", "origin": [8, 7, 9]},
			"faces": {
				"north": {"uv": [8, 8, 16, 9], "texture": "#1"},
				"east": {"uv": [8, 8, 16, 9], "texture": "#1"},
				"south": {"uv": [8, 8, 16, 9], "texture": "#1"},
				"west": {"uv": [8, 8, 16, 9], "texture": "#1"},
				"up": {"uv": [8, 0, 16, 8], "texture": "#1"},
				"down": {"uv": [8, 0, 16, 8], "texture": "#1"}
			}
		},
		{
			"from": [10, 1, 5],
			"to": [11, 6, 6],
			"rotation": {"angle": 0, "axis": "y", "origin": [8, 7, 9]},
			"faces": {
				"north": {"uv": [5, 0, 4, 5], "texture": "#1"},
				"east": {"uv": [4, 0, 5, 5], "texture": "#1"},
				"south": {"uv": [5, 0, 4, 5], "texture": "#1"},
				"west": {"uv": [4, 0, 5, 5], "texture": "#1"}
			}
		},
		{
			"from": [10, 1, 10],
			"to": [11, 6, 11],
			"rotation": {"angle": 0, "axis": "y", "origin": [10.5, 4, 10.5]},
			"faces": {
				"north": {"uv": [4, 0, 5, 5], "texture": "#1"},
				"east": {"uv": [5, 0, 4, 5], "texture": "#1"},
				"south": {"uv": [4, 0, 5, 5], "texture": "#1"},
				"west": {"uv": [5, 0, 4, 5], "texture": "#1"}
			}
		},
		{
			"from": [5, 1, 5],
			"to": [6, 6, 6],
			"rotation": {"angle": 0, "axis": "y", "origin": [5.5, 4, 5.5]},
			"faces": {
				"north": {"uv": [4, 0, 5, 5], "texture": "#1"},
				"east": {"uv": [5, 0, 4, 5], "texture": "#1"},
				"south": {"uv": [4, 0, 5, 5], "texture": "#1"},
				"west": {"uv": [5, 0, 4, 5], "texture": "#1"}
			}
		},
		{
			"from": [5, 1, 10],
			"to": [6, 6, 11],
			"rotation": {"angle": 0, "axis": "y", "origin": [5.5, 4, 10.5]},
			"faces": {
				"north": {"uv": [5, 0, 4, 5], "texture": "#1"},
				"east": {"uv": [4, 0, 5, 5], "texture": "#1"},
				"south": {"uv": [5, 0, 4, 5], "texture": "#1"},
				"west": {"uv": [4, 0, 5, 5], "texture": "#1"}
			}
		},
		{
			"from": [5.75, 1, 5.75],
			"to": [10.25, 7, 10.25],
			"rotation": {"angle": 0, "axis": "y", "origin": [15.5, 7, 16.5]},
			"faces": {
				"north": {"uv": [6, 10, 10.5, 16], "texture": "#2"},
				"east": {"uv": [6, 10, 10.5, 16], "texture": "#2"},
				"south": {"uv": [6, 10, 10.5, 16], "texture": "#2"},
				"west": {"uv": [6, 10, 10.5, 16], "texture": "#2"}
			}
		},
		{
			"from": [10.25, 1, 6],
			"to": [10.75, 6, 10],
			"rotation": {"angle": 0, "axis": "y", "origin": [8, 7, 9]},
			"faces": {
				"east": {"uv": [0, 0, 4, 5], "texture": "#1"},
				"west": {"uv": [0, 0, 4, 5], "texture": "#1"}
			}
		},
		{
			"from": [6, 1, 10.25],
			"to": [10, 6, 10.75],
			"rotation": {"angle": 0, "axis": "y", "origin": [8, 2.5, 8]},
			"faces": {
				"north": {"uv": [0, 0, 4, 5], "texture": "#1"},
				"south": {"uv": [0, 0, 4, 5], "texture": "#1"}
			}
		},
		{
			"from": [5.25, 1, 6],
			"to": [5.75, 6, 10],
			"rotation": {"angle": 0, "axis": "y", "origin": [8, 7, 9]},
			"faces": {
				"east": {"uv": [0, 0, 4, 5], "texture": "#1"},
				"west": {"uv": [0, 0, 4, 5], "texture": "#1"}
			}
		},
		{
			"from": [6, 1, 5.25],
			"to": [10, 6, 5.75],
			"rotation": {"angle": 0, "axis": "y", "origin": [8, 2.5, 8]},
			"faces": {
				"north": {"uv": [0, 0, 4, 5], "texture": "#1"},
				"south": {"uv": [0, 0, 4, 5], "texture": "#1"}
			}
		}
	],
	"gui_light": "front",
	"display": {
		"thirdperson_righthand": {
			"rotation": [70, 0, 0],
			"translation": [0, -2.5, -3.25],
			"scale": [0.7, 0.7, 0.7]
		},
		"thirdperson_lefthand": {
			"rotation": [70, 0, 0],
			"translation": [0, -2.5, -3.25],
			"scale": [0.7, 0.7, 0.7]
		},
		"firstperson_righthand": {
			"rotation": [10, -16, 5],
			"translation": [9, -1, -7.5],
			"scale": [1, 1.1, 1]
		},
		"firstperson_lefthand": {
			"rotation": [10, -16, 5],
			"translation": [9, -1, -7.5],
			"scale": [1, 1.1, 1]
		},
		"ground": {
			"translation": [0, 2, 0],
			"scale": [0.5, 0.5, 0.5]
		},
		"gui": {
			"translation": [0, 2, 0]
		},
		"fixed": {
			"translation": [0, 2, 0]
		}
	}
}