{
	"credit": "Made with Blockbench",
	"ambientocclusion": false,
	"textures": {
		"1_0": "block/redstone_torch_model",
		"particle": "block/oak_planks"
	},
	"elements": [
		{
			"from": [6.75, 9, 6.75],
			"to": [9.25, 11.5, 9.25],
			"rotation": {"angle": 0, "axis": "y", "origin": [21.25, 6.5, 16.25]},
			"faces": {
				"north": {"uv": [4.504, 0.004, 6.996, 2.496], "texture": "#1_0"},
				"east": {"uv": [4.504, 0.004, 6.996, 2.496], "texture": "#1_0"},
				"south": {"uv": [4.504, 0.004, 6.996, 2.496], "texture": "#1_0"},
				"west": {"uv": [4.504, 0.004, 6.996, 2.496], "texture": "#1_0"},
				"up": {"uv": [4.504, 2.504, 6.996, 4.996], "texture": "#1_0"}
			}
		},
		{
			"from": [7, 0, 7],
			"to": [9, 8, 9],
			"rotation": {"angle": 0, "axis": "y", "origin": [12, 8, 8]},
			"faces": {
				"north": {"uv": [0.004, 3.004, 1.996, 10.996], "texture": "#1_0"},
				"east": {"uv": [0.004, 3.004, 1.996, 10.996], "texture": "#1_0"},
				"south": {"uv": [0.004, 3.004, 1.996, 10.996], "texture": "#1_0"},
				"west": {"uv": [0.004, 3.004, 1.996, 10.996], "texture": "#1_0"}
			}
		},
		{
			"from": [6.75, 8, 6.75],
			"to": [9.25, 9, 9.25],
			"rotation": {"angle": 0, "axis": "y", "origin": [12, 8, 8]},
			"faces": {
				"north": {"uv": [2.004, 2.504, 4.47, 3.47], "texture": "#1_0"},
				"east": {"uv": [2.004, 2.504, 4.47, 3.47], "texture": "#1_0"},
				"south": {"uv": [2.004, 2.504, 4.47, 3.47], "texture": "#1_0"},
				"west": {"uv": [2.004, 2.504, 4.47, 3.47], "texture": "#1_0"},
				"up": {"uv": [2.004, 0.004, 4.496, 2.496], "texture": "#1_0"},
				"down": {"uv": [2.004, 0.004, 4.496, 2.496], "texture": "#1_0"}
			}
		},
		{
			"from": [6.75, 6, 6.75],
			"to": [9.25, 7, 9.25],
			"rotation": {"angle": 0, "axis": "y", "origin": [12, 8, 8]},
			"faces": {
				"north": {"uv": [2.004, 2.504, 4.47, 3.47], "texture": "#1_0"},
				"east": {"uv": [2.004, 2.504, 4.47, 3.47], "texture": "#1_0"},
				"south": {"uv": [2.004, 2.504, 4.47, 3.47], "texture": "#1_0"},
				"west": {"uv": [2.004, 2.504, 4.47, 3.47], "texture": "#1_0"},
				"up": {"uv": [2.004, 0.004, 4.496, 2.496], "texture": "#1_0"},
				"down": {"uv": [2.004, 0.004, 4.496, 2.496], "texture": "#1_0"}
			}
		},
		{
			"from": [6.74825, 0, 6.75175],
			"to": [9.24825, 1, 9.25175],
			"rotation": {"angle": 0, "axis": "y", "origin": [12, 8, 8]},
			"faces": {
				"north": {"uv": [2.004, 2.504, 4.496, 3.496], "texture": "#1_0"},
				"east": {"uv": [2.004, 2.504, 4.496, 3.496], "texture": "#1_0"},
				"south": {"uv": [2.004, 2.504, 4.496, 3.496], "texture": "#1_0"},
				"west": {"uv": [2.004, 2.504, 4.496, 3.496], "texture": "#1_0"},
				"up": {"uv": [2.004, 0.004, 4.496, 2.496], "texture": "#1_0"},
				"down": {"uv": [2.004, 0.004, 4.496, 2.496], "texture": "#1_0"}
			}
		},
		{
			"from": [9.25, 8, 6.25],
			"to": [9.75, 11, 6.75],
			"rotation": {"angle": 0, "axis": "y", "origin": [10.25, 9.5, 7.75]},
			"faces": {
				"north": {"uv": [2.004, 3.504, 2.47, 6.47], "texture": "#1_0"},
				"east": {"uv": [2.004, 3.504, 2.47, 6.47], "texture": "#1_0"},
				"south": {"uv": [2.004, 3.504, 2.47, 6.47], "texture": "#1_0"},
				"west": {"uv": [2.004, 3.504, 2.47, 6.47], "texture": "#1_0"},
				"up": {"uv": [2.004, 3.504, 2.496, 3.996], "texture": "#1_0"},
				"down": {"uv": [2.004, 3.504, 2.496, 3.996], "texture": "#1_0"}
			}
		},
		{
			"from": [6.25, 8, 6.25],
			"to": [6.75, 11, 6.75],
			"rotation": {"angle": 0, "axis": "y", "origin": [10.25, 9.5, 7.75]},
			"faces": {
				"north": {"uv": [2.004, 3.504, 2.47, 6.47], "texture": "#1_0"},
				"east": {"uv": [2.004, 3.504, 2.47, 6.47], "texture": "#1_0"},
				"south": {"uv": [2.004, 3.504, 2.47, 6.47], "texture": "#1_0"},
				"west": {"uv": [2.004, 3.504, 2.47, 6.47], "texture": "#1_0"},
				"up": {"uv": [2.004, 3.504, 2.496, 3.996], "texture": "#1_0"},
				"down": {"uv": [2.004, 3.504, 2.496, 3.996], "texture": "#1_0"}
			}
		},
		{
			"from": [9.25, 8, 9.25],
			"to": [9.75, 11, 9.75],
			"rotation": {"angle": 0, "axis": "y", "origin": [10.25, 9.5, 7.75]},
			"faces": {
				"north": {"uv": [2.004, 3.504, 2.47, 6.47], "texture": "#1_0"},
				"east": {"uv": [2.004, 3.504, 2.47, 6.47], "texture": "#1_0"},
				"south": {"uv": [2.004, 3.504, 2.47, 6.47], "texture": "#1_0"},
				"west": {"uv": [2.004, 3.504, 2.47, 6.47], "texture": "#1_0"},
				"up": {"uv": [2.004, 3.504, 2.496, 3.996], "texture": "#1_0"},
				"down": {"uv": [2.004, 3.504, 2.496, 3.996], "texture": "#1_0"}
			}
		},
		{
			"from": [6.25, 8, 9.25],
			"to": [6.75, 11, 9.75],
			"rotation": {"angle": 0, "axis": "y", "origin": [10.25, 9.5, 7.75]},
			"faces": {
				"north": {"uv": [2.004, 3.504, 2.47, 6.47], "texture": "#1_0"},
				"east": {"uv": [2.004, 3.504, 2.47, 6.47], "texture": "#1_0"},
				"south": {"uv": [2.004, 3.504, 2.47, 6.47], "texture": "#1_0"},
				"west": {"uv": [2.004, 3.504, 2.47, 6.47], "texture": "#1_0"},
				"up": {"uv": [2.004, 3.504, 2.496, 3.996], "texture": "#1_0"},
				"down": {"uv": [2.004, 3.504, 2.496, 3.996], "texture": "#1_0"}
			}
		}
	],
	"gui_light": "front",
	"display": {
		"thirdperson_righthand": {
			"rotation": [10, 0, 0],
			"translation": [0, 2.75, 1]
		},
		"firstperson_righthand": {
			"rotation": [-9, -1, -1],
			"translation": [6.25, 3, -3],
			"scale": [0.9, 1.05, 0.9]
		},
		"ground": {
			"translation": [0, 3.5, 0],
			"scale": [0.7, 0.7, 0.7]
		}
	}
}