{
	"credit": "Made with Blockbench",
	"ambientocclusion": false,
	"textures": {
		"0": "block/soul_torch_model",
		"1_1": "block/soul_flame_torch",
		"particle": "block/warped_planks"
	},
	"elements": [
		{
			"from": [7, 4.75, 5.5],
			"to": [9, 12.75, 7.5],
			"rotation": {"angle": -45, "axis": "x", "origin": [8, 13.4, 6.5]},
			"faces": {
				"north": {"uv": [0.004, 3.004, 1.996, 10.996], "texture": "#0"},
				"east": {"uv": [0.004, 3.004, 1.996, 10.996], "texture": "#0"},
				"south": {"uv": [0.004, 3.004, 1.996, 10.996], "texture": "#0"},
				"west": {"uv": [0.004, 3.004, 1.996, 10.996], "texture": "#0"},
				"down": {"uv": [0.004, 11.004, 1.996, 12.996], "texture": "#0"}
			}
		},
		{
			"from": [6.75, 12.75, 5.25],
			"to": [9.25, 13.75, 7.75],
			"rotation": {"angle": -45, "axis": "x", "origin": [8, 13.4, 6.5]},
			"faces": {
				"north": {"uv": [2.004, 2.504, 4.47, 3.47], "texture": "#0"},
				"east": {"uv": [2.004, 2.504, 4.47, 3.47], "texture": "#0"},
				"south": {"uv": [2.004, 2.504, 4.47, 3.47], "texture": "#0"},
				"west": {"uv": [2.004, 2.504, 4.47, 3.47], "texture": "#0"},
				"up": {"uv": [2.004, 0.004, 4.47, 2.47], "texture": "#0"},
				"down": {"uv": [2.004, 0.004, 4.47, 2.47], "texture": "#0"}
			}
		},
		{
			"from": [9.25, 12.75, 4.75],
			"to": [9.75, 15.75, 5.25],
			"rotation": {"angle": -45, "axis": "x", "origin": [8, 13.4, 6.5]},
			"faces": {
				"north": {"uv": [2.004, 3.504, 2.47, 6.47], "texture": "#0"},
				"east": {"uv": [2.004, 3.504, 2.47, 6.47], "texture": "#0"},
				"south": {"uv": [2.004, 3.504, 2.47, 6.47], "texture": "#0"},
				"west": {"uv": [2.004, 3.504, 2.47, 6.47], "texture": "#0"},
				"up": {"uv": [2.004, 3.504, 2.496, 3.996], "texture": "#0"},
				"down": {"uv": [2.004, 6.504, 2.496, 6.996], "texture": "#0"}
			}
		},
		{
			"from": [6.25, 12.75, 4.75],
			"to": [6.75, 15.75, 5.25],
			"rotation": {"angle": -45, "axis": "x", "origin": [8, 13.4, 6.5]},
			"faces": {
				"north": {"uv": [2.004, 3.504, 2.47, 6.47], "texture": "#0"},
				"east": {"uv": [2.004, 3.504, 2.47, 6.47], "texture": "#0"},
				"south": {"uv": [2.004, 3.504, 2.47, 6.47], "texture": "#0"},
				"west": {"uv": [2.004, 3.504, 2.47, 6.47], "texture": "#0"},
				"up": {"uv": [2.004, 3.504, 2.496, 3.996], "texture": "#0"},
				"down": {"uv": [2.004, 6.504, 2.496, 6.996], "texture": "#0"}
			}
		},
		{
			"from": [9.25, 12.75, 7.75],
			"to": [9.75, 15.75, 8.25],
			"rotation": {"angle": -45, "axis": "x", "origin": [8, 13.4, 6.5]},
			"faces": {
				"north": {"uv": [2.004, 3.504, 2.47, 6.47], "texture": "#0"},
				"east": {"uv": [2.004, 3.504, 2.47, 6.47], "texture": "#0"},
				"south": {"uv": [2.004, 3.504, 2.47, 6.47], "texture": "#0"},
				"west": {"uv": [2.004, 3.504, 2.47, 6.47], "texture": "#0"},
				"up": {"uv": [2.004, 3.504, 2.496, 3.996], "texture": "#0"},
				"down": {"uv": [2.004, 6.504, 2.496, 6.996], "texture": "#0"}
			}
		},
		{
			"from": [9.25, 12.25, 6.25],
			"to": [9.75, 15.25, 6.75],
			"rotation": {"angle": -45, "axis": "x", "origin": [8, 13.4, 6.5]},
			"faces": {
				"north": {"uv": [2.004, 3.504, 2.47, 6.47], "texture": "#0"},
				"east": {"uv": [2.004, 3.504, 2.47, 6.47], "texture": "#0"},
				"south": {"uv": [2.004, 3.504, 2.47, 6.47], "texture": "#0"},
				"west": {"uv": [2.004, 3.504, 2.47, 6.47], "texture": "#0"},
				"up": {"uv": [2.004, 3.504, 2.496, 3.996], "texture": "#0"},
				"down": {"uv": [2.004, 6.504, 2.496, 6.996], "texture": "#0"}
			}
		},
		{
			"from": [7.75, 12.25, 7.75],
			"to": [8.25, 15.25, 8.25],
			"rotation": {"angle": -45, "axis": "x", "origin": [8, 13.4, 6.5]},
			"faces": {
				"north": {"uv": [2.004, 3.504, 2.47, 6.47], "texture": "#0"},
				"east": {"uv": [2.004, 3.504, 2.47, 6.47], "texture": "#0"},
				"south": {"uv": [2.004, 3.504, 2.47, 6.47], "texture": "#0"},
				"west": {"uv": [2.004, 3.504, 2.47, 6.47], "texture": "#0"},
				"up": {"uv": [2.004, 3.504, 2.496, 3.996], "texture": "#0"},
				"down": {"uv": [2.004, 6.504, 2.496, 6.996], "texture": "#0"}
			}
		},
		{
			"from": [6.25, 12.25, 6.25],
			"to": [6.75, 15.25, 6.75],
			"rotation": {"angle": -45, "axis": "x", "origin": [8, 13.4, 6.5]},
			"faces": {
				"north": {"uv": [2.004, 3.504, 2.47, 6.47], "texture": "#0"},
				"east": {"uv": [2.004, 3.504, 2.47, 6.47], "texture": "#0"},
				"south": {"uv": [2.004, 3.504, 2.47, 6.47], "texture": "#0"},
				"west": {"uv": [2.004, 3.504, 2.47, 6.47], "texture": "#0"},
				"up": {"uv": [2.004, 3.504, 2.496, 3.996], "texture": "#0"},
				"down": {"uv": [2.004, 6.504, 2.496, 6.996], "texture": "#0"}
			}
		},
		{
			"from": [7.75, 12.25, 4.75],
			"to": [8.25, 15.25, 5.25],
			"rotation": {"angle": -45, "axis": "x", "origin": [8, 13.4, 6.5]},
			"faces": {
				"north": {"uv": [2.004, 3.504, 2.47, 6.47], "texture": "#0"},
				"east": {"uv": [2.004, 3.504, 2.47, 6.47], "texture": "#0"},
				"south": {"uv": [2.004, 3.504, 2.47, 6.47], "texture": "#0"},
				"west": {"uv": [2.004, 3.504, 2.47, 6.47], "texture": "#0"},
				"up": {"uv": [2.004, 3.504, 2.496, 3.996], "texture": "#0"},
				"down": {"uv": [2.004, 6.504, 2.496, 6.996], "texture": "#0"}
			}
		},
		{
			"from": [6.25, 12.75, 7.75],
			"to": [6.75, 15.75, 8.25],
			"rotation": {"angle": -45, "axis": "x", "origin": [8, 13.4, 6.5]},
			"faces": {
				"north": {"uv": [2.004, 3.504, 2.47, 6.47], "texture": "#0"},
				"east": {"uv": [2.004, 3.504, 2.47, 6.47], "texture": "#0"},
				"south": {"uv": [2.004, 3.504, 2.47, 6.47], "texture": "#0"},
				"west": {"uv": [2.004, 3.504, 2.47, 6.47], "texture": "#0"},
				"up": {"uv": [2.004, 3.504, 2.496, 3.996], "texture": "#0"},
				"down": {"uv": [2.004, 6.504, 2.496, 6.996], "texture": "#0"}
			}
		},
		{
			"from": [6.25, 13.75, 5.75],
			"to": [9.75, 23.75, 5.75],
			"rotation": {"angle": 45, "axis": "y", "origin": [8, 18.75, 5.75]},
			"faces": {
				"north": {"uv": [6.504, 6.004, 9.996, 15.996], "texture": "#1_1"},
				"south": {"uv": [6.504, 6.004, 9.996, 15.996], "texture": "#1_1"}
			}
		},
		{
			"from": [6.25, 13.75, 5.75],
			"to": [9.75, 23.75, 5.75],
			"rotation": {"angle": -45, "axis": "y", "origin": [8, 18.75, 5.75]},
			"faces": {
				"north": {"uv": [6.504, 6.004, 9.996, 15.996], "texture": "#1_1"},
				"south": {"uv": [6.504, 6.004, 9.996, 15.996], "texture": "#1_1"}
			}
		}
	],
	"gui_light": "front",
	"display": {
		"thirdperson_righthand": {
			"rotation": [60, 0, 0],
			"translation": [0, 1.25, -1.75]
		},
		"firstperson_righthand": {
			"rotation": [1, -12, 2],
			"translation": [6.25, -3.75, -4.75],
			"scale": [1, 1.16, 1]
		},
		"ground": {
			"translation": [0, 2, 0],
			"scale": [0.6, 0.6, 0.6]
		},
		"gui": {
			"rotation": [0, -180, 0],
			"translation": [0, -6.25, 0]
		},
		"fixed": {
			"rotation": [0, 90, 0],
			"translation": [0, -5.75, -1.25]
		}
	}
}