{
	"credit": "Made with Blockbench",
	"parent": "item/handheld",
	"textures": {
		"layer0": "item/iron_sword"
	},
	"display": {
		"thirdperson_righthand": {
			"rotation": [0, -90, 55],
			"translation": [0, 4, 0.5],
			"scale": [0.85, 0.85, 0.85]
		},
		"thirdperson_lefthand": {
			"rotation": [-98, -105, 25],
			"translation": [-2, -4.7, 0.75],
			"scale": [0.85, 0.85, 0.85]
		},
		"firstperson_righthand": {
			"rotation": [-2, -90, 25],
			"translation": [1.13, 3.2, 1.13],
			"scale": [0.68, 0.68, 0.6]
		},
		"firstperson_lefthand": {
			"rotation": [160, 80, -48],
			"translation": [2, -2.75, 0],
			"scale": [0.68, 0.68, 0.6]
		},
		"ground": {
			"rotation": [0, 0, 45],
			"translation": [0, 5.75, 0],
			"scale": [0.7, 0.7, 0.68]
		}
	}
}