{
	"credit": "Made with Blockbench",
	"parent": "item/handheld",
	"textures": {
		"layer0": "item/stone_axe"
	},
	"display": {
		"thirdperson_righthand": {
			"rotation": [0, -90, 45],
			"translation": [0, 4.25, 1.3],
			"scale": [0.9, 0.9, 0.9]
		},
		"thirdperson_lefthand": {
			"rotation": [0, 90, -45],
			"translation": [0, 4.25, 1.3],
			"scale": [0.9, 0.9, 0.9]
		},
		"firstperson_righthand": {
			"rotation": [0, -90, 30],
			"translation": [1.13, 3.2, 0.38],
			"scale": [0.78, 0.78, 0.78]
		},
		"firstperson_lefthand": {
			"rotation": [0, 90, -32],
			"translation": [1.13, 3.2, 1.13],
			"scale": [0.78, 0.78, 0.78]
		}
	}
}