{
	"credit": "Made with Blockbench",
	"ambientocclusion": false,
	"textures": {
		"0": "block/torch_model",
		"1_1": "block/torch_flame",
		"particle": "block/oak_planks"
	},
	"elements": [
		{
			"from": [7, 3.5, 7],
			"to": [9, 14.5, 9],
			"rotation": {"angle": -45, "axis": "x", "origin": [8, 10.25, 8]},
			"faces": {
				"north": {"uv": [0.004, 0.004, 1.996, 10.996], "texture": "#0"},
				"east": {"uv": [0.004, 0.004, 1.996, 10.996], "texture": "#0"},
				"south": {"uv": [0.004, 0.004, 1.996, 10.996], "texture": "#0"},
				"west": {"uv": [0.004, 0.004, 1.996, 10.996], "texture": "#0"},
				"up": {"uv": [0.004, 11.004, 1.996, 12.996], "texture": "#0"},
				"down": {"uv": [0.004, 13.004, 1.996, 14.996], "texture": "#0"}
			}
		},
		{
			"from": [6.75, 11, 6.75],
			"to": [9.25, 14, 9.25],
			"rotation": {"angle": -45, "axis": "x", "origin": [8, 10.25, 8]},
			"faces": {
				"north": {"uv": [2.004, 9.504, 4.496, 12.496], "texture": "#0"},
				"east": {"uv": [2.004, 9.504, 4.496, 12.496], "texture": "#0"},
				"south": {"uv": [2.004, 9.504, 4.496, 12.496], "texture": "#0"},
				"west": {"uv": [2.004, 9.504, 4.496, 12.496], "texture": "#0"},
				"up": {"uv": [2.004, 7.004, 4.496, 9.496], "texture": "#0"},
				"down": {"uv": [2.004, 7.004, 4.496, 9.496], "texture": "#0"}
			}
		},
		{
			"from": [6.25, 12.5, 5.75],
			"to": [9.75, 22.5, 5.75],
			"rotation": {"angle": 45, "axis": "y", "origin": [8, 16, 5.75]},
			"faces": {
				"north": {"uv": [6.504, 6.004, 9.996, 15.996], "texture": "#1_1"},
				"south": {"uv": [6.504, 6.004, 9.996, 15.996], "texture": "#1_1"}
			}
		},
		{
			"from": [6.25, 12.5, 5.75],
			"to": [10, 22.5, 5.75],
			"rotation": {"angle": -45, "axis": "y", "origin": [8, 17.5, 5.75]},
			"faces": {
				"north": {"uv": [6.504, 6.004, 9.996, 15.996], "texture": "#1_1"},
				"south": {"uv": [6.504, 6.004, 9.996, 15.996], "texture": "#1_1"}
			}
		}
	],
	"gui_light": "front",
	"display": {
		"thirdperson_righthand": {
			"rotation": [60, 0, 0],
			"translation": [0, 2.25, -0.25]
		},
		"firstperson_righthand": {
			"rotation": [-5.5, 6.5, -5],
			"translation": [6, -1.5, -4.75],
			"scale": [1, 1.16, 1]
		},
		"ground": {
			"translation": [0, 2, 0],
			"scale": [0.6, 0.6, 0.6]
		},
		"gui": {
			"rotation": [0, -180, 0],
			"translation": [0, -5.25, 0]
		},
		"fixed": {
			"rotation": [0, 90, 0],
			"translation": [-0.5, -3.75, -0.5]
		}
	}
}