{
	"format_version": "1.12.0",
	"minecraft:geometry": [
		{
			"description": {
				"identifier": "geometry.unknown",
				"texture_width": 512,
				"texture_height": 512,
				"visible_bounds_width": 5,
				"visible_bounds_height": 4,
				"visible_bounds_offset": [0, 1, 0]
			},
			"bones": [
				{
					"name": "scope_body",
					"pivot": [0, 0, 0]
				},
				{
					"name": "bone",
					"parent": "scope_body",
					"pivot": [0, 1.75, -3],
					"cubes": [
						{
							"origin": [-0.25, 0.3, -1.375],
							"size": [0.5, 0.3625, 3.25],
							"uv": {
								"north": {"uv": [5, 61], "uv_size": [1, 1]},
								"east": {"uv": [11, 33], "uv_size": [7, 1]},
								"south": {"uv": [61, 5], "uv_size": [1, 1]},
								"west": {"uv": [33, 31], "uv_size": [7, 1]},
								"up": {"uv": [21, 33], "uv_size": [1, 7]},
								"down": {"uv": [35, 20], "uv_size": [1, -7]}
							}
						},
						{
							"origin": [-0.25, 0.5625, 1.125],
							"size": [0.5, 0.75, 0.75],
							"uv": {
								"north": {"uv": [5, 49], "uv_size": [1, 2]},
								"south": {"uv": [49, 5], "uv_size": [1, 2]}
							}
						},
						{
							"origin": [-0.25, 0.5625, -1.375],
							"size": [0.5, 0.75, 0.75],
							"uv": {
								"north": {"uv": [49, 9], "uv_size": [1, 2]},
								"south": {"uv": [19, 49], "uv_size": [1, 2]}
							}
						},
						{
							"origin": [0.62186, 0.99242, -1.125],
							"size": [0.125, 0.25, 0.25],
							"pivot": [0.30936, 1.11742, -1],
							"rotation": [-45, 0, 45],
							"uv": {
								"north": {"uv": [65, 13], "uv_size": [1, 1]},
								"east": {"uv": [17, 65], "uv_size": [1, 1]},
								"south": {"uv": [65, 17], "uv_size": [1, 1]},
								"west": {"uv": [65, 21], "uv_size": [1, 1]},
								"up": {"uv": [25, 65], "uv_size": [1, 1]},
								"down": {"uv": [65, 26], "uv_size": [1, -1]}
							}
						},
						{
							"origin": [-0.74686, 0.99242, -1.125],
							"size": [0.125, 0.25, 0.25],
							"pivot": [-0.30936, 1.11742, -1],
							"rotation": [-45, 0, -45],
							"uv": {
								"north": {"uv": [65, 29], "uv_size": [1, 1]},
								"east": {"uv": [37, 65], "uv_size": [1, 1]},
								"south": {"uv": [65, 45], "uv_size": [1, 1]},
								"west": {"uv": [65, 49], "uv_size": [1, 1]},
								"up": {"uv": [53, 65], "uv_size": [1, 1]},
								"down": {"uv": [65, 54], "uv_size": [1, -1]}
							}
						},
						{
							"origin": [-0.74686, 0.99242, 1.375],
							"size": [0.125, 0.25, 0.25],
							"pivot": [-0.30936, 1.11742, 1.5],
							"rotation": [-45, 0, -45],
							"uv": {
								"north": {"uv": [57, 65], "uv_size": [1, 1]},
								"east": {"uv": [65, 57], "uv_size": [1, 1]},
								"south": {"uv": [61, 65], "uv_size": [1, 1]},
								"west": {"uv": [65, 65], "uv_size": [1, 1]},
								"up": {"uv": [1, 67], "uv_size": [1, 1]},
								"down": {"uv": [9, 68], "uv_size": [1, -1]}
							}
						},
						{
							"origin": [0.62186, 0.99242, 1.375],
							"size": [0.125, 0.25, 0.25],
							"pivot": [0.30936, 1.11742, 1.5],
							"rotation": [-45, 0, 45],
							"uv": {
								"north": {"uv": [13, 67], "uv_size": [1, 1]},
								"east": {"uv": [21, 67], "uv_size": [1, 1]},
								"south": {"uv": [29, 67], "uv_size": [1, 1]},
								"west": {"uv": [33, 67], "uv_size": [1, 1]},
								"up": {"uv": [67, 33], "uv_size": [1, 1]},
								"down": {"uv": [67, 38], "uv_size": [1, -1]}
							}
						},
						{
							"origin": [-0.58839, 0.625, 1.125],
							"size": [1.25, 1.25, 0.75],
							"pivot": [-0.08839, 1.25, 1.5],
							"rotation": [0, 0, 45],
							"uv": {
								"north": {"uv": [17, 21], "uv_size": [3, 3]},
								"east": {"uv": [35, 23], "uv_size": [2, 3]},
								"south": {"uv": [23, 21], "uv_size": [3, 3]},
								"west": {"uv": [33, 35], "uv_size": [2, 3]},
								"up": {"uv": [1, 37], "uv_size": [3, 2]},
								"down": {"uv": [37, 3], "uv_size": [3, -2]}
							}
						},
						{
							"origin": [-0.58839, 0.625, -1.375],
							"size": [1.25, 1.25, 0.75],
							"pivot": [-0.08839, 1.25, -1],
							"rotation": [0, 0, 45],
							"uv": {
								"north": {"uv": [25, 1], "uv_size": [3, 3]},
								"east": {"uv": [37, 5], "uv_size": [2, 3]},
								"south": {"uv": [25, 7], "uv_size": [3, 3]},
								"west": {"uv": [7, 37], "uv_size": [2, 3]},
								"up": {"uv": [11, 37], "uv_size": [3, 2]},
								"down": {"uv": [25, 39], "uv_size": [3, -2]}
							}
						},
						{
							"origin": [-0.38833, 0.8125, -1.625],
							"size": [0.77666, 1.875, 5],
							"pivot": [0, 1.75, 0.875],
							"rotation": [0, 0, 45],
							"uv": {
								"north": {"uv": [1, 25], "uv_size": [2, 4]},
								"south": {"uv": [25, 13], "uv_size": [2, 4]},
								"up": {"uv": [1, 1], "uv_size": [2, 10]},
								"down": {"uv": [5, 11], "uv_size": [2, -10]}
							}
						},
						{
							"origin": [-0.38833, 0.8125, -1.625],
							"size": [0.77666, 1.875, 5],
							"uv": {
								"north": {"uv": [17, 27], "uv_size": [2, 4]},
								"south": {"uv": [21, 27], "uv_size": [2, 4]},
								"up": {"uv": [9, 1], "uv_size": [2, 10]},
								"down": {"uv": [1, 23], "uv_size": [2, -10]}
							}
						},
						{
							"origin": [-0.9375, 1.36167, -1.625],
							"size": [1.875, 0.77666, 5],
							"pivot": [0, 1.75, 0.875],
							"rotation": [0, 0, 45],
							"uv": {
								"north": {"uv": [25, 27], "uv_size": [4, 2]},
								"east": {"uv": [13, 1], "uv_size": [10, 2]},
								"south": {"uv": [5, 29], "uv_size": [4, 2]},
								"west": {"uv": [5, 13], "uv_size": [10, 2]}
							}
						},
						{
							"origin": [-0.9375, 1.36167, -1.625],
							"size": [1.875, 0.77666, 5],
							"uv": {
								"north": {"uv": [11, 29], "uv_size": [4, 2]},
								"east": {"uv": [13, 5], "uv_size": [10, 2]},
								"south": {"uv": [29, 13], "uv_size": [4, 2]},
								"west": {"uv": [13, 9], "uv_size": [10, 2]}
							}
						},
						{
							"origin": [-0.75, 1.25, -6.375],
							"size": [1.5, 1, 0],
							"pivot": [0, 1.75, -5.875],
							"rotation": [0, 0, 45],
							"uv": {
								"north": {"uv": [37, 35], "uv_size": [3, 2]},
								"south": {"uv": [39, 11], "uv_size": [3, 2]}
							}
						},
						{
							"origin": [-0.5625, 2.25, -6.375],
							"size": [1.125, 0.25, 0],
							"pivot": [0, 1.75, -5.875],
							"rotation": [0, 0, 45],
							"uv": {
								"north": {"uv": [49, 51], "uv_size": [2, 1]},
								"south": {"uv": [53, 1], "uv_size": [2, 1]}
							}
						},
						{
							"origin": [-0.5625, 1, -6.375],
							"size": [1.125, 0.25, 0],
							"pivot": [0, 1.75, -5.875],
							"rotation": [0, 0, 45],
							"uv": {
								"north": {"uv": [5, 53], "uv_size": [2, 1]},
								"south": {"uv": [53, 5], "uv_size": [2, 1]}
							}
						},
						{
							"origin": [-0.3125, 3.275, -0.525],
							"size": [0.625, 0.05, 0.625],
							"pivot": [0, 3.4, -0.2125],
							"rotation": [0, -22.5, 0],
							"uv": {
								"north": {"uv": [13, 71], "uv_size": [1, 1]},
								"east": {"uv": [21, 71], "uv_size": [1, 1]},
								"south": {"uv": [29, 71], "uv_size": [1, 1]},
								"west": {"uv": [33, 71], "uv_size": [1, 1]},
								"up": {"uv": [71, 33], "uv_size": [1, 1]},
								"down": {"uv": [71, 38], "uv_size": [1, -1]}
							}
						},
						{
							"origin": [-0.20711, 1.9625, -0.7125],
							"size": [0.41422, 1, 1],
							"pivot": [0, 2.4625, -0.2125],
							"rotation": [0, -45, 0],
							"uv": {
								"north": {"uv": [27, 53], "uv_size": [1, 2]},
								"south": {"uv": [53, 29], "uv_size": [1, 2]},
								"up": {"uv": [41, 53], "uv_size": [1, 2]},
								"down": {"uv": [53, 49], "uv_size": [1, -2]}
							}
						},
						{
							"origin": [-0.20711, 1.9625, -0.7125],
							"size": [0.41422, 1, 1],
							"uv": {
								"north": {"uv": [53, 51], "uv_size": [1, 2]},
								"south": {"uv": [1, 55], "uv_size": [1, 2]},
								"up": {"uv": [9, 55], "uv_size": [1, 2]}
							}
						},
						{
							"origin": [-0.5, 1.9625, -0.41961],
							"size": [1, 1, 0.41422],
							"pivot": [0, 2.4625, -0.2125],
							"rotation": [0, -45, 0],
							"uv": {
								"east": {"uv": [13, 55], "uv_size": [1, 2]},
								"west": {"uv": [21, 55], "uv_size": [1, 2]},
								"up": {"uv": [31, 55], "uv_size": [2, 1]},
								"down": {"uv": [55, 34], "uv_size": [2, -1]}
							}
						},
						{
							"origin": [-0.25888, 2.275, -0.35],
							"size": [0.51776, 1.25, 0.5125],
							"pivot": [0, 2.9, -0.2125],
							"rotation": [90, -45, 0],
							"uv": {
								"north": {"uv": [43, 27], "uv_size": [1, 3]},
								"east": {"uv": [43, 33], "uv_size": [1, 3]},
								"south": {"uv": [41, 43], "uv_size": [1, 3]},
								"west": {"uv": [1, 45], "uv_size": [1, 3]},
								"up": {"uv": [41, 71], "uv_size": [1, 1]},
								"down": {"uv": [71, 42], "uv_size": [1, -1]}
							}
						},
						{
							"origin": [-0.25888, 2.275, -0.35],
							"size": [0.51776, 1.25, 0.5125],
							"pivot": [0, 2.9, -0.2125],
							"rotation": [90, 0, 0],
							"uv": {
								"north": {"uv": [45, 9], "uv_size": [1, 3]},
								"east": {"uv": [11, 45], "uv_size": [1, 3]},
								"south": {"uv": [15, 45], "uv_size": [1, 3]},
								"west": {"uv": [25, 45], "uv_size": [1, 3]},
								"up": {"uv": [45, 71], "uv_size": [1, 1]},
								"down": {"uv": [49, 72], "uv_size": [1, -1]}
							}
						},
						{
							"origin": [-0.625, 2.64112, -0.35],
							"size": [1.25, 0.51776, 0.5125],
							"pivot": [0, 2.9, -0.2125],
							"rotation": [90, 0, 0],
							"uv": {
								"north": {"uv": [29, 45], "uv_size": [3, 1]},
								"east": {"uv": [71, 61], "uv_size": [1, 1]},
								"south": {"uv": [45, 39], "uv_size": [3, 1]},
								"west": {"uv": [73, 1], "uv_size": [1, 1]},
								"up": {"uv": [45, 43], "uv_size": [3, 1]},
								"down": {"uv": [47, 16], "uv_size": [3, -1]}
							}
						},
						{
							"origin": [-0.625, 2.64112, -0.35],
							"size": [1.25, 0.51776, 0.5125],
							"pivot": [0, 2.9, -0.2125],
							"rotation": [90, -45, 0],
							"uv": {
								"north": {"uv": [47, 19], "uv_size": [3, 1]},
								"east": {"uv": [5, 73], "uv_size": [1, 1]},
								"south": {"uv": [47, 27], "uv_size": [3, 1]},
								"west": {"uv": [73, 5], "uv_size": [1, 1]},
								"up": {"uv": [47, 31], "uv_size": [3, 1]},
								"down": {"uv": [35, 48], "uv_size": [3, -1]}
							}
						},
						{
							"origin": [-0.5, 1.9625, -0.41961],
							"size": [1, 1, 0.41422],
							"uv": {
								"east": {"uv": [35, 55], "uv_size": [1, 2]},
								"west": {"uv": [55, 37], "uv_size": [1, 2]},
								"up": {"uv": [55, 41], "uv_size": [2, 1]}
							}
						}
					]
				},
				{
					"name": "bone2",
					"parent": "bone",
					"pivot": [1.17778, 1.70278, -0.4125],
					"rotation": [0, 0, 90],
					"cubes": [
						{
							"origin": [0.86528, 2.19722, -0.725],
							"size": [0.625, 0.05, 0.625],
							"pivot": [1.17778, 2.22222, -0.4125],
							"rotation": [0, -22.5, 0],
							"uv": {
								"north": {"uv": [13, 71], "uv_size": [1, 1]},
								"east": {"uv": [21, 71], "uv_size": [1, 1]},
								"south": {"uv": [29, 71], "uv_size": [1, 1]},
								"west": {"uv": [33, 71], "uv_size": [1, 1]},
								"up": {"uv": [71, 33], "uv_size": [1, 1]},
								"down": {"uv": [71, 38], "uv_size": [1, -1]}
							}
						},
						{
							"origin": [0.55278, 1.63209, -0.71875],
							"size": [1.25, 0.51776, 0.6125],
							"pivot": [1.17778, 1.89097, -0.4125],
							"rotation": [90, 0, 0],
							"uv": {
								"north": {"uv": [29, 45], "uv_size": [3, 1]},
								"east": {"uv": [71, 61], "uv_size": [1, 1]},
								"south": {"uv": [45, 39], "uv_size": [3, 1]},
								"west": {"uv": [73, 1], "uv_size": [1, 1]},
								"up": {"uv": [45, 43], "uv_size": [3, 1]},
								"down": {"uv": [47, 16], "uv_size": [3, -1]}
							}
						},
						{
							"origin": [0.9189, 1.26597, -0.71875],
							"size": [0.51776, 1.25, 0.6125],
							"pivot": [1.17778, 1.89097, -0.4125],
							"rotation": [90, -45, 0],
							"uv": {
								"north": {"uv": [43, 27], "uv_size": [1, 3]},
								"east": {"uv": [43, 33], "uv_size": [1, 3]},
								"south": {"uv": [41, 43], "uv_size": [1, 3]},
								"west": {"uv": [1, 45], "uv_size": [1, 3]},
								"up": {"uv": [41, 71], "uv_size": [1, 1]},
								"down": {"uv": [71, 42], "uv_size": [1, -1]}
							}
						},
						{
							"origin": [0.55278, 1.63209, -0.71875],
							"size": [1.25, 0.51776, 0.6125],
							"pivot": [1.17778, 1.89097, -0.4125],
							"rotation": [90, -45, 0],
							"uv": {
								"north": {"uv": [47, 19], "uv_size": [3, 1]},
								"east": {"uv": [5, 73], "uv_size": [1, 1]},
								"south": {"uv": [47, 27], "uv_size": [3, 1]},
								"west": {"uv": [73, 5], "uv_size": [1, 1]},
								"up": {"uv": [47, 31], "uv_size": [3, 1]},
								"down": {"uv": [35, 48], "uv_size": [3, -1]}
							}
						},
						{
							"origin": [0.9189, 1.26597, -0.71875],
							"size": [0.51776, 1.25, 0.6125],
							"pivot": [1.17778, 1.89097, -0.4125],
							"rotation": [90, 0, 0],
							"uv": {
								"north": {"uv": [45, 9], "uv_size": [1, 3]},
								"east": {"uv": [11, 45], "uv_size": [1, 3]},
								"south": {"uv": [15, 45], "uv_size": [1, 3]},
								"west": {"uv": [25, 45], "uv_size": [1, 3]},
								"up": {"uv": [45, 71], "uv_size": [1, 1]},
								"down": {"uv": [49, 72], "uv_size": [1, -1]}
							}
						},
						{
							"origin": [0.67778, 0.88472, -0.61961],
							"size": [1, 1, 0.41422],
							"uv": {
								"east": {"uv": [35, 55], "uv_size": [1, 2]},
								"west": {"uv": [55, 37], "uv_size": [1, 2]},
								"up": {"uv": [55, 41], "uv_size": [2, 1]}
							}
						},
						{
							"origin": [0.67778, 0.88472, -0.61961],
							"size": [1, 1, 0.41422],
							"pivot": [1.17778, 1.38472, -0.4125],
							"rotation": [0, -45, 0],
							"uv": {
								"east": {"uv": [13, 55], "uv_size": [1, 2]},
								"west": {"uv": [21, 55], "uv_size": [1, 2]},
								"up": {"uv": [31, 55], "uv_size": [2, 1]},
								"down": {"uv": [55, 34], "uv_size": [2, -1]}
							}
						},
						{
							"origin": [0.97067, 0.88472, -0.9125],
							"size": [0.41422, 1, 1],
							"pivot": [1.17778, 1.38472, -0.4125],
							"rotation": [0, -45, 0],
							"uv": {
								"north": {"uv": [27, 53], "uv_size": [1, 2]},
								"south": {"uv": [53, 29], "uv_size": [1, 2]},
								"up": {"uv": [41, 53], "uv_size": [1, 2]},
								"down": {"uv": [53, 49], "uv_size": [1, -2]}
							}
						},
						{
							"origin": [0.97067, 0.88472, -0.9125],
							"size": [0.41422, 1, 1],
							"uv": {
								"north": {"uv": [53, 51], "uv_size": [1, 2]},
								"south": {"uv": [1, 55], "uv_size": [1, 2]},
								"up": {"uv": [9, 55], "uv_size": [1, 2]}
							}
						}
					]
				},
				{
					"name": "bone21",
					"parent": "bone",
					"pivot": [0.00114, -0.37582, -0.16042],
					"cubes": [
						{
							"origin": [1, -1.65, -0.3],
							"size": [0.2, 0.3, 3.4],
							"inflate": 0.003,
							"uv": {
								"north": {"uv": [104, 247], "uv_size": [1, 1]},
								"east": {"uv": [35, 421], "uv_size": [7, 1]},
								"south": {"uv": [86, 507], "uv_size": [1, 1]},
								"west": {"uv": [100, 442], "uv_size": [7, 1]},
								"up": {"uv": [32, 469], "uv_size": [1, 7]},
								"down": {"uv": [9, 549], "uv_size": [1, -7]}
							}
						},
						{
							"origin": [1.2, -1.85, -0.3],
							"size": [0.2, 0.7, 3.4],
							"inflate": 0.003,
							"uv": {
								"north": {"uv": [104, 249], "uv_size": [1, 1]},
								"east": {"uv": [11, 542], "uv_size": [7, 1]},
								"south": {"uv": [37, 552], "uv_size": [1, 1]},
								"west": {"uv": [128, 426], "uv_size": [7, 1]},
								"up": {"uv": [32, 479], "uv_size": [1, 7]},
								"down": {"uv": [38, 440], "uv_size": [1, -7]}
							}
						},
						{
							"origin": [1.34064, -1.85, 0.27476],
							"size": [0.1, 0.7, 0.4],
							"inflate": 0.002,
							"pivot": [1.39064, -1.5, 0.47476],
							"rotation": [0, -18, 0],
							"uv": {
								"north": {"uv": [104, 251], "uv_size": [1, 1]},
								"east": {"uv": [39, 552], "uv_size": [1, 1]},
								"south": {"uv": [1, 554], "uv_size": [1, 1]},
								"west": {"uv": [140, 414], "uv_size": [1, 1]},
								"up": {"uv": [6, 505], "uv_size": [1, 1]},
								"down": {"uv": [41, 517], "uv_size": [1, -1]}
							}
						},
						{
							"origin": [1.4, -1.85, -0.2],
							"size": [0.1, 0.7, 0.5],
							"inflate": 0.003,
							"uv": {
								"north": {"uv": [70, 255], "uv_size": [1, 1]},
								"east": {"uv": [41, 518], "uv_size": [1, 1]},
								"south": {"uv": [7, 554], "uv_size": [1, 1]},
								"west": {"uv": [140, 420], "uv_size": [1, 1]},
								"up": {"uv": [12, 505], "uv_size": [1, 1]},
								"down": {"uv": [41, 523], "uv_size": [1, -1]}
							}
						},
						{
							"origin": [1.34833, -1.75, -1.18601],
							"size": [0.1, 0.3, 0.99395],
							"inflate": 0.003,
							"pivot": [1.39833, -1.6, -0.68903],
							"rotation": [0, 6, 0],
							"uv": {
								"north": {"uv": [76, 335], "uv_size": [1, 1]},
								"east": {"uv": [35, 534], "uv_size": [2, 1]},
								"south": {"uv": [41, 524], "uv_size": [1, 1]},
								"west": {"uv": [122, 448], "uv_size": [2, 1]},
								"up": {"uv": [28, 499], "uv_size": [1, 2]},
								"down": {"uv": [35, 462], "uv_size": [1, -2]}
							}
						},
						{
							"origin": [-1.44833, -1.75, -1.18601],
							"size": [0.1, 0.3, 0.99395],
							"inflate": 0.003,
							"pivot": [-1.39833, -1.6, -0.68903],
							"rotation": [0, -6, 0],
							"uv": {
								"north": {"uv": [78, 255], "uv_size": [1, 1]},
								"east": {"uv": [29, 548], "uv_size": [2, 1]},
								"south": {"uv": [41, 526], "uv_size": [1, 1]},
								"west": {"uv": [134, 442], "uv_size": [2, 1]},
								"up": {"uv": [34, 499], "uv_size": [1, 2]},
								"down": {"uv": [84, 383], "uv_size": [1, -2]}
							}
						},
						{
							"origin": [1.4, -1.65, 1.1],
							"size": [0.1, 0.3, 0.3],
							"inflate": 0.003,
							"pivot": [1.45, -1.5, 1.25],
							"rotation": [45, 0, 0],
							"uv": {
								"north": {"uv": [80, 255], "uv_size": [1, 1]},
								"east": {"uv": [41, 528], "uv_size": [1, 1]},
								"south": {"uv": [17, 554], "uv_size": [1, 1]},
								"west": {"uv": [140, 430], "uv_size": [1, 1]},
								"up": {"uv": [22, 505], "uv_size": [1, 1]},
								"down": {"uv": [41, 533], "uv_size": [1, -1]}
							}
						},
						{
							"origin": [1.34064, -1.85, 2.12524],
							"size": [0.1, 0.7, 0.4],
							"inflate": 0.002,
							"pivot": [1.39064, -1.5, 2.32524],
							"rotation": [0, 18, 0],
							"uv": {
								"north": {"uv": [86, 255], "uv_size": [1, 1]},
								"east": {"uv": [41, 534], "uv_size": [1, 1]},
								"south": {"uv": [23, 554], "uv_size": [1, 1]},
								"west": {"uv": [140, 436], "uv_size": [1, 1]},
								"up": {"uv": [28, 505], "uv_size": [1, 1]},
								"down": {"uv": [41, 539], "uv_size": [1, -1]}
							}
						},
						{
							"origin": [1.4, -1.85, 2.5],
							"size": [0.1, 0.7, 0.5],
							"inflate": 0.003,
							"uv": {
								"north": {"uv": [101, 507], "uv_size": [1, 1]},
								"east": {"uv": [32, 288], "uv_size": [1, 1]},
								"south": {"uv": [29, 554], "uv_size": [1, 1]},
								"west": {"uv": [140, 442], "uv_size": [1, 1]},
								"up": {"uv": [34, 505], "uv_size": [1, 1]},
								"down": {"uv": [41, 545], "uv_size": [1, -1]}
							}
						},
						{
							"origin": [-1.5, -1.85, 2.5],
							"size": [0.1, 0.7, 0.5],
							"inflate": 0.003,
							"uv": {
								"north": {"uv": [98, 255], "uv_size": [1, 1]},
								"east": {"uv": [41, 546], "uv_size": [1, 1]},
								"south": {"uv": [35, 554], "uv_size": [1, 1]},
								"west": {"uv": [140, 448], "uv_size": [1, 1]},
								"up": {"uv": [40, 505], "uv_size": [1, 1]},
								"down": {"uv": [41, 551], "uv_size": [1, -1]}
							}
						},
						{
							"origin": [-1.44064, -1.85, 2.12524],
							"size": [0.1, 0.7, 0.4],
							"inflate": 0.002,
							"pivot": [-1.39064, -1.5, 2.32524],
							"rotation": [0, -18, 0],
							"uv": {
								"north": {"uv": [104, 255], "uv_size": [1, 1]},
								"east": {"uv": [41, 552], "uv_size": [1, 1]},
								"south": {"uv": [41, 554], "uv_size": [1, 1]},
								"west": {"uv": [100, 456], "uv_size": [1, 1]},
								"up": {"uv": [46, 465], "uv_size": [1, 1]},
								"down": {"uv": [3, 557], "uv_size": [1, -1]}
							}
						},
						{
							"origin": [-1.5, -1.65, 1.1],
							"size": [0.1, 0.3, 0.3],
							"inflate": 0.003,
							"pivot": [-1.45, -1.5, 1.25],
							"rotation": [45, 0, 0],
							"uv": {
								"north": {"uv": [117, 469], "uv_size": [1, 1]},
								"east": {"uv": [50, 482], "uv_size": [1, 1]},
								"south": {"uv": [43, 518], "uv_size": [1, 1]},
								"west": {"uv": [106, 456], "uv_size": [1, 1]},
								"up": {"uv": [46, 471], "uv_size": [1, 1]},
								"down": {"uv": [0, 305], "uv_size": [1, -1]}
							}
						},
						{
							"origin": [-1.44064, -1.85, 0.27476],
							"size": [0.1, 0.7, 0.4],
							"inflate": 0.002,
							"pivot": [-1.39064, -1.5, 0.47476],
							"rotation": [0, 18, 0],
							"uv": {
								"north": {"uv": [108, 223], "uv_size": [1, 1]},
								"east": {"uv": [11, 556], "uv_size": [1, 1]},
								"south": {"uv": [43, 524], "uv_size": [1, 1]},
								"west": {"uv": [112, 456], "uv_size": [1, 1]},
								"up": {"uv": [46, 477], "uv_size": [1, 1]},
								"down": {"uv": [15, 557], "uv_size": [1, -1]}
							}
						},
						{
							"origin": [-1.5, -1.85, -0.2],
							"size": [0.1, 0.7, 0.5],
							"inflate": 0.003,
							"uv": {
								"north": {"uv": [108, 229], "uv_size": [1, 1]},
								"east": {"uv": [17, 556], "uv_size": [1, 1]},
								"south": {"uv": [43, 530], "uv_size": [1, 1]},
								"west": {"uv": [118, 456], "uv_size": [1, 1]},
								"up": {"uv": [46, 483], "uv_size": [1, 1]},
								"down": {"uv": [21, 557], "uv_size": [1, -1]}
							}
						},
						{
							"origin": [1.2, -1.74749, 2.85251],
							"size": [0.2, 0.49497, 0.49497],
							"inflate": 0.002,
							"pivot": [1.3, -1.5, 3.1],
							"rotation": [45, 0, 0],
							"uv": {
								"north": {"uv": [108, 235], "uv_size": [1, 1]},
								"east": {"uv": [23, 556], "uv_size": [1, 1]},
								"south": {"uv": [75, 498], "uv_size": [1, 1]},
								"west": {"uv": [124, 456], "uv_size": [1, 1]},
								"up": {"uv": [46, 489], "uv_size": [1, 1]},
								"down": {"uv": [27, 557], "uv_size": [1, -1]}
							}
						},
						{
							"origin": [-1.4, -1.74749, 2.85251],
							"size": [0.2, 0.49497, 0.49497],
							"inflate": 0.002,
							"pivot": [-1.3, -1.5, 3.1],
							"rotation": [45, 0, 0],
							"uv": {
								"north": {"uv": [108, 241], "uv_size": [1, 1]},
								"east": {"uv": [29, 556], "uv_size": [1, 1]},
								"south": {"uv": [66, 479], "uv_size": [1, 1]},
								"west": {"uv": [130, 456], "uv_size": [1, 1]},
								"up": {"uv": [46, 495], "uv_size": [1, 1]},
								"down": {"uv": [33, 557], "uv_size": [1, -1]}
							}
						},
						{
							"origin": [1.2, -1.75, -1.18892],
							"size": [0.2, 0.45921, 0.88892],
							"inflate": 0.002,
							"uv": {
								"north": {"uv": [108, 247], "uv_size": [1, 1]},
								"east": {"uv": [33, 548], "uv_size": [2, 1]},
								"south": {"uv": [35, 556], "uv_size": [1, 1]},
								"west": {"uv": [134, 446], "uv_size": [2, 1]},
								"up": {"uv": [38, 499], "uv_size": [1, 2]},
								"down": {"uv": [37, 516], "uv_size": [1, -2]}
							}
						},
						{
							"origin": [1.2, -1.61793, -1.16317],
							"size": [0.2, 0.4, 0.9],
							"inflate": 0.003,
							"pivot": [1.3, -1.41793, -0.71317],
							"rotation": [9, 0, 0],
							"uv": {
								"north": {"uv": [108, 249], "uv_size": [1, 1]},
								"east": {"uv": [37, 516], "uv_size": [2, 1]},
								"south": {"uv": [37, 556], "uv_size": [1, 1]},
								"west": {"uv": [108, 450], "uv_size": [2, 1]},
								"up": {"uv": [40, 473], "uv_size": [1, 2]},
								"down": {"uv": [37, 526], "uv_size": [1, -2]}
							}
						},
						{
							"origin": [-1.4, -1.61793, -1.16317],
							"size": [0.2, 0.4, 0.9],
							"inflate": 0.003,
							"pivot": [-1.3, -1.41793, -0.71317],
							"rotation": [9, 0, 0],
							"uv": {
								"north": {"uv": [108, 251], "uv_size": [1, 1]},
								"east": {"uv": [13, 550], "uv_size": [2, 1]},
								"south": {"uv": [39, 556], "uv_size": [1, 1]},
								"west": {"uv": [136, 426], "uv_size": [2, 1]},
								"up": {"uv": [18, 501], "uv_size": [1, 2]},
								"down": {"uv": [37, 532], "uv_size": [1, -2]}
							}
						},
						{
							"origin": [-1.4, -1.75, -1.18892],
							"size": [0.2, 0.45921, 0.88892],
							"inflate": 0.002,
							"uv": {
								"north": {"uv": [108, 253], "uv_size": [1, 1]},
								"east": {"uv": [19, 550], "uv_size": [2, 1]},
								"south": {"uv": [41, 556], "uv_size": [1, 1]},
								"west": {"uv": [136, 432], "uv_size": [2, 1]},
								"up": {"uv": [24, 501], "uv_size": [1, 2]},
								"down": {"uv": [37, 536], "uv_size": [1, -2]}
							}
						},
						{
							"origin": [1.2, -0.75104, 0.15104],
							"size": [0.2, 0.7, 1.7],
							"inflate": 0.001,
							"pivot": [1.3, -0.40104, 1.00104],
							"rotation": [-45, 0, 0],
							"uv": {
								"north": {"uv": [108, 255], "uv_size": [1, 1]},
								"east": {"uv": [110, 336], "uv_size": [3, 1]},
								"south": {"uv": [43, 556], "uv_size": [1, 1]},
								"west": {"uv": [130, 430], "uv_size": [3, 1]},
								"up": {"uv": [8, 174], "uv_size": [1, 3]},
								"down": {"uv": [31, 535], "uv_size": [1, -3]}
							}
						},
						{
							"origin": [1.2, -0.04749, 0.15251],
							"size": [0.2, 0.5, 0.8],
							"inflate": 0.002,
							"uv": {
								"north": {"uv": [66, 259], "uv_size": [1, 1]},
								"east": {"uv": [23, 550], "uv_size": [2, 1]},
								"south": {"uv": [52, 505], "uv_size": [1, 1]},
								"west": {"uv": [136, 436], "uv_size": [2, 1]},
								"up": {"uv": [28, 501], "uv_size": [1, 2]},
								"down": {"uv": [37, 540], "uv_size": [1, -2]}
							}
						},
						{
							"origin": [-1.04645, 0.60607, 0.15251],
							"size": [2.09289, 0.2, 0.8],
							"inflate": 0.003,
							"uv": {
								"north": {"uv": [96, 223], "uv_size": [4, 1]},
								"east": {"uv": [27, 550], "uv_size": [2, 1]},
								"south": {"uv": [31, 524], "uv_size": [4, 1]},
								"west": {"uv": [136, 440], "uv_size": [2, 1]},
								"up": {"uv": [16, 491], "uv_size": [4, 2]},
								"down": {"uv": [17, 542], "uv_size": [4, -2]}
							}
						},
						{
							"origin": [-0.84645, 0.60607, 0.95251],
							"size": [1.69289, 0.2, 0.2],
							"inflate": 0.003,
							"uv": {
								"north": {"uv": [86, 245], "uv_size": [3, 1]},
								"east": {"uv": [3, 558], "uv_size": [1, 1]},
								"south": {"uv": [25, 544], "uv_size": [3, 1]},
								"west": {"uv": [110, 447], "uv_size": [1, 1]},
								"up": {"uv": [34, 491], "uv_size": [3, 1]},
								"down": {"uv": [65, 512], "uv_size": [3, -1]}
							}
						},
						{
							"origin": [-0.44645, 0.60607, -0.64749],
							"size": [0.99289, 0.2, 0.8],
							"inflate": 0.002,
							"uv": {
								"north": {"uv": [94, 251], "uv_size": [2, 1]},
								"east": {"uv": [37, 542], "uv_size": [2, 1]},
								"south": {"uv": [31, 550], "uv_size": [2, 1]},
								"west": {"uv": [136, 444], "uv_size": [2, 1]},
								"up": {"uv": [16, 495], "uv_size": [2, 2]},
								"down": {"uv": [15, 546], "uv_size": [2, -2]}
							}
						},
						{
							"origin": [0.34071, 0.60607, -0.60656],
							"size": [0.39289, 0.2, 0.9],
							"inflate": 0.003,
							"pivot": [0.53716, 0.70607, -0.15656],
							"rotation": [0, 22.5, 0],
							"uv": {
								"north": {"uv": [70, 259], "uv_size": [1, 1]},
								"east": {"uv": [33, 550], "uv_size": [2, 1]},
								"south": {"uv": [45, 518], "uv_size": [1, 1]},
								"west": {"uv": [136, 446], "uv_size": [2, 1]},
								"up": {"uv": [38, 501], "uv_size": [1, 2]},
								"down": {"uv": [37, 550], "uv_size": [1, -2]}
							}
						},
						{
							"origin": [-0.73361, 0.60607, -0.60656],
							"size": [0.39289, 0.2, 0.9],
							"inflate": 0.003,
							"pivot": [-0.53716, 0.70607, -0.15656],
							"rotation": [0, -22.5, 0],
							"uv": {
								"north": {"uv": [72, 259], "uv_size": [1, 1]},
								"east": {"uv": [37, 550], "uv_size": [2, 1]},
								"south": {"uv": [45, 520], "uv_size": [1, 1]},
								"west": {"uv": [100, 452], "uv_size": [2, 1]},
								"up": {"uv": [42, 465], "uv_size": [1, 2]},
								"down": {"uv": [3, 554], "uv_size": [1, -2]}
							}
						},
						{
							"origin": [1.05251, 0.30858, 0.15251],
							"size": [0.2, 0.5, 0.8],
							"inflate": 0.003,
							"pivot": [1.15251, 0.55858, 0.55251],
							"rotation": [0, 0, -45],
							"uv": {
								"north": {"uv": [74, 259], "uv_size": [1, 1]},
								"east": {"uv": [39, 516], "uv_size": [2, 1]},
								"south": {"uv": [45, 522], "uv_size": [1, 1]},
								"west": {"uv": [104, 452], "uv_size": [2, 1]},
								"up": {"uv": [42, 469], "uv_size": [1, 2]},
								"down": {"uv": [7, 554], "uv_size": [1, -2]}
							}
						},
						{
							"origin": [1.2, -1.58853, 1.42293],
							"size": [0.2, 0.7, 1.4],
							"inflate": 0.002,
							"pivot": [1.3, -1.23853, 2.12293],
							"rotation": [-22.5, 0, 0],
							"uv": {
								"north": {"uv": [76, 259], "uv_size": [1, 1]},
								"east": {"uv": [31, 544], "uv_size": [3, 1]},
								"south": {"uv": [45, 524], "uv_size": [1, 1]},
								"west": {"uv": [112, 446], "uv_size": [3, 1]},
								"up": {"uv": [36, 483], "uv_size": [1, 3]},
								"down": {"uv": [21, 549], "uv_size": [1, -3]}
							}
						},
						{
							"origin": [-1.25251, 0.30858, 0.15251],
							"size": [0.2, 0.5, 0.8],
							"inflate": 0.003,
							"pivot": [-1.15251, 0.55858, 0.55251],
							"rotation": [0, 0, 45],
							"uv": {
								"north": {"uv": [78, 259], "uv_size": [1, 1]},
								"east": {"uv": [36, 498], "uv_size": [2, 1]},
								"south": {"uv": [45, 526], "uv_size": [1, 1]},
								"west": {"uv": [108, 452], "uv_size": [2, 1]},
								"up": {"uv": [42, 473], "uv_size": [1, 2]},
								"down": {"uv": [11, 554], "uv_size": [1, -2]}
							}
						},
						{
							"origin": [-1.4, -0.04749, 0.15251],
							"size": [0.2, 0.5, 0.8],
							"inflate": 0.002,
							"uv": {
								"north": {"uv": [80, 259], "uv_size": [1, 1]},
								"east": {"uv": [60, 493], "uv_size": [2, 1]},
								"south": {"uv": [65, 504], "uv_size": [1, 1]},
								"west": {"uv": [112, 452], "uv_size": [2, 1]},
								"up": {"uv": [42, 477], "uv_size": [1, 2]},
								"down": {"uv": [15, 554], "uv_size": [1, -2]}
							}
						},
						{
							"origin": [-1.4, -0.75104, 0.15104],
							"size": [0.2, 0.7, 1.7],
							"inflate": 0.001,
							"pivot": [-1.3, -0.40104, 1.00104],
							"rotation": [-45, 0, 0],
							"uv": {
								"north": {"uv": [82, 259], "uv_size": [1, 1]},
								"east": {"uv": [54, 492], "uv_size": [3, 1]},
								"south": {"uv": [45, 530], "uv_size": [1, 1]},
								"west": {"uv": [130, 446], "uv_size": [3, 1]},
								"up": {"uv": [30, 497], "uv_size": [1, 3]},
								"down": {"uv": [35, 525], "uv_size": [1, -3]}
							}
						},
						{
							"origin": [-1.4, -1.58853, 1.42293],
							"size": [0.2, 0.7, 1.4],
							"inflate": 0.002,
							"pivot": [-1.3, -1.23853, 2.12293],
							"rotation": [-22.5, 0, 0],
							"uv": {
								"north": {"uv": [84, 339], "uv_size": [1, 1]},
								"east": {"uv": [67, 493], "uv_size": [3, 1]},
								"south": {"uv": [45, 452], "uv_size": [1, 1]},
								"west": {"uv": [134, 428], "uv_size": [3, 1]},
								"up": {"uv": [20, 499], "uv_size": [1, 3]},
								"down": {"uv": [35, 533], "uv_size": [1, -3]}
							}
						},
						{
							"origin": [-1.4, -1.85, -0.3],
							"size": [0.2, 0.7, 3.4],
							"inflate": 0.003,
							"uv": {
								"north": {"uv": [95, 511], "uv_size": [1, 1]},
								"east": {"uv": [21, 542], "uv_size": [7, 1]},
								"south": {"uv": [36, 282], "uv_size": [1, 1]},
								"west": {"uv": [128, 436], "uv_size": [7, 1]},
								"up": {"uv": [32, 491], "uv_size": [1, 7]},
								"down": {"uv": [1, 551], "uv_size": [1, -7]}
							}
						},
						{
							"origin": [-1.2, -1.65, -0.3],
							"size": [0.2, 0.3, 3.4],
							"inflate": 0.003,
							"uv": {
								"north": {"uv": [88, 259], "uv_size": [1, 1]},
								"east": {"uv": [31, 518], "uv_size": [7, 1]},
								"south": {"uv": [88, 500], "uv_size": [1, 1]},
								"west": {"uv": [130, 420], "uv_size": [7, 1]},
								"up": {"uv": [6, 495], "uv_size": [1, 7]},
								"down": {"uv": [5, 551], "uv_size": [1, -7]}
							}
						},
						{
							"origin": [-0.25, 0.49208, -5.04015],
							"size": [0.5, 0.95, 3.725],
							"inflate": 0.003,
							"pivot": [0, 0.96708, -3.17765],
							"rotation": [-6, 0, 0],
							"uv": {
								"north": {"uv": [110, 211], "uv_size": [1, 2]},
								"east": {"uv": [17, 514], "uv_size": [7, 2]},
								"south": {"uv": [17, 552], "uv_size": [1, 2]},
								"west": {"uv": [110, 434], "uv_size": [7, 2]},
								"up": {"uv": [10, 495], "uv_size": [1, 7]},
								"down": {"uv": [47, 440], "uv_size": [1, -7]}
							}
						},
						{
							"origin": [-0.42716, 2.395, -7.06],
							"size": [0.85433, 0.36125, 5.4725],
							"inflate": 0.003,
							"uv": {
								"north": {"uv": [104, 231], "uv_size": [2, 1]},
								"east": {"uv": [17, 518], "uv_size": [11, 1]},
								"south": {"uv": [19, 552], "uv_size": [2, 1]},
								"west": {"uv": [116, 420], "uv_size": [11, 1]},
								"up": {"uv": [4, 465], "uv_size": [2, 11]},
								"down": {"uv": [3, 525], "uv_size": [2, -11]}
							}
						},
						{
							"origin": [0.17433, 2.14585, -7.06],
							"size": [0.85433, 0.36125, 5.4725],
							"inflate": 0.003,
							"pivot": [0.60149, 2.32648, -4.32375],
							"rotation": [0, 0, 45],
							"uv": {
								"north": {"uv": [104, 233], "uv_size": [2, 1]},
								"east": {"uv": [17, 522], "uv_size": [11, 1]},
								"south": {"uv": [21, 552], "uv_size": [2, 1]},
								"west": {"uv": [116, 424], "uv_size": [11, 1]},
								"up": {"uv": [8, 465], "uv_size": [2, 11]},
								"down": {"uv": [7, 525], "uv_size": [2, -11]}
							}
						},
						{
							"origin": [-1.02865, 2.14585, -7.06],
							"size": [0.85433, 0.36125, 5.4725],
							"inflate": 0.003,
							"pivot": [-0.60149, 2.32648, -4.32375],
							"rotation": [0, 0, -45],
							"uv": {
								"north": {"uv": [104, 235], "uv_size": [2, 1]},
								"east": {"uv": [117, 234], "uv_size": [11, 1]},
								"south": {"uv": [23, 552], "uv_size": [2, 1]},
								"west": {"uv": [116, 428], "uv_size": [11, 1]},
								"up": {"uv": [12, 465], "uv_size": [2, 11]},
								"down": {"uv": [11, 525], "uv_size": [2, -11]}
							}
						},
						{
							"origin": [0.17433, 0.9429, -7.06],
							"size": [0.85433, 0.36125, 5.4725],
							"inflate": 0.003,
							"pivot": [0.60149, 1.12352, -4.32375],
							"rotation": [0, 0, -45],
							"uv": {
								"north": {"uv": [104, 237], "uv_size": [2, 1]},
								"east": {"uv": [117, 238], "uv_size": [11, 1]},
								"south": {"uv": [25, 552], "uv_size": [2, 1]},
								"west": {"uv": [116, 432], "uv_size": [11, 1]},
								"up": {"uv": [4, 477], "uv_size": [2, 11]},
								"down": {"uv": [13, 525], "uv_size": [2, -11]}
							}
						},
						{
							"origin": [-0.42716, 0.69375, -7.06],
							"size": [0.85433, 0.36125, 5.4725],
							"inflate": 0.003,
							"uv": {
								"north": {"uv": [61, 504], "uv_size": [2, 1]},
								"east": {"uv": [20, 485], "uv_size": [11, 1]},
								"south": {"uv": [27, 552], "uv_size": [2, 1]},
								"west": {"uv": [116, 436], "uv_size": [11, 1]},
								"up": {"uv": [68, 227], "uv_size": [2, 11]},
								"down": {"uv": [34, 444], "uv_size": [2, -11]}
							}
						},
						{
							"origin": [-1.02865, 0.9429, -7.06],
							"size": [0.85433, 0.36125, 5.4725],
							"inflate": 0.003,
							"pivot": [-0.60149, 1.12352, -4.32375],
							"rotation": [0, 0, 45],
							"uv": {
								"north": {"uv": [104, 241], "uv_size": [2, 1]},
								"east": {"uv": [1, 538], "uv_size": [11, 1]},
								"south": {"uv": [29, 552], "uv_size": [2, 1]},
								"west": {"uv": [124, 414], "uv_size": [11, 1]},
								"up": {"uv": [10, 477], "uv_size": [2, 11]},
								"down": {"uv": [9, 537], "uv_size": [2, -11]}
							}
						},
						{
							"origin": [-1.2778, 1.54436, -7.06],
							"size": [0.85433, 0.36125, 5.4725],
							"inflate": 0.003,
							"pivot": [-0.85064, 1.72499, -4.32375],
							"rotation": [0, 0, -90],
							"uv": {
								"north": {"uv": [104, 243], "uv_size": [2, 1]},
								"east": {"uv": [25, 516], "uv_size": [11, 1]},
								"south": {"uv": [31, 552], "uv_size": [2, 1]},
								"west": {"uv": [112, 438], "uv_size": [11, 1]},
								"up": {"uv": [14, 477], "uv_size": [2, 11]},
								"down": {"uv": [98, 505], "uv_size": [2, -11]}
							}
						},
						{
							"origin": [0.42347, 1.54436, -7.06],
							"size": [0.85433, 0.36125, 5.4725],
							"inflate": 0.003,
							"pivot": [0.85064, 1.72499, -4.32375],
							"rotation": [0, 0, 90],
							"uv": {
								"north": {"uv": [104, 245], "uv_size": [2, 1]},
								"east": {"uv": [44, 429], "uv_size": [11, 1]},
								"south": {"uv": [33, 552], "uv_size": [2, 1]},
								"west": {"uv": [100, 440], "uv_size": [11, 1]},
								"up": {"uv": [18, 465], "uv_size": [2, 11]},
								"down": {"uv": [99, 495], "uv_size": [2, -11]}
							}
						}
					]
				},
				{
					"name": "ocular_ring",
					"pivot": [0, 1.75, 3.1875],
					"cubes": [
						{
							"origin": [-0.38833, 0.8125, 3.3625],
							"size": [0.77666, 0.25, 0.575],
							"pivot": [0, 1.75, 4.0625],
							"rotation": [0, 0, 45],
							"uv": {
								"north": {"uv": [45, 55], "uv_size": [2, 1]},
								"south": {"uv": [49, 55], "uv_size": [2, 1]},
								"up": {"uv": [53, 55], "uv_size": [2, 1]},
								"down": {"uv": [57, 2], "uv_size": [2, -1]}
							}
						},
						{
							"origin": [-0.38833, 0.8125, 3.3625],
							"size": [0.77666, 0.25, 0.575],
							"uv": {
								"north": {"uv": [5, 57], "uv_size": [2, 1]},
								"south": {"uv": [57, 5], "uv_size": [2, 1]},
								"up": {"uv": [57, 9], "uv_size": [2, 1]},
								"down": {"uv": [57, 14], "uv_size": [2, -1]}
							}
						},
						{
							"origin": [-0.38833, 2.4375, 3.3625],
							"size": [0.77666, 0.25, 0.575],
							"pivot": [0, 1.75, 4.0625],
							"rotation": [0, 0, 45],
							"uv": {
								"north": {"uv": [17, 57], "uv_size": [2, 1]},
								"south": {"uv": [57, 17], "uv_size": [2, 1]},
								"up": {"uv": [57, 21], "uv_size": [2, 1]},
								"down": {"uv": [25, 58], "uv_size": [2, -1]}
							}
						},
						{
							"origin": [-0.38833, 2.4375, 3.3625],
							"size": [0.77666, 0.25, 0.575],
							"uv": {
								"north": {"uv": [57, 25], "uv_size": [2, 1]},
								"south": {"uv": [57, 29], "uv_size": [2, 1]},
								"up": {"uv": [39, 57], "uv_size": [2, 1]},
								"down": {"uv": [57, 46], "uv_size": [2, -1]}
							}
						},
						{
							"origin": [-0.13833, 2.4375, 3.5625],
							"size": [0.27666, 0.25, 0.375],
							"pivot": [0, 1.75, 4.0625],
							"rotation": [0, 0, -22.5],
							"uv": {
								"north": {"uv": [74, 13], "uv_size": [1, 1]},
								"south": {"uv": [74, 17], "uv_size": [1, 1]},
								"down": {"uv": [74, 20], "uv_size": [1, -1]}
							}
						},
						{
							"origin": [-0.13833, 2.4375, 3.5625],
							"size": [0.27666, 0.25, 0.375],
							"pivot": [0, 1.75, 4.0625],
							"rotation": [0, 0, 157.5],
							"uv": {
								"north": {"uv": [78, 15], "uv_size": [1, 1]},
								"south": {"uv": [78, 17], "uv_size": [1, 1]},
								"down": {"uv": [78, 20], "uv_size": [1, -1]}
							}
						},
						{
							"origin": [-0.13833, 2.4375, 3.5625],
							"size": [0.27666, 0.25, 0.375],
							"pivot": [0, 1.75, 3.75],
							"rotation": [0, 0, 112.5],
							"uv": {
								"north": {"uv": [82, 13], "uv_size": [1, 1]},
								"south": {"uv": [74, 23], "uv_size": [1, 1]},
								"down": {"uv": [76, 24], "uv_size": [1, -1]}
							}
						},
						{
							"origin": [-0.13833, 2.4375, 3.5625],
							"size": [0.27666, 0.25, 0.375],
							"pivot": [0, 1.75, 3.75],
							"rotation": [0, 0, -67.5],
							"uv": {
								"north": {"uv": [74, 21], "uv_size": [1, 1]},
								"south": {"uv": [78, 21], "uv_size": [1, 1]},
								"down": {"uv": [72, 24], "uv_size": [1, -1]}
							}
						},
						{
							"origin": [-0.13833, 2.4375, 3.5625],
							"size": [0.27666, 0.25, 0.375],
							"pivot": [0, 1.75, 3.75],
							"rotation": [0, 0, 67.5],
							"uv": {
								"north": {"uv": [80, 23], "uv_size": [1, 1]},
								"south": {"uv": [82, 21], "uv_size": [1, 1]},
								"down": {"uv": [82, 24], "uv_size": [1, -1]}
							}
						},
						{
							"origin": [-0.13833, 2.4375, 3.5625],
							"size": [0.27666, 0.25, 0.375],
							"pivot": [0, 1.75, 3.75],
							"rotation": [0, 0, -112.5],
							"uv": {
								"north": {"uv": [82, 17], "uv_size": [1, 1]},
								"south": {"uv": [78, 23], "uv_size": [1, 1]},
								"down": {"uv": [82, 20], "uv_size": [1, -1]}
							}
						},
						{
							"origin": [-0.13833, 2.4375, 3.5625],
							"size": [0.27666, 0.25, 0.375],
							"pivot": [0, 1.75, 3.75],
							"rotation": [0, 0, 22.5],
							"uv": {
								"north": {"uv": [74, 27], "uv_size": [1, 1]},
								"south": {"uv": [86, 15], "uv_size": [1, 1]},
								"down": {"uv": [76, 28], "uv_size": [1, -1]}
							}
						},
						{
							"origin": [-0.13833, 2.4375, 3.5625],
							"size": [0.27666, 0.25, 0.375],
							"pivot": [0, 1.75, 3.75],
							"rotation": [0, 0, -157.5],
							"uv": {
								"north": {"uv": [74, 25], "uv_size": [1, 1]},
								"south": {"uv": [84, 19], "uv_size": [1, 1]},
								"down": {"uv": [84, 24], "uv_size": [1, -1]}
							}
						},
						{
							"origin": [0.6875, 1.36167, 3.3625],
							"size": [0.25, 0.77666, 0.575],
							"pivot": [0, 1.75, 4.0625],
							"rotation": [0, 0, 45],
							"uv": {
								"north": {"uv": [57, 49], "uv_size": [1, 2]},
								"east": {"uv": [57, 53], "uv_size": [1, 2]},
								"south": {"uv": [57, 57], "uv_size": [1, 2]},
								"west": {"uv": [1, 59], "uv_size": [1, 2]}
							}
						},
						{
							"origin": [0.6875, 1.36167, 3.3625],
							"size": [0.25, 0.77666, 0.575],
							"uv": {
								"north": {"uv": [9, 59], "uv_size": [1, 2]},
								"east": {"uv": [13, 59], "uv_size": [1, 2]},
								"south": {"uv": [21, 59], "uv_size": [1, 2]},
								"west": {"uv": [29, 59], "uv_size": [1, 2]}
							}
						},
						{
							"origin": [-0.9375, 1.36167, 3.3625],
							"size": [0.25, 0.77666, 0.575],
							"pivot": [0, 1.75, 4.0625],
							"rotation": [0, 0, 45],
							"uv": {
								"north": {"uv": [33, 59], "uv_size": [1, 2]},
								"east": {"uv": [59, 33], "uv_size": [1, 2]},
								"south": {"uv": [59, 37], "uv_size": [1, 2]},
								"west": {"uv": [59, 41], "uv_size": [1, 2]}
							}
						},
						{
							"origin": [-0.9375, 1.36167, 3.3625],
							"size": [0.25, 0.77666, 0.575],
							"uv": {
								"north": {"uv": [43, 59], "uv_size": [1, 2]},
								"east": {"uv": [47, 59], "uv_size": [1, 2]},
								"south": {"uv": [51, 59], "uv_size": [1, 2]},
								"west": {"uv": [61, 1], "uv_size": [1, 2]}
							}
						}
					]
				},
				{
					"name": "ocular",
					"pivot": [0, 1.75, -4.5],
					"cubes": [
						{
							"origin": [-0.75, 1.25, 3.6875],
							"size": [1.5, 1, 0],
							"pivot": [0, 1.75, 3.1875],
							"rotation": [0, 0, 45],
							"uv": {
								"south": {"uv": [11, 3], "uv_size": [3, 2]}
							}
						},
						{
							"origin": [-0.5625, 2.25, 3.6875],
							"size": [1.125, 0.25, 0],
							"pivot": [0, 1.75, 3.1875],
							"rotation": [0, 0, 45],
							"uv": {
								"south": {"uv": [3, 3], "uv_size": [2, 1]}
							}
						},
						{
							"origin": [-0.5625, 1, 3.6875],
							"size": [1.125, 0.25, 0],
							"pivot": [0, 1.75, 3.1875],
							"rotation": [0, 0, 45],
							"uv": {
								"south": {"uv": [7, 1], "uv_size": [2, 1]}
							}
						}
					]
				},
				{
					"name": "division",
					"pivot": [0, -24, -24],
					"cubes": [
						{
							"origin": [-8, -6.25, -22.125],
							"size": [16, 16, 0],
							"uv": {
								"south": {"uv": [129, 1], "uv_size": [384, 384]}
							}
						},
						{
							"origin": [8, -22.25, -22.125],
							"size": [24, 48, 0],
							"uv": {
								"south": {"uv": [73, 9], "uv_size": [3, 3]}
							}
						},
						{
							"origin": [-32, -22.25, -22.125],
							"size": [24, 48, 0],
							"uv": {
								"south": {"uv": [73, 9], "uv_size": [3, 3]}
							}
						},
						{
							"origin": [-8, 9.75, -22.125],
							"size": [16, 16, 0],
							"uv": {
								"south": {"uv": [73, 9], "uv_size": [3, 3]}
							}
						},
						{
							"origin": [-8, -22.25, -22.125],
							"size": [16, 16, 0],
							"uv": {
								"south": {"uv": [73, 9], "uv_size": [3, 3]}
							}
						},
						{
							"origin": [2.72368, -4.81631, -22],
							"size": [0.25, 1.725, 0],
							"pivot": [2.71743, -1.00381, -22],
							"rotation": [0, 0, -45],
							"uv": {
								"south": {"uv": [3, 19], "uv_size": [1, 13]}
							}
						},
						{
							"origin": [4.19793, -2.47548, -22],
							"size": [0.17678, 0.17678, 0],
							"uv": {
								"south": {"uv": [3, 19], "uv_size": [1, 13]}
							}
						},
						{
							"origin": [-4.37471, -2.47548, -22],
							"size": [0.17678, 0.17678, 0],
							"uv": {
								"south": {"uv": [4, 19], "uv_size": [-1, 13]}
							}
						},
						{
							"origin": [2.82368, -3.11631, -22],
							"size": [0.05, 6.125, 0],
							"pivot": [2.71743, -1.00381, -22],
							"rotation": [0, 0, -45],
							"uv": {
								"south": {"uv": [3, 19], "uv_size": [1, 13]}
							}
						},
						{
							"origin": [-2.87368, -3.11631, -22],
							"size": [0.05, 6.125, 0],
							"pivot": [-2.71743, -1.00381, -22],
							"rotation": [0, 0, 45],
							"uv": {
								"south": {"uv": [4, 19], "uv_size": [-1, 13]}
							}
						},
						{
							"origin": [-2.97368, -4.81631, -22],
							"size": [0.25, 1.725, 0],
							"pivot": [-2.71743, -1.00381, -22],
							"rotation": [0, 0, 45],
							"uv": {
								"south": {"uv": [4, 19], "uv_size": [-1, 13]}
							}
						}
					]
				},
				{
					"name": "scope_view",
					"pivot": [0, 1.75, 6.75]
				}
			]
		}
	]
}