{
  "ammo": "tacz:12g",
  "ammo_amount": 5,
  "bolt": "manual_action",
  "rpm": 380,
  "bullet": {
    "life": 0.8,
    "bullet_amount": 7,
    "damage": 35,
    "tracer_count_interval": 0,
    "extra_damage": {
      "armor_ignore": 0,
      "head_shot_multiplier": 1.1,
      "damage_adjust": [
        {"distance": 15, "damage": 35},
        {"distance": 25, "damage": 27},
        {"distance": 35, "damage": 21},
        {"distance": 45, "damage": 14},
        {"distance": "infinite", "damage": 7}
      ]
    },
    "speed": 130,
    "gravity": 0.098,
    "knockback": 0.15,
    "friction": 0.05,
    "ignite": false,
    "pierce": 1
  },
  "reload": {
    "type": "magazine",
    "feed": {
      "empty": 6.2,
      "tactical": 3.3
    },
    "cooldown": {
      "empty": 7.6,
      "tactical": 4
    }
  },
  "script": "qkl:m1897_gun_logic",
  "script_param": {
    "bolt_time": 0.3,
    "intro": 0.76,
    "intro_empty": 1.06,
    "loop": 1.1,
    "ending": 1,
    "ending_empty": 1.5,
    "ending_empty_feed": 1,
    "loop_feed": 0.5
  },
 "draw_time": 0.9,
  "put_away_time": 0.8,
  "aim_time": 0.2,
  "sprint_time": 0.2,
  "bolt_action_time": 0.3,
  "weight": 3.6,
  "fire_mode": [
    "semi"
  ],
  "recoil": {
    "pitch": [
      {"time": 0, "value": [4, 4]},
      {"time": 0.32, "value": [4, 4]},
      {"time": 0.57, "value": [-0.5, -0.5]},
      {"time": 0.82, "value": [0.25, 0.25]},
      {"time": 1.17, "value": [0, 0]},
      {"time": 1.47, "value": [0, 0]}
    ],
    "yaw": [
      {"time": 0, "value": [-0.9, -0.75]},
      {"time": 0.32, "value": [-0.9, -0.75]},
      {"time": 0.57, "value": [0, 0]}
    ]
  },

  "melee": {
    "distance": 1,
    "cooldown": 0.7,
    "default": {
      "animation_type": "melee_stock",
      "distance": 3,
      "range_angle": 40,
      "cooldown": 0,
      "damage": 5,
      "knockback": 0.5,
      "prep": 0.1
    }
  },
  "allow_attachment_types": [

    "muzzle"

  ],

  "inaccuracy": {
    "stand": 3,
    "move": 4,
    "sneak": 2.5,
    "lie": 2.5,
    "aim": 2
  }

}