{
  "materials": [
    {
      "item": {
        "tag": "forge:ingots/iron"
      },
      "count": 42
    },
    {
      "item": {
        "tag": "forge:gems/lapis"
      },
      "count": 12
    },
    {
      "item": {
        "item": "minecraft:lava_bucket"
      },
      "count": 2
    },
    {
      "item": {
        "item": "minecraft:glass_bottle"
      },
      "count": 1
    },
    {
      "item": {
        "tag": "forge:gunpowder"
      },
      "count": 12
    }
  ],
  "result": {
    "type": "gun",
    "id": "rebel:fmc"
  }
}