{
  "model": "gwg:throwable/shg_m17_bd_geo",
  "animation": "gwg:throwable/shg_m17_bd",
  "state_machine": "gwg:default_grenade_state_machine",
  "texture": "gwg:throwable/shg_m17_bd",
  "slot_texture": "gwg:throwable/slot/shg_m17_bd",
  "sounds": {
    "death": "lrtactical:entity.grenade.m67.explode"
  },
  "transforms": {
    "thirdperson_righthand": {
      "translation": [0, 0, 0]
    },
    "thirdperson_lefthand": {
      "translation": [0, 0, 0]
    },
    "ground": {
      "rotation": [45, 0, 0],
      "translation": [0, 5, 0]
    },
    "gui": {
      "rotation": [0, 135, 0],
      "translation": [0, 7.75, 0],
      "scale": [1.5, 1.5, 1.5]
    },
    "fixed": {
      "rotation": [0, 90, 0],
      "translation": [0, 8, 0],
      "scale": [1.5, 1.5, 1.5]
    }
  }
}