{
  "name": "item.gwg.gear_club",
  "type": "lrtactical:normal",
  "base_item": "lrtactical:melee",
  "data": {
    "attributes": {
      "generic.attack_damage": 20,
      "minecraft:generic.movement_speed": {
        "amount": -0.05,
        "operation": "percent"
      }
    },
    // tick
    "draw_time": 20,
    // tick
    "put_away_time": 20,
    "attack": {
      "attack_left": {
        // 伤害倍率
        "factor": 1,
        // 击退
        "knockback": 0.25,
        // 攻击冷却(tick)
        "cooldown": 18,
        // 延迟出伤(tick)
        "delay": 10,
        // 判定类型
        "hitbox": {
          // 圆锥区域
          "type": "cone",
          // 最大距离
          "max_range": 3,
          // 角度
          "max_angle": 100,
          // 排除自己
          "exclude_self": true
        }
      },
      "attack_right": {
        // 伤害倍率
        "factor": 1.5,
        // 击退
        "knockback": 0.3,
        // 攻击冷却(tick)
        "cooldown": 32,
        // 延迟出伤(tick)
        "delay": 18,
        // 判定类型
        "hitbox": {
          // 圆锥区域
          "type": "cone",
          // 最大距离
          "max_range": 4,
          // 角度
          "max_angle": 50,
          // 排除自己
          "exclude_self": true
        }
      }
    }
  }
}