{
	"format_version": "1.12.0",
	"minecraft:geometry": [
		{
			"description": {
				"identifier": "geometry..50 AE - Converted",
				"texture_width": 130,
				"texture_height": 195,
				"visible_bounds_width": 2,
				"visible_bounds_height": 1.5,
				"visible_bounds_offset": [0, 0.25, 0]
			},
			"bones": [
				{
					"name": "52pb_box",
					"pivot": [0, 0, 0]
				},
				{
					"name": "52PB",
					"parent": "52pb_box",
					"pivot": [1.75, 1.3125, -0.62239],
					"rotation": [-90, 0, 0],
					"cubes": [
						{
							"origin": [1.46875, 0.78906, -0.28125],
							"size": [0.5625, 1.59375, 0.5625],
							"pivot": [1.75, 1.3125, 0],
							"rotation": [90, 0, 0],
							"uv": {
								"north": {"uv": [1, 130], "uv_size": [5, 13]},
								"east": {"uv": [9, 130], "uv_size": [5, 13]},
								"south": {"uv": [1, 146], "uv_size": [5, 13]},
								"west": {"uv": [17, 130], "uv_size": [5, 13]},
								"up": {"uv": [9, 146], "uv_size": [5, 5]},
								"down": {"uv": [17, 151], "uv_size": [5, -5]}
							}
						},
						{
							"origin": [1.46875, 1.20313, -1.46093],
							"size": [0.5625, 0.46875, 0.5625],
							"pivot": [1.75, 1.3125, -1.17969],
							"rotation": [90, 0, 0],
							"uv": {
								"north": {"uv": [25, 146], "uv_size": [5, 4]},
								"east": {"uv": [25, 154], "uv_size": [5, 4]},
								"south": {"uv": [1, 162], "uv_size": [5, 4]},
								"west": {"uv": [33, 130], "uv_size": [5, 4]},
								"up": {"uv": [25, 130], "uv_size": [5, 5]},
								"down": {"uv": [9, 159], "uv_size": [5, -5]}
							}
						},
						{
							"origin": [1.53125, 1.20313, -1.86718],
							"size": [0.4375, 0.15625, 0.4375],
							"pivot": [1.75, 1.3125, -1.64843],
							"rotation": [90, 0, 0],
							"uv": {
								"north": {"uv": [41, 138], "uv_size": [4, 1]},
								"east": {"uv": [17, 170], "uv_size": [4, 1]},
								"south": {"uv": [41, 146], "uv_size": [4, 1]},
								"west": {"uv": [25, 170], "uv_size": [4, 1]},
								"up": {"uv": [9, 162], "uv_size": [4, 4]},
								"down": {"uv": [33, 142], "uv_size": [4, -4]}
							}
						},
						{
							"origin": [1.59375, 1.20313, -1.96093],
							"size": [0.3125, 0.09375, 0.3125],
							"pivot": [1.75, 1.3125, -1.80468],
							"rotation": [90, 0, 0],
							"uv": {
								"north": {"uv": [1, 178], "uv_size": [3, 1]},
								"east": {"uv": [49, 130], "uv_size": [3, 1]},
								"south": {"uv": [9, 178], "uv_size": [3, 1]},
								"west": {"uv": [49, 138], "uv_size": [3, 1]},
								"up": {"uv": [25, 162], "uv_size": [3, 3]},
								"down": {"uv": [33, 157], "uv_size": [3, -3]}
							}
						},
						{
							"origin": [1.46875, 0.63281, -0.28125],
							"size": [0.5625, 0.0625, 0.5625],
							"pivot": [1.75, 1.3125, 0],
							"rotation": [90, 0, 0],
							"uv": {
								"north": {"uv": [33, 162], "uv_size": [5, 1]},
								"east": {"uv": [1, 170], "uv_size": [5, 1]},
								"south": {"uv": [41, 130], "uv_size": [5, 1]},
								"west": {"uv": [9, 170], "uv_size": [5, 1]},
								"up": {"uv": [25, 138], "uv_size": [5, 5]},
								"down": {"uv": [17, 159], "uv_size": [5, -5]}
							}
						},
						{
							"origin": [1.53125, 0.69531, -0.21875],
							"size": [0.4375, 0.125, 0.4375],
							"pivot": [1.75, 1.3125, 0],
							"rotation": [90, 0, 0],
							"uv": {
								"north": {"uv": [41, 154], "uv_size": [4, 1]},
								"east": {"uv": [33, 170], "uv_size": [4, 1]},
								"south": {"uv": [41, 162], "uv_size": [4, 1]},
								"west": {"uv": [41, 170], "uv_size": [4, 1]},
								"up": {"uv": [17, 162], "uv_size": [4, 4]},
								"down": {"uv": [33, 150], "uv_size": [4, -4]}
							}
						}
					]
				},
				{
					"name": "52PB4",
					"parent": "52pb_box",
					"pivot": [-0.5625, 1.3125, 1.50261],
					"rotation": [90, 45, 0],
					"cubes": [
						{
							"origin": [-0.84375, 0.78906, 1.84375],
							"size": [0.5625, 1.59375, 0.5625],
							"pivot": [-0.5625, 1.3125, 2.125],
							"rotation": [90, 0, 0],
							"uv": {
								"north": {"uv": [1, 130], "uv_size": [5, 13]},
								"east": {"uv": [9, 130], "uv_size": [5, 13]},
								"south": {"uv": [1, 146], "uv_size": [5, 13]},
								"west": {"uv": [17, 130], "uv_size": [5, 13]},
								"up": {"uv": [9, 146], "uv_size": [5, 5]},
								"down": {"uv": [17, 151], "uv_size": [5, -5]}
							}
						},
						{
							"origin": [-0.84375, 1.20313, 0.66407],
							"size": [0.5625, 0.46875, 0.5625],
							"pivot": [-0.5625, 1.3125, 0.94532],
							"rotation": [90, 0, 0],
							"uv": {
								"north": {"uv": [25, 146], "uv_size": [5, 4]},
								"east": {"uv": [25, 154], "uv_size": [5, 4]},
								"south": {"uv": [1, 162], "uv_size": [5, 4]},
								"west": {"uv": [33, 130], "uv_size": [5, 4]},
								"up": {"uv": [25, 130], "uv_size": [5, 5]},
								"down": {"uv": [9, 159], "uv_size": [5, -5]}
							}
						},
						{
							"origin": [-0.78125, 1.20313, 0.25782],
							"size": [0.4375, 0.15625, 0.4375],
							"pivot": [-0.5625, 1.3125, 0.47657],
							"rotation": [90, 0, 0],
							"uv": {
								"north": {"uv": [41, 138], "uv_size": [4, 1]},
								"east": {"uv": [17, 170], "uv_size": [4, 1]},
								"south": {"uv": [41, 146], "uv_size": [4, 1]},
								"west": {"uv": [25, 170], "uv_size": [4, 1]},
								"up": {"uv": [9, 162], "uv_size": [4, 4]},
								"down": {"uv": [33, 142], "uv_size": [4, -4]}
							}
						},
						{
							"origin": [-0.71875, 1.20313, 0.16407],
							"size": [0.3125, 0.09375, 0.3125],
							"pivot": [-0.5625, 1.3125, 0.32032],
							"rotation": [90, 0, 0],
							"uv": {
								"north": {"uv": [1, 178], "uv_size": [3, 1]},
								"east": {"uv": [49, 130], "uv_size": [3, 1]},
								"south": {"uv": [9, 178], "uv_size": [3, 1]},
								"west": {"uv": [49, 138], "uv_size": [3, 1]},
								"up": {"uv": [25, 162], "uv_size": [3, 3]},
								"down": {"uv": [33, 157], "uv_size": [3, -3]}
							}
						},
						{
							"origin": [-0.84375, 0.63281, 1.84375],
							"size": [0.5625, 0.0625, 0.5625],
							"pivot": [-0.5625, 1.3125, 2.125],
							"rotation": [90, 0, 0],
							"uv": {
								"north": {"uv": [33, 162], "uv_size": [5, 1]},
								"east": {"uv": [1, 170], "uv_size": [5, 1]},
								"south": {"uv": [41, 130], "uv_size": [5, 1]},
								"west": {"uv": [9, 170], "uv_size": [5, 1]},
								"up": {"uv": [25, 138], "uv_size": [5, 5]},
								"down": {"uv": [17, 159], "uv_size": [5, -5]}
							}
						},
						{
							"origin": [-0.78125, 0.69531, 1.90625],
							"size": [0.4375, 0.125, 0.4375],
							"pivot": [-0.5625, 1.3125, 2.125],
							"rotation": [90, 0, 0],
							"uv": {
								"north": {"uv": [41, 154], "uv_size": [4, 1]},
								"east": {"uv": [33, 170], "uv_size": [4, 1]},
								"south": {"uv": [41, 162], "uv_size": [4, 1]},
								"west": {"uv": [41, 170], "uv_size": [4, 1]},
								"up": {"uv": [17, 162], "uv_size": [4, 4]},
								"down": {"uv": [33, 150], "uv_size": [4, -4]}
							}
						}
					]
				},
				{
					"name": "52PB5",
					"parent": "52pb_box",
					"pivot": [-1.4375, 1.3125, 1.50261],
					"rotation": [90, 45, 0],
					"cubes": [
						{
							"origin": [-1.71875, 0.78906, 1.84375],
							"size": [0.5625, 1.59375, 0.5625],
							"pivot": [-1.4375, 1.3125, 2.125],
							"rotation": [90, 0, 0],
							"uv": {
								"north": {"uv": [1, 130], "uv_size": [5, 13]},
								"east": {"uv": [9, 130], "uv_size": [5, 13]},
								"south": {"uv": [1, 146], "uv_size": [5, 13]},
								"west": {"uv": [17, 130], "uv_size": [5, 13]},
								"up": {"uv": [9, 146], "uv_size": [5, 5]},
								"down": {"uv": [17, 151], "uv_size": [5, -5]}
							}
						},
						{
							"origin": [-1.71875, 1.20313, 0.66407],
							"size": [0.5625, 0.46875, 0.5625],
							"pivot": [-1.4375, 1.3125, 0.94532],
							"rotation": [90, 0, 0],
							"uv": {
								"north": {"uv": [25, 146], "uv_size": [5, 4]},
								"east": {"uv": [25, 154], "uv_size": [5, 4]},
								"south": {"uv": [1, 162], "uv_size": [5, 4]},
								"west": {"uv": [33, 130], "uv_size": [5, 4]},
								"up": {"uv": [25, 130], "uv_size": [5, 5]},
								"down": {"uv": [9, 159], "uv_size": [5, -5]}
							}
						},
						{
							"origin": [-1.65625, 1.20313, 0.25782],
							"size": [0.4375, 0.15625, 0.4375],
							"pivot": [-1.4375, 1.3125, 0.47657],
							"rotation": [90, 0, 0],
							"uv": {
								"north": {"uv": [41, 138], "uv_size": [4, 1]},
								"east": {"uv": [17, 170], "uv_size": [4, 1]},
								"south": {"uv": [41, 146], "uv_size": [4, 1]},
								"west": {"uv": [25, 170], "uv_size": [4, 1]},
								"up": {"uv": [9, 162], "uv_size": [4, 4]},
								"down": {"uv": [33, 142], "uv_size": [4, -4]}
							}
						},
						{
							"origin": [-1.59375, 1.20313, 0.16407],
							"size": [0.3125, 0.09375, 0.3125],
							"pivot": [-1.4375, 1.3125, 0.32032],
							"rotation": [90, 0, 0],
							"uv": {
								"north": {"uv": [1, 178], "uv_size": [3, 1]},
								"east": {"uv": [49, 130], "uv_size": [3, 1]},
								"south": {"uv": [9, 178], "uv_size": [3, 1]},
								"west": {"uv": [49, 138], "uv_size": [3, 1]},
								"up": {"uv": [25, 162], "uv_size": [3, 3]},
								"down": {"uv": [33, 157], "uv_size": [3, -3]}
							}
						},
						{
							"origin": [-1.71875, 0.63281, 1.84375],
							"size": [0.5625, 0.0625, 0.5625],
							"pivot": [-1.4375, 1.3125, 2.125],
							"rotation": [90, 0, 0],
							"uv": {
								"north": {"uv": [33, 162], "uv_size": [5, 1]},
								"east": {"uv": [1, 170], "uv_size": [5, 1]},
								"south": {"uv": [41, 130], "uv_size": [5, 1]},
								"west": {"uv": [9, 170], "uv_size": [5, 1]},
								"up": {"uv": [25, 138], "uv_size": [5, 5]},
								"down": {"uv": [17, 159], "uv_size": [5, -5]}
							}
						},
						{
							"origin": [-1.65625, 0.69531, 1.90625],
							"size": [0.4375, 0.125, 0.4375],
							"pivot": [-1.4375, 1.3125, 2.125],
							"rotation": [90, 0, 0],
							"uv": {
								"north": {"uv": [41, 154], "uv_size": [4, 1]},
								"east": {"uv": [33, 170], "uv_size": [4, 1]},
								"south": {"uv": [41, 162], "uv_size": [4, 1]},
								"west": {"uv": [41, 170], "uv_size": [4, 1]},
								"up": {"uv": [17, 162], "uv_size": [4, 4]},
								"down": {"uv": [33, 150], "uv_size": [4, -4]}
							}
						}
					]
				},
				{
					"name": "52PB6",
					"parent": "52pb_box",
					"pivot": [-2.375, 1.3125, 1.50261],
					"rotation": [90, 45, 0],
					"cubes": [
						{
							"origin": [-2.65625, 0.78906, 1.84375],
							"size": [0.5625, 1.59375, 0.5625],
							"pivot": [-2.375, 1.3125, 2.125],
							"rotation": [90, 0, 0],
							"uv": {
								"north": {"uv": [1, 130], "uv_size": [5, 13]},
								"east": {"uv": [9, 130], "uv_size": [5, 13]},
								"south": {"uv": [1, 146], "uv_size": [5, 13]},
								"west": {"uv": [17, 130], "uv_size": [5, 13]},
								"up": {"uv": [9, 146], "uv_size": [5, 5]},
								"down": {"uv": [17, 151], "uv_size": [5, -5]}
							}
						},
						{
							"origin": [-2.65625, 1.20313, 0.66407],
							"size": [0.5625, 0.46875, 0.5625],
							"pivot": [-2.375, 1.3125, 0.94532],
							"rotation": [90, 0, 0],
							"uv": {
								"north": {"uv": [25, 146], "uv_size": [5, 4]},
								"east": {"uv": [25, 154], "uv_size": [5, 4]},
								"south": {"uv": [1, 162], "uv_size": [5, 4]},
								"west": {"uv": [33, 130], "uv_size": [5, 4]},
								"up": {"uv": [25, 130], "uv_size": [5, 5]},
								"down": {"uv": [9, 159], "uv_size": [5, -5]}
							}
						},
						{
							"origin": [-2.59375, 1.20313, 0.25782],
							"size": [0.4375, 0.15625, 0.4375],
							"pivot": [-2.375, 1.3125, 0.47657],
							"rotation": [90, 0, 0],
							"uv": {
								"north": {"uv": [41, 138], "uv_size": [4, 1]},
								"east": {"uv": [17, 170], "uv_size": [4, 1]},
								"south": {"uv": [41, 146], "uv_size": [4, 1]},
								"west": {"uv": [25, 170], "uv_size": [4, 1]},
								"up": {"uv": [9, 162], "uv_size": [4, 4]},
								"down": {"uv": [33, 142], "uv_size": [4, -4]}
							}
						},
						{
							"origin": [-2.53125, 1.20313, 0.16407],
							"size": [0.3125, 0.09375, 0.3125],
							"pivot": [-2.375, 1.3125, 0.32032],
							"rotation": [90, 0, 0],
							"uv": {
								"north": {"uv": [1, 178], "uv_size": [3, 1]},
								"east": {"uv": [49, 130], "uv_size": [3, 1]},
								"south": {"uv": [9, 178], "uv_size": [3, 1]},
								"west": {"uv": [49, 138], "uv_size": [3, 1]},
								"up": {"uv": [25, 162], "uv_size": [3, 3]},
								"down": {"uv": [33, 157], "uv_size": [3, -3]}
							}
						},
						{
							"origin": [-2.65625, 0.63281, 1.84375],
							"size": [0.5625, 0.0625, 0.5625],
							"pivot": [-2.375, 1.3125, 2.125],
							"rotation": [90, 0, 0],
							"uv": {
								"north": {"uv": [33, 162], "uv_size": [5, 1]},
								"east": {"uv": [1, 170], "uv_size": [5, 1]},
								"south": {"uv": [41, 130], "uv_size": [5, 1]},
								"west": {"uv": [9, 170], "uv_size": [5, 1]},
								"up": {"uv": [25, 138], "uv_size": [5, 5]},
								"down": {"uv": [17, 159], "uv_size": [5, -5]}
							}
						},
						{
							"origin": [-2.59375, 0.69531, 1.90625],
							"size": [0.4375, 0.125, 0.4375],
							"pivot": [-2.375, 1.3125, 2.125],
							"rotation": [90, 0, 0],
							"uv": {
								"north": {"uv": [41, 154], "uv_size": [4, 1]},
								"east": {"uv": [33, 170], "uv_size": [4, 1]},
								"south": {"uv": [41, 162], "uv_size": [4, 1]},
								"west": {"uv": [41, 170], "uv_size": [4, 1]},
								"up": {"uv": [17, 162], "uv_size": [4, 4]},
								"down": {"uv": [33, 150], "uv_size": [4, -4]}
							}
						}
					]
				},
				{
					"name": "52PB7",
					"parent": "52pb_box",
					"pivot": [-2.375, 1.3125, 2.44011],
					"rotation": [90, 45, 0],
					"cubes": [
						{
							"origin": [-2.65625, 0.78906, 2.78125],
							"size": [0.5625, 1.59375, 0.5625],
							"pivot": [-2.375, 1.3125, 3.0625],
							"rotation": [90, 0, 0],
							"uv": {
								"north": {"uv": [1, 130], "uv_size": [5, 13]},
								"east": {"uv": [9, 130], "uv_size": [5, 13]},
								"south": {"uv": [1, 146], "uv_size": [5, 13]},
								"west": {"uv": [17, 130], "uv_size": [5, 13]},
								"up": {"uv": [9, 146], "uv_size": [5, 5]},
								"down": {"uv": [17, 151], "uv_size": [5, -5]}
							}
						},
						{
							"origin": [-2.65625, 1.20313, 1.60157],
							"size": [0.5625, 0.46875, 0.5625],
							"pivot": [-2.375, 1.3125, 1.88282],
							"rotation": [90, 0, 0],
							"uv": {
								"north": {"uv": [25, 146], "uv_size": [5, 4]},
								"east": {"uv": [25, 154], "uv_size": [5, 4]},
								"south": {"uv": [1, 162], "uv_size": [5, 4]},
								"west": {"uv": [33, 130], "uv_size": [5, 4]},
								"up": {"uv": [25, 130], "uv_size": [5, 5]},
								"down": {"uv": [9, 159], "uv_size": [5, -5]}
							}
						},
						{
							"origin": [-2.59375, 1.20313, 1.19532],
							"size": [0.4375, 0.15625, 0.4375],
							"pivot": [-2.375, 1.3125, 1.41407],
							"rotation": [90, 0, 0],
							"uv": {
								"north": {"uv": [41, 138], "uv_size": [4, 1]},
								"east": {"uv": [17, 170], "uv_size": [4, 1]},
								"south": {"uv": [41, 146], "uv_size": [4, 1]},
								"west": {"uv": [25, 170], "uv_size": [4, 1]},
								"up": {"uv": [9, 162], "uv_size": [4, 4]},
								"down": {"uv": [33, 142], "uv_size": [4, -4]}
							}
						},
						{
							"origin": [-2.53125, 1.20313, 1.10157],
							"size": [0.3125, 0.09375, 0.3125],
							"pivot": [-2.375, 1.3125, 1.25782],
							"rotation": [90, 0, 0],
							"uv": {
								"north": {"uv": [1, 178], "uv_size": [3, 1]},
								"east": {"uv": [49, 130], "uv_size": [3, 1]},
								"south": {"uv": [9, 178], "uv_size": [3, 1]},
								"west": {"uv": [49, 138], "uv_size": [3, 1]},
								"up": {"uv": [25, 162], "uv_size": [3, 3]},
								"down": {"uv": [33, 157], "uv_size": [3, -3]}
							}
						},
						{
							"origin": [-2.65625, 0.63281, 2.78125],
							"size": [0.5625, 0.0625, 0.5625],
							"pivot": [-2.375, 1.3125, 3.0625],
							"rotation": [90, 0, 0],
							"uv": {
								"north": {"uv": [33, 162], "uv_size": [5, 1]},
								"east": {"uv": [1, 170], "uv_size": [5, 1]},
								"south": {"uv": [41, 130], "uv_size": [5, 1]},
								"west": {"uv": [9, 170], "uv_size": [5, 1]},
								"up": {"uv": [25, 138], "uv_size": [5, 5]},
								"down": {"uv": [17, 159], "uv_size": [5, -5]}
							}
						},
						{
							"origin": [-2.59375, 0.69531, 2.84375],
							"size": [0.4375, 0.125, 0.4375],
							"pivot": [-2.375, 1.3125, 3.0625],
							"rotation": [90, 0, 0],
							"uv": {
								"north": {"uv": [41, 154], "uv_size": [4, 1]},
								"east": {"uv": [33, 170], "uv_size": [4, 1]},
								"south": {"uv": [41, 162], "uv_size": [4, 1]},
								"west": {"uv": [41, 170], "uv_size": [4, 1]},
								"up": {"uv": [17, 162], "uv_size": [4, 4]},
								"down": {"uv": [33, 150], "uv_size": [4, -4]}
							}
						}
					]
				},
				{
					"name": "52PB8",
					"parent": "52pb_box",
					"pivot": [-1.4375, 1.3125, 2.44011],
					"rotation": [90, 45, 0],
					"cubes": [
						{
							"origin": [-1.71875, 0.78906, 2.78125],
							"size": [0.5625, 1.59375, 0.5625],
							"pivot": [-1.4375, 1.3125, 3.0625],
							"rotation": [90, 0, 0],
							"uv": {
								"north": {"uv": [1, 130], "uv_size": [5, 13]},
								"east": {"uv": [9, 130], "uv_size": [5, 13]},
								"south": {"uv": [1, 146], "uv_size": [5, 13]},
								"west": {"uv": [17, 130], "uv_size": [5, 13]},
								"up": {"uv": [9, 146], "uv_size": [5, 5]},
								"down": {"uv": [17, 151], "uv_size": [5, -5]}
							}
						},
						{
							"origin": [-1.71875, 1.20313, 1.60157],
							"size": [0.5625, 0.46875, 0.5625],
							"pivot": [-1.4375, 1.3125, 1.88282],
							"rotation": [90, 0, 0],
							"uv": {
								"north": {"uv": [25, 146], "uv_size": [5, 4]},
								"east": {"uv": [25, 154], "uv_size": [5, 4]},
								"south": {"uv": [1, 162], "uv_size": [5, 4]},
								"west": {"uv": [33, 130], "uv_size": [5, 4]},
								"up": {"uv": [25, 130], "uv_size": [5, 5]},
								"down": {"uv": [9, 159], "uv_size": [5, -5]}
							}
						},
						{
							"origin": [-1.65625, 1.20313, 1.19532],
							"size": [0.4375, 0.15625, 0.4375],
							"pivot": [-1.4375, 1.3125, 1.41407],
							"rotation": [90, 0, 0],
							"uv": {
								"north": {"uv": [41, 138], "uv_size": [4, 1]},
								"east": {"uv": [17, 170], "uv_size": [4, 1]},
								"south": {"uv": [41, 146], "uv_size": [4, 1]},
								"west": {"uv": [25, 170], "uv_size": [4, 1]},
								"up": {"uv": [9, 162], "uv_size": [4, 4]},
								"down": {"uv": [33, 142], "uv_size": [4, -4]}
							}
						},
						{
							"origin": [-1.59375, 1.20313, 1.10157],
							"size": [0.3125, 0.09375, 0.3125],
							"pivot": [-1.4375, 1.3125, 1.25782],
							"rotation": [90, 0, 0],
							"uv": {
								"north": {"uv": [1, 178], "uv_size": [3, 1]},
								"east": {"uv": [49, 130], "uv_size": [3, 1]},
								"south": {"uv": [9, 178], "uv_size": [3, 1]},
								"west": {"uv": [49, 138], "uv_size": [3, 1]},
								"up": {"uv": [25, 162], "uv_size": [3, 3]},
								"down": {"uv": [33, 157], "uv_size": [3, -3]}
							}
						},
						{
							"origin": [-1.71875, 0.63281, 2.78125],
							"size": [0.5625, 0.0625, 0.5625],
							"pivot": [-1.4375, 1.3125, 3.0625],
							"rotation": [90, 0, 0],
							"uv": {
								"north": {"uv": [33, 162], "uv_size": [5, 1]},
								"east": {"uv": [1, 170], "uv_size": [5, 1]},
								"south": {"uv": [41, 130], "uv_size": [5, 1]},
								"west": {"uv": [9, 170], "uv_size": [5, 1]},
								"up": {"uv": [25, 138], "uv_size": [5, 5]},
								"down": {"uv": [17, 159], "uv_size": [5, -5]}
							}
						}
					]
				},
				{
					"name": "52PB9",
					"parent": "52pb_box",
					"pivot": [-0.5625, 1.3125, 2.44011],
					"rotation": [90, 45, 0],
					"cubes": [
						{
							"origin": [-0.84375, 0.78906, 2.78125],
							"size": [0.5625, 1.59375, 0.5625],
							"pivot": [-0.5625, 1.3125, 3.0625],
							"rotation": [90, 0, 0],
							"uv": {
								"north": {"uv": [1, 130], "uv_size": [5, 13]},
								"east": {"uv": [9, 130], "uv_size": [5, 13]},
								"south": {"uv": [1, 146], "uv_size": [5, 13]},
								"west": {"uv": [17, 130], "uv_size": [5, 13]},
								"up": {"uv": [9, 146], "uv_size": [5, 5]},
								"down": {"uv": [17, 151], "uv_size": [5, -5]}
							}
						},
						{
							"origin": [-0.84375, 1.20313, 1.60157],
							"size": [0.5625, 0.46875, 0.5625],
							"pivot": [-0.5625, 1.3125, 1.88282],
							"rotation": [90, 0, 0],
							"uv": {
								"north": {"uv": [25, 146], "uv_size": [5, 4]},
								"east": {"uv": [25, 154], "uv_size": [5, 4]},
								"south": {"uv": [1, 162], "uv_size": [5, 4]},
								"west": {"uv": [33, 130], "uv_size": [5, 4]},
								"up": {"uv": [25, 130], "uv_size": [5, 5]},
								"down": {"uv": [9, 159], "uv_size": [5, -5]}
							}
						},
						{
							"origin": [-0.78125, 1.20313, 1.19532],
							"size": [0.4375, 0.15625, 0.4375],
							"pivot": [-0.5625, 1.3125, 1.41407],
							"rotation": [90, 0, 0],
							"uv": {
								"north": {"uv": [41, 138], "uv_size": [4, 1]},
								"east": {"uv": [17, 170], "uv_size": [4, 1]},
								"south": {"uv": [41, 146], "uv_size": [4, 1]},
								"west": {"uv": [25, 170], "uv_size": [4, 1]},
								"up": {"uv": [9, 162], "uv_size": [4, 4]},
								"down": {"uv": [33, 142], "uv_size": [4, -4]}
							}
						},
						{
							"origin": [-0.71875, 1.20313, 1.10157],
							"size": [0.3125, 0.09375, 0.3125],
							"pivot": [-0.5625, 1.3125, 1.25782],
							"rotation": [90, 0, 0],
							"uv": {
								"north": {"uv": [1, 178], "uv_size": [3, 1]},
								"east": {"uv": [49, 130], "uv_size": [3, 1]},
								"south": {"uv": [9, 178], "uv_size": [3, 1]},
								"west": {"uv": [49, 138], "uv_size": [3, 1]},
								"up": {"uv": [25, 162], "uv_size": [3, 3]},
								"down": {"uv": [33, 157], "uv_size": [3, -3]}
							}
						},
						{
							"origin": [-0.84375, 0.63281, 2.78125],
							"size": [0.5625, 0.0625, 0.5625],
							"pivot": [-0.5625, 1.3125, 3.0625],
							"rotation": [90, 0, 0],
							"uv": {
								"north": {"uv": [33, 162], "uv_size": [5, 1]},
								"east": {"uv": [1, 170], "uv_size": [5, 1]},
								"south": {"uv": [41, 130], "uv_size": [5, 1]},
								"west": {"uv": [9, 170], "uv_size": [5, 1]},
								"up": {"uv": [25, 138], "uv_size": [5, 5]},
								"down": {"uv": [17, 159], "uv_size": [5, -5]}
							}
						},
						{
							"origin": [-0.78125, 0.69531, 2.84375],
							"size": [0.4375, 0.125, 0.4375],
							"pivot": [-0.5625, 1.3125, 3.0625],
							"rotation": [90, 0, 0],
							"uv": {
								"north": {"uv": [41, 154], "uv_size": [4, 1]},
								"east": {"uv": [33, 170], "uv_size": [4, 1]},
								"south": {"uv": [41, 162], "uv_size": [4, 1]},
								"west": {"uv": [41, 170], "uv_size": [4, 1]},
								"up": {"uv": [17, 162], "uv_size": [4, 4]},
								"down": {"uv": [33, 150], "uv_size": [4, -4]}
							}
						}
					]
				},
				{
					"name": "52PB2",
					"parent": "52pb_box",
					"pivot": [1.25, 0.25, 0.44011],
					"rotation": [180, 23, 0],
					"cubes": [
						{
							"origin": [0.96875, -0.27344, 0.78125],
							"size": [0.5625, 1.59375, 0.5625],
							"pivot": [1.25, 0.25, 1.0625],
							"rotation": [90, 0, 0],
							"uv": {
								"north": {"uv": [1, 130], "uv_size": [5, 13]},
								"east": {"uv": [9, 130], "uv_size": [5, 13]},
								"south": {"uv": [1, 146], "uv_size": [5, 13]},
								"west": {"uv": [17, 130], "uv_size": [5, 13]},
								"up": {"uv": [9, 146], "uv_size": [5, 5]},
								"down": {"uv": [17, 151], "uv_size": [5, -5]}
							}
						},
						{
							"origin": [0.96875, 0.14063, -0.39844],
							"size": [0.5625, 0.46875, 0.5625],
							"pivot": [1.25, 0.25, -0.11719],
							"rotation": [90, 0, 0],
							"uv": {
								"north": {"uv": [25, 146], "uv_size": [5, 4]},
								"east": {"uv": [25, 154], "uv_size": [5, 4]},
								"south": {"uv": [1, 162], "uv_size": [5, 4]},
								"west": {"uv": [33, 130], "uv_size": [5, 4]},
								"up": {"uv": [25, 130], "uv_size": [5, 5]},
								"down": {"uv": [9, 159], "uv_size": [5, -5]}
							}
						},
						{
							"origin": [1.03125, 0.14063, -0.80469],
							"size": [0.4375, 0.15625, 0.4375],
							"pivot": [1.25, 0.25, -0.58594],
							"rotation": [90, 0, 0],
							"uv": {
								"north": {"uv": [41, 138], "uv_size": [4, 1]},
								"east": {"uv": [17, 170], "uv_size": [4, 1]},
								"south": {"uv": [41, 146], "uv_size": [4, 1]},
								"west": {"uv": [25, 170], "uv_size": [4, 1]},
								"up": {"uv": [9, 162], "uv_size": [4, 4]},
								"down": {"uv": [33, 142], "uv_size": [4, -4]}
							}
						},
						{
							"origin": [1.09375, 0.14063, -0.89844],
							"size": [0.3125, 0.09375, 0.3125],
							"pivot": [1.25, 0.25, -0.74219],
							"rotation": [90, 0, 0],
							"uv": {
								"north": {"uv": [1, 178], "uv_size": [3, 1]},
								"east": {"uv": [49, 130], "uv_size": [3, 1]},
								"south": {"uv": [9, 178], "uv_size": [3, 1]},
								"west": {"uv": [49, 138], "uv_size": [3, 1]},
								"up": {"uv": [25, 162], "uv_size": [3, 3]},
								"down": {"uv": [33, 157], "uv_size": [3, -3]}
							}
						},
						{
							"origin": [0.96875, -0.42969, 0.78125],
							"size": [0.5625, 0.0625, 0.5625],
							"pivot": [1.25, 0.25, 1.0625],
							"rotation": [90, 0, 0],
							"uv": {
								"north": {"uv": [33, 162], "uv_size": [5, 1]},
								"east": {"uv": [1, 170], "uv_size": [5, 1]},
								"south": {"uv": [41, 130], "uv_size": [5, 1]},
								"west": {"uv": [9, 170], "uv_size": [5, 1]},
								"up": {"uv": [25, 138], "uv_size": [5, 5]},
								"down": {"uv": [17, 159], "uv_size": [5, -5]}
							}
						},
						{
							"origin": [1.03125, -0.36719, 0.84375],
							"size": [0.4375, 0.125, 0.4375],
							"pivot": [1.25, 0.25, 1.0625],
							"rotation": [90, 0, 0],
							"uv": {
								"north": {"uv": [41, 154], "uv_size": [4, 1]},
								"east": {"uv": [33, 170], "uv_size": [4, 1]},
								"south": {"uv": [41, 162], "uv_size": [4, 1]},
								"west": {"uv": [41, 170], "uv_size": [4, 1]},
								"up": {"uv": [17, 162], "uv_size": [4, 4]},
								"down": {"uv": [33, 150], "uv_size": [4, -4]}
							}
						}
					]
				},
				{
					"name": "box",
					"parent": "52pb_box",
					"pivot": [0, 0, 0],
					"cubes": [
						{
							"origin": [-3, 0, -3],
							"size": [3, 2.75, 4],
							"uv": {
								"north": {"uv": [49, 1], "uv_size": [24, 22]},
								"east": {"uv": [1, 33], "uv_size": [32, 22]},
								"south": {"uv": [1, 57], "uv_size": [24, 22]},
								"west": {"uv": [33, 33], "uv_size": [32, 22]},
								"up": {"uv": [1, 1], "uv_size": [24, 32]},
								"down": {"uv": [25, 33], "uv_size": [24, -32]}
							}
						},
						{
							"origin": [-0.09679, 0, 0.96449],
							"size": [0.0625, 2.75, 1.75],
							"pivot": [-1.03429, 0, 1.96449],
							"rotation": [0, -2, 0],
							"uv": {
								"north": {"uv": [97, 49], "uv_size": [1, 22]},
								"east": {"uv": [65, 25], "uv_size": [14, 22]},
								"south": {"uv": [65, 97], "uv_size": [1, 22]},
								"west": {"uv": [73, 1], "uv_size": [14, 22]},
								"up": {"uv": [33, 105], "uv_size": [1, 14]},
								"down": {"uv": [41, 119], "uv_size": [1, -14]}
							}
						},
						{
							"origin": [-2.94638, 0, 1.04769],
							"size": [0.0625, 2.75, 1.75],
							"pivot": [-3.88388, 0, 2.04769],
							"rotation": [0, 3, 0],
							"uv": {
								"north": {"uv": [73, 97], "uv_size": [1, 22]},
								"east": {"uv": [25, 73], "uv_size": [14, 22]},
								"south": {"uv": [81, 97], "uv_size": [1, 22]},
								"west": {"uv": [41, 73], "uv_size": [14, 22]},
								"up": {"uv": [105, 41], "uv_size": [1, 14]},
								"down": {"uv": [49, 119], "uv_size": [1, -14]}
							}
						},
						{
							"origin": [-2.875, 0, 1],
							"size": [2.75, 1.375, 2],
							"uv": {
								"north": {"uv": [73, 49], "uv_size": [23, 11]},
								"east": {"uv": [1, 81], "uv_size": [16, 11]},
								"south": {"uv": [57, 73], "uv_size": [23, 11]},
								"west": {"uv": [81, 25], "uv_size": [16, 11]},
								"up": {"uv": [25, 57], "uv_size": [23, 16]},
								"down": {"uv": [49, 73], "uv_size": [23, -16]}
							}
						},
						{
							"origin": [-2.9375, 1.375, 1.9375],
							"size": [2.875, 0.625, 0.0625],
							"uv": {
								"north": {"uv": [73, 65], "uv_size": [23, 5]},
								"east": {"uv": [65, 49], "uv_size": [1, 5]},
								"south": {"uv": [81, 41], "uv_size": [23, 5]},
								"west": {"uv": [105, 17], "uv_size": [1, 5]},
								"up": {"uv": [17, 97], "uv_size": [23, 1]},
								"down": {"uv": [97, 26], "uv_size": [23, -1]}
							}
						},
						{
							"origin": [-2.875, 1.375, 2.9375],
							"size": [2.75, 0.625, 0.0625],
							"uv": {
								"north": {"uv": [81, 73], "uv_size": [23, 5]},
								"east": {"uv": [105, 81], "uv_size": [1, 5]},
								"south": {"uv": [81, 81], "uv_size": [23, 5]},
								"west": {"uv": [105, 89], "uv_size": [1, 5]},
								"up": {"uv": [97, 33], "uv_size": [23, 1]},
								"down": {"uv": [41, 98], "uv_size": [23, -1]}
							}
						},
						{
							"origin": [-1.9375, 1.375, 1],
							"size": [0.0625, 0.625, 1.9375],
							"uv": {
								"north": {"uv": [57, 105], "uv_size": [1, 5]},
								"east": {"uv": [49, 25], "uv_size": [16, 5]},
								"south": {"uv": [105, 57], "uv_size": [1, 5]},
								"west": {"uv": [89, 1], "uv_size": [16, 5]},
								"up": {"uv": [17, 81], "uv_size": [1, 16]},
								"down": {"uv": [89, 113], "uv_size": [1, -16]}
							}
						},
						{
							"origin": [-1, 1.375, 1],
							"size": [0.0625, 0.625, 1.9375],
							"uv": {
								"north": {"uv": [105, 65], "uv_size": [1, 5]},
								"east": {"uv": [89, 9], "uv_size": [16, 5]},
								"south": {"uv": [105, 73], "uv_size": [1, 5]},
								"west": {"uv": [89, 17], "uv_size": [16, 5]},
								"up": {"uv": [97, 97], "uv_size": [1, 16]},
								"down": {"uv": [1, 121], "uv_size": [1, -16]}
							}
						},
						{
							"origin": [-0.1875, 1.375, 1],
							"size": [0.0625, 0.625, 1.9375],
							"uv": {
								"north": {"uv": [105, 97], "uv_size": [1, 5]},
								"east": {"uv": [57, 89], "uv_size": [16, 5]},
								"south": {"uv": [105, 105], "uv_size": [1, 5]},
								"west": {"uv": [73, 89], "uv_size": [16, 5]},
								"up": {"uv": [105, 1], "uv_size": [1, 16]},
								"down": {"uv": [9, 121], "uv_size": [1, -16]}
							}
						},
						{
							"origin": [-2.875, 1.375, 1],
							"size": [0.0625, 0.625, 1.9375],
							"uv": {
								"north": {"uv": [113, 1], "uv_size": [1, 5]},
								"east": {"uv": [89, 89], "uv_size": [16, 5]},
								"south": {"uv": [113, 9], "uv_size": [1, 5]},
								"west": {"uv": [1, 97], "uv_size": [16, 5]},
								"up": {"uv": [17, 105], "uv_size": [1, 16]},
								"down": {"uv": [25, 121], "uv_size": [1, -16]}
							}
						}
					]
				}
			]
		}
	]
}