{
  "ammo": "tacz:556x45",
  "ammo_amount": 40,
  "extended_mag_ammo_amount": [
    50,
    60,
    100
  ],
  "bolt": "closed_bolt",
  "rpm": 850,
  "script": "tacz:vector45_gun_logic",
  "script_param": {
    "reload_feed": 1.4,
    "reload_cooldown": 2.17,
    "empty_feed": 1.83,
    "empty_cooldown": 2.43,
    "reload_xmag2_feed": 1.6,
    "reload_xmag2_cooldown": 2.3,
    "empty_xmag2_feed": 2,
    "empty_xmag2_cooldown": 2.63,
    "reload_xmag3_feed": 1.97,
    "reload_xmag3_cooldown": 2.7,
    "empty_xmag3_feed": 2.52,
    "empty_xmag3_cooldown": 3.33
  },
  "bullet": {
    "life": 0.9,
    "bullet_amount": 1,
    "damage": 9.5,
    "tracer_count_interval": 0,
    "extra_damage": {
      "armor_ignore": 0.2,
      "head_shot_multiplier": 1.5,
      "damage_adjust": [
        {"distance": 45, "damage": 9.5},
        {"distance": 80, "damage": 8},
        {"distance": "infinite", "damage": 7.5}
      ]
    },
    "speed": 285,
    "gravity": 0.15,
    "knockback": 0,
    "friction": 0.015,
    "ignite": false,
    "pierce": 1
  },
  "reload": {
    "type": "magazine",
    "feed": {
      "empty": 2.07,
      "tactical": 1.4
    },
    "cooldown": {
      "empty": 2.63,
      "tactical": 2
    }
  },
  "draw_time": 0.47,
  "put_away_time": 0.53,
  "aim_time": 0.16,
  "sprint_time": 0.17,
  "weight": 4.0,
  "movement_speed": {
    "base": 0.0,
    "aim": -0.2,
    "reload": -0.1
  },
  "crawl_recoil_multiplier": 0.5,
  "fire_mode": [
    "auto",
    "semi"
  ],
  "recoil": {
    "pitch": [
      {"time": 0, "value": [0.525, 0.525]},
      {"time": 0.15, "value": [0.525, 0.525]},
      {"time": 0.5, "value": [-0.125, -0.125]},
      {"time": 0.65, "value": [0, 0]}
    ],
    "yaw": [
      {"time": 0, "value": [-0.25, 0.2]},
      {"time": 0.15, "value": [-0.25, 0.2]},
      {"time": 0.5, "value": [0, 0]}
    ]
  },
  "inaccuracy": {
    "stand": 4.75,
    "move": 5,
    "sneak": 4.25,
    "lie": 3.75,
    "aim": 0.1
  },
  // 近战相关
  "melee": {
    // 枪械距离参数，用来延升近战攻击范围
    // 会与刺刀等配件的距离做加和
    "distance": 1,
    // 使用时的冷却时间
    "cooldown": 0.6,
    // 默认近战数据，会被配件的数据替换掉
    "default": {
      // 动画类型：没有枪托的为 melee_push，有枪托的为 melee_stock
      "animation_type": "melee_stock",
      // 刺刀距离参数，枪械里还有个刺刀攻击距离参数，两者做加和
      "distance": 1,
      // 刺刀范围角度
      "range_angle": 30,
      // 伤害值
      "damage": 2,
      // 击退效果
      "knockback": 0.5,
      // 前摇时长，单位：秒
      "prep": 0.1
    }
  },
  "allow_attachment_types": [
    "scope",
    "stock",
    "grip",
    "muzzle",
    "extended_mag"
  ],
  "exclusive_attachments": {
  }
}