{
  "ammo": "tacz:68x51fury",
  "ammo_amount": 20,
  "extended_mag_ammo_amount": [
    25,
    30,
    45
  ],
  "bolt": "closed_bolt",
  "rpm": 660,
  "bullet": {
    "life": 0.9,
    "bullet_amount": 1,
    "damage": 12,
    "tracer_count_interval": 0,
    "extra_damage": {
      "armor_ignore": 0.60,
      "head_shot_multiplier": 2,
      "damage_adjust": [
        {"distance": 36, "damage": 12},
        {"distance": 64, "damage": 10},
        {"distance": "infinite", "damage": 8}
      ]
    },
    "speed": 450,
    "gravity": 0.15,
    "knockback": 0,
    "friction": 0.015,
    "ignite": false,
    "pierce": 2,
    "explosion": {
      "explode": false,
      "damage": 60,
      "radius": 1.25,
      "knockback": true,
      "delay": 1
    }
  },
  "reload": {
    "type": "magazine",
    "feed": {
      "empty": 2.47,
      "tactical": 1.13
    },
    "cooldown": {
      "empty": 2.93,
      "tactical": 1.9
    }
  },
  "draw_time": 0.35,
  "put_away_time": 0.75,
  "aim_time": 0.25,
  "sprint_time": 0.2,
  "bolt_action_time": 0.9,
  "weight": 6.9,
  "movement_speed": {
    "base": 0.0,
    "aim": -0.4,
    "reload": -0.2
  },
  "crawl_recoil_multiplier": 0.25,
  "fire_mode": [
    "semi",
    "auto"
  ],
  "fire_mode_adjust": {
    // 全自动状态的数值调整，如无调整可不写
    "auto": {
      // 加算，全自动模式的开火数值调整，如无调整可不写
      "damage": 0,
      "rpm": 0,
      "speed": 0,
      "knockback": 0,
      "armor_ignore": 0,
      "head_shot_multiplier": 0,
      "aim_inaccuracy": 0,
      "other_inaccuracy": 0
    },
    // 半自动状态的数值调整，如无调整可不写
    "semi": {
      // 加算，半自动模式的开火数值调整，如无调整可不写
      "damage": 10,
      "rpm": -400,
      "speed": 100,
      "knockback": 0.1,
      "armor_ignore": 0.1,
      "head_shot_multiplier": 0.1,
      "aim_inaccuracy": -0.1,
      "other_inaccuracy": -0.5
    }
    // 多连发状态的数值调整，如无调整可不写
    // "burst": {
      // 加算，多连发模式的开火数值调整，如无调整可不写
      // "damage": 0,
      // "rpm": 0,
      // "speed": 0,
      // "knockback": 0,
      // "armor_ignore": 0,
      // "head_shot_multiplier": 0,
      // "aim_inaccuracy": 0,
      // "other_inaccuracy": 0
    // }
  },
  "allow_attachment_types": [
    "extended_mag",
    "scope",
    "muzzle",
    "grip",
    "stock"
  ],
  "recoil": {
    "pitch": [
      {"time": 0, "value": [0.7, 0.7]},
      {"time": 0.25, "value": [0.7, 0.7]},
      {"time": 0.45, "value": [-0.175, -0.175]},
      {"time": 0.6, "value": [0, 0]}
    ],
    "yaw": [
      {"time": 0, "value": [-0.35, 0.25]},
      {"time": 0.45, "value": [0, 0]}
    ]
  },
  "inaccuracy": {
    "stand": 8.5,
    "move": 11,
    "sneak": 6.5,
    "lie": 4.5,
    "aim": 0.05
  },
  // 近战相关
  "melee": {
    // 枪械距离参数，用来延升近战攻击范围
    // 会与刺刀等配件的距离做加和
    "distance": 1,
    // 使用时的冷却时间
    "cooldown": 1.0,
    // 默认近战数据，会被配件的数据替换掉
    "default": {
      // 动画类型：没有枪托的为 melee_push，有枪托的为 melee_stock
      "animation_type": "melee_stock",
      // 刺刀距离参数，枪械里还有个刺刀攻击距离参数，两者做加和
      "distance": 1.25,
      // 刺刀范围角度
      "range_angle": 30,
      // 伤害值
      "damage": 5,
      // 击退效果
      "knockback": 1,
      // 前摇时长，单位：秒
      "prep": 0.1
    }
    },
"builtin_attachments": {
  "stock": "tacz:oem_stock_tactical"
}
}