{
	"credit": "Made with Blockbench",
	"texture_size": [64, 64],
	"textures": {
		"1": "./american_helmet",
		"2": "./american_gasmask"
	},
	"elements": [
		{
			"from": [0, 0, 0.25],
			"to": [16, 16, 16.25],
			"rotation": {"angle": 0, "axis": "y", "origin": [8, 8, 8]},
			"faces": {
				"north": {"uv": [4, 4, 8, 8], "texture": "#1"},
				"east": {"uv": [0, 4, 4, 8], "texture": "#1"},
				"south": {"uv": [12, 4, 16, 8], "texture": "#1"},
				"west": {"uv": [8, 4, 12, 8], "texture": "#1"},
				"up": {"uv": [8, 4, 4, 0], "texture": "#1"},
				"down": {"uv": [12, 0, 8, 4], "texture": "#1"}
			}
		},
		{
			"from": [16, 16, 16.25],
			"to": [0, 0, 0.25],
			"rotation": {"angle": 0, "axis": "x", "origin": [8, 8, 8]},
			"faces": {
				"north": {"uv": [16, 4, 12, 8], "rotation": 180, "texture": "#1"},
				"east": {"uv": [12, 4, 8, 8], "rotation": 180, "texture": "#1"},
				"south": {"uv": [8, 4, 4, 8], "rotation": 180, "texture": "#1"},
				"west": {"uv": [4, 4, 0, 8], "rotation": 180, "texture": "#1"},
				"up": {"uv": [8, 0, 12, 4], "texture": "#1"},
				"down": {"uv": [4, 4, 8, 0], "texture": "#1"}
			}
		},
		{
			"from": [-0.8, -0.8, -0.55],
			"to": [16.8, 16.8, 17.05],
			"rotation": {"angle": 0, "axis": "y", "origin": [8, 8, 8]},
			"faces": {
				"north": {"uv": [4, 12, 8, 16], "texture": "#1"},
				"east": {"uv": [0, 12, 4, 16], "texture": "#1"},
				"south": {"uv": [12, 12, 16, 16], "texture": "#1"},
				"west": {"uv": [8, 12, 12, 16], "texture": "#1"},
				"up": {"uv": [8, 12, 4, 8], "texture": "#1"},
				"down": {"uv": [12, 8, 8, 12], "texture": "#1"}
			}
		},
		{
			"from": [16.8, 16.8, 17.05],
			"to": [-0.8, -0.8, -0.55],
			"rotation": {"angle": 0, "axis": "x", "origin": [8, 8, 8]},
			"faces": {
				"north": {"uv": [16, 12, 12, 16], "rotation": 180, "texture": "#1"},
				"east": {"uv": [12, 12, 8, 16], "rotation": 180, "texture": "#1"},
				"south": {"uv": [8, 12, 4, 16], "rotation": 180, "texture": "#1"},
				"west": {"uv": [4, 12, 0, 16], "rotation": 180, "texture": "#1"},
				"up": {"uv": [8, 8, 12, 12], "texture": "#1"},
				"down": {"uv": [4, 12, 8, 8], "texture": "#1"}
			}
		},
		{
			"from": [7, -7.78342, 5.74032],
			"to": [9, -3.78342, 7.74032],
			"rotation": {"angle": -22.5, "axis": "x", "origin": [8, -5.78342, 6.74032]},
			"faces": {
				"north": {"uv": [7.75, 7, 8.25, 8], "texture": "#2"},
				"east": {"uv": [8, 4, 8.5, 5], "texture": "#2"},
				"south": {"uv": [8, 5, 8.5, 6], "texture": "#2"},
				"west": {"uv": [8, 6, 8.5, 7], "texture": "#2"},
				"down": {"uv": [8.5, 2.5, 8, 3], "texture": "#2"}
			}
		},
		{
			"from": [0.75, 1.1279, 0.9712],
			"to": [15.25, 12.6279, 4.9712],
			"rotation": {"angle": 0, "axis": "y", "origin": [23.99908, 8, 8]},
			"faces": {
				"north": {"uv": [0, 3, 3.75, 6], "texture": "#2"},
				"east": {"uv": [6.5, 4, 7.5, 7], "texture": "#2"},
				"south": {"uv": [3.75, 0, 7.5, 3], "texture": "#2"},
				"west": {"uv": [2.75, 7, 3.75, 10], "texture": "#2"},
				"up": {"uv": [6.5, 7, 2.75, 6], "texture": "#2"},
				"down": {"uv": [10.25, 3, 6.5, 4], "texture": "#2"}
			}
		},
		{
			"from": [0.75, 1.1279, 4.9712],
			"to": [15.25, 12.6279, 15.4712],
			"rotation": {"angle": 0, "axis": "y", "origin": [23.99908, 8, 8]},
			"faces": {
				"east": {"uv": [3.75, 3, 6.5, 6], "texture": "#2"},
				"south": {"uv": [0, 0, 3.75, 3], "texture": "#2"},
				"west": {"uv": [0, 6, 2.75, 9], "texture": "#2"}
			}
		},
		{
			"from": [5.5, -0.37536, -1.32194],
			"to": [10.5, 4.62464, 1.67806],
			"rotation": {"angle": 0, "axis": "x", "origin": [18.25, 0.62464, 0.42806]},
			"faces": {
				"north": {"uv": [3.75, 7, 5, 8.25], "texture": "#2"},
				"east": {"uv": [6.25, 7, 7, 8.25], "texture": "#2"},
				"south": {"uv": [5, 7, 6.25, 8.25], "texture": "#2"},
				"west": {"uv": [7, 7, 7.75, 8.25], "texture": "#2"},
				"up": {"uv": [8.75, 0.75, 7.5, 0], "texture": "#2"},
				"down": {"uv": [8.75, 0.75, 7.5, 1.5], "texture": "#2"}
			}
		},
		{
			"from": [7, -2.37536, 0.42806],
			"to": [9, 0.62464, 2.42806],
			"rotation": {"angle": -22.5, "axis": "x", "origin": [8, -2.33247, 2.34227]},
			"faces": {
				"north": {"uv": [7.75, 8, 8.25, 8.75], "texture": "#2"},
				"east": {"uv": [3.75, 8.25, 4.25, 9], "texture": "#2"},
				"south": {"uv": [4.25, 8.25, 4.75, 9], "texture": "#2"},
				"west": {"uv": [4.75, 8.25, 5.25, 9], "texture": "#2"}
			}
		},
		{
			"from": [7.025, -3.71635, 1.01905],
			"to": [8.975, -1.71635, 7.01905],
			"rotation": {"angle": 22.5, "axis": "x", "origin": [8, -2.33247, 2.34227]},
			"faces": {
				"east": {"uv": [7.5, 1.5, 9, 2], "texture": "#2"},
				"south": {"uv": [7.5, 2.5, 8, 3], "texture": "#2"},
				"west": {"uv": [7.5, 2, 9, 2.5], "texture": "#2"},
				"up": {"uv": [8, 5.5, 7.5, 4], "texture": "#2"},
				"down": {"uv": [8, 5.5, 7.5, 7], "texture": "#2"}
			}
		}
	],
	"gui_light": "front",
	"overrides": [
		{
			"predicate": {
				"pulling": 1
			},
			"model": "item/bow_pulling_0"
		},
		{
			"predicate": {
				"pulling": 1,
				"pull": 0.3
			},
			"model": "item/bow_pulling_1"
		},
		{
			"predicate": {
				"pulling": 1,
				"pull": 0.3
			},
			"model": "item/bow_pulling_2"
		}
	],
	"display": {
		"thirdperson_righthand": {
			"rotation": [0, 42, 0],
			"translation": [0, 0, 1],
			"scale": [0.3, 0.3, 0.3]
		},
		"thirdperson_lefthand": {
			"rotation": [74, 0, 0],
			"translation": [-3.5, 0.75, 13.75],
			"scale": [0.3, 0.3, 0.3]
		},
		"firstperson_righthand": {
			"rotation": [0, 111, 0],
			"translation": [0, 0.25, -0.25],
			"scale": [0.4, 0.4, 0.4]
		},
		"firstperson_lefthand": {
			"rotation": [-7, 124, -15],
			"translation": [0.25, 3.25, 0],
			"scale": [0.4, 0.4, 0.4]
		},
		"ground": {
			"translation": [0, 2.25, 0],
			"scale": [0.4, 0.4, 0.4]
		},
		"gui": {
			"rotation": [0, -180, 0],
			"translation": [0, 1, 0],
			"scale": [0.6, 0.6, 1]
		},
		"head": {
			"translation": [0, 0, -0.25]
		},
		"fixed": {
			"translation": [0, 0.75, 0.75],
			"scale": [0.7, 0.7, 0.7]
		}
	}
}