{
	"credit": "Made with Blockbench",
	"parent": "item/handheld",
	"textures": {
		"particle": "./knife",
		"layer0": "./knife"
	},
	"display": {
		"thirdperson_righthand": {
			"rotation": [5, -90, 55],
			"translation": [0, 1.75, 0.75],
			"scale": [0.75, 0.75, 0.7]
		},
		"thirdperson_lefthand": {
			"rotation": [-95, -102, 43],
			"translation": [0.25, -5.25, 1.25],
			"scale": [0.75, 0.75, 0.7]
		},
		"firstperson_righthand": {
			"rotation": [-37, -91, 25],
			"translation": [1.38, 3.95, -0.12],
			"scale": [0.68, 0.68, 0.68]
		},
		"firstperson_lefthand": {
			"rotation": [135, 99, -3],
			"translation": [0.63, 0.45, 1.13],
			"scale": [0.68, 0.68, 0.68]
		},
		"ground": {
			"rotation": [0, 0, 45],
			"translation": [0, 3.75, 0],
			"scale": [0.5, 0.5, 0.5]
		},
		"fixed": {
			"rotation": [0, 0, 90]
		}
	}
}