{
	"credit": "Made with Blockbench",
	"parent": "item/handheld",
	"textures": {
		"particle": "./machete",
		"layer0": "./machete"
	},
	"display": {
		"thirdperson_righthand": {
			"rotation": [0, -90, 55],
			"translation": [0, 4.5, 0.25]
		},
		"thirdperson_lefthand": {
			"rotation": [-180, -84, -69],
			"translation": [-2.25, -7.25, -0.75]
		},
		"firstperson_righthand": {
			"rotation": [-4, -90, 28],
			"translation": [1.38, 4.95, 0.88],
			"scale": [0.7, 0.7, 0.68]
		},
		"firstperson_lefthand": {
			"rotation": [152, 96, -37],
			"translation": [1.13, -1.55, 1.13],
			"scale": [0.7, 0.7, 0.68]
		},
		"ground": {
			"rotation": [0, 0, 45],
			"translation": [0, 3.75, 0],
			"scale": [0.6, 0.6, 0.6]
		},
		"fixed": {
			"rotation": [0, 0, 90],
			"scale": [1.1, 1.1, 1]
		}
	}
}