{
  "ammo": "rebel:5627",
  "rpm": 900,
  "bullet": {
    "life": 0.8,
    "bullet_amount": 1,
    "damage": 5,
    "tracer_count_interval": 0,
    "extra_damage": {
      "armor_ignore": 0.18,
      "head_shot_multiplier": 1.5,
      "damage_adjust": [
        {"distance": 10, "damage": 5.5},
        {"distance": 15, "damage": 5},
        {"distance": 35, "damage": 4.5},
        {"distance": 50, "damage": 4},
        {"distance": "infinite", "damage": 3.5}
      ]
    },
    "speed": 200,
    "gravity": 0.098,
    "knockback": 0,
    "friction": 0.02,
    "ignite": false,
    "pierce": 1
  },
  "ammo_amount": 32,
  "extended_mag_ammo_amount": [
    38,
    48,
    60
  ],
  "bolt": "open_bolt",
  "reload": {
    "type": "magazine",
    "feed": {
      "empty": 1.6,
      "tactical": 1.8
    },
    "cooldown": {
      "empty": 2.9,
      "tactical": 2.5
    }
  },
  "draw_time": 0.32,
  "put_away_time": 0.54,
  "sprint_time": 0.2,
  "aim_time": 0.1,
  "weight": 2.2,
  "fire_mode": [
    "auto",
    "semi"
  ],

  "allow_attachment_types": [
    "scope",
    "muzzle",
    "grip",
    "extended_mag"

  ],
  "recoil": {
    "pitch": [
      {"time": 0, "value": [0.15, 0.15]},
      {"time": 0.12, "value": [0.15, 0.15]},
      {"time": 0.3, "value": [-0.2, -0.2]},
      {"time": 0.45, "value": [0, 0]}
    ],
    "yaw": [
      {"time": 0, "value": [-0.35, 0.2]},
      {"time": 0.12, "value": [-0.35, 0.2]},
      {"time": 0.3, "value": [0, 0]}
    ]
  },
  "inaccuracy": {
    "stand": 2,
    "move": 3,
    "sneak": 1.5,
    "lie": 1.5,
    "aim": 0.2
  },

  "melee": {

    "distance": 1,

    "cooldown": 0.6,

    "default": {

      "animation_type": "melee_push",

      "distance": 0,

      "range_angle": 40,
   
      "cooldown": 0,

      "damage": 1,

      "knockback": 0.4,

      "prep": 0.1
    }
  }
}