{
	"format_version": "1.8.0",
	"animations": {
		"static_idle": {
			"animation_length": 1.3958,
			"bones": {
				"root": {
					"rotation": [0, 0, 0],
					"position": [0, 0, 0]
				},
				"leftHand": {
					"rotation": [90, 0, 0],
					"position": [16, -16, 6],
					"scale": [1, 1.5, 1]
				},
				"constraint": {
					"rotation": [0.1, 0.1, 0.1],
					"position": [0.1, 0.1, 0.1]
				},
				"rightHand": {
					"rotation": [89.9832, 2.35911, -175.14678],
					"position": [-6.725, -17.05, -5.525],
					"scale": [1, 1.5, 1]
				},
				"gun": {
					"rotation": [0, -180, 0]
				}
			}
		},
		"draw": {
			"loop": "hold_on_last_frame",
			"animation_length": 1,
			"bones": {
				"root": {
					"rotation": {
						"0.0": {
							"post": [48.08626, -27.49778, 27.66029],
							"lerp_mode": "catmullrom"
						},
						"0.2083": {
							"post": [35.212, -16.83418, 17.09619],
							"lerp_mode": "catmullrom"
						},
						"0.375": {
							"post": [-16.33597, 7.52076, 11.01765],
							"lerp_mode": "catmullrom"
						},
						"0.5": {
							"post": [-4.885, 5.31, 6.2],
							"lerp_mode": "catmullrom"
						},
						"0.625": {
							"post": [2.5625, 0, 2.0625],
							"lerp_mode": "catmullrom"
						},
						"0.8125": {
							"post": [-0.2725, -0.47, 1.42],
							"lerp_mode": "catmullrom"
						},
						"1.0": {
							"post": [0, 0, 0],
							"lerp_mode": "catmullrom"
						}
					},
					"position": {
						"0.0": {
							"post": [0, -12, 0],
							"lerp_mode": "catmullrom"
						},
						"0.2083": {
							"post": [0, -1.14, 0.08],
							"lerp_mode": "catmullrom"
						},
						"0.375": {
							"post": [-1.5, 1.75, -2.25],
							"lerp_mode": "catmullrom"
						},
						"0.5208": {
							"post": [-0.25, -0.66, -1.7],
							"lerp_mode": "catmullrom"
						},
						"0.625": {
							"post": [0.25, -0.3125, -0.5],
							"lerp_mode": "catmullrom"
						},
						"0.8125": {
							"post": [0, -0.06, 0.13],
							"lerp_mode": "catmullrom"
						},
						"1.0": {
							"post": [0, 0, 0],
							"lerp_mode": "catmullrom"
						}
					}
				},
				"leftHand": {
					"rotation": [90, 0, 0],
					"position": [16, -16, 6],
					"scale": [1, 1.5, 1]
				},
				"constraint": {
					"rotation": [0.1, 0.1, 0.1],
					"position": [0.1, 0.1, 0.1]
				},
				"rightHand": {
					"rotation": {
						"0.0": {
							"post": [97.4832, 2.35911, -175.14678],
							"lerp_mode": "catmullrom"
						},
						"0.2083": {
							"post": [97.4832, 2.35911, -175.14678],
							"lerp_mode": "catmullrom"
						},
						"0.4167": {
							"post": [89.9832, 2.35911, -175.14678],
							"lerp_mode": "catmullrom"
						}
					},
					"position": {
						"0.0": {
							"post": [-6.725, -17.3, -5.525],
							"lerp_mode": "catmullrom"
						},
						"0.2083": {
							"post": [-6.725, -17.3, -5.525],
							"lerp_mode": "catmullrom"
						},
						"0.4167": {
							"post": [-6.725, -17.05, -5.525],
							"lerp_mode": "catmullrom"
						}
					},
					"scale": [1, 1.5, 1]
				},
				"camera": {
					"rotation": {
						"0.0": {
							"post": [0, 0, 0],
							"lerp_mode": "catmullrom"
						},
						"0.1042": {
							"post": [-0.22, 0, -0.125],
							"lerp_mode": "catmullrom"
						},
						"0.1875": {
							"post": [0.5, 0.75, -0.3125],
							"lerp_mode": "catmullrom"
						},
						"0.3333": {
							"post": [-0.5, 0.5, 0],
							"lerp_mode": "catmullrom"
						},
						"0.5208": {
							"post": [-0.5, -0.25, 0],
							"lerp_mode": "catmullrom"
						},
						"0.5625": {
							"post": [0.3125, 0.125, 0],
							"lerp_mode": "catmullrom"
						},
						"0.6667": {
							"post": [-0.1875, 0, -0.1875],
							"lerp_mode": "catmullrom"
						},
						"0.8125": {
							"post": [0, 0, 0.125],
							"lerp_mode": "catmullrom"
						},
						"0.9167": {
							"post": [0, 0, 0],
							"lerp_mode": "catmullrom"
						}
					}
				},
				"gun": {
					"rotation": [0, -180, 0]
				}
			},
			"sound_effects": {
				"0.0208": {
					"effect": "hamster:sw_mk2/sw_mk2_draw"
				}
			}
		},
		"put_away": {
			"animation_length": 0.8542,
			"bones": {
				"root": {
					"rotation": {
						"0.0": {
							"post": [0, 0, 0],
							"lerp_mode": "catmullrom"
						},
						"0.125": {
							"post": [-9.895, 1.71, 2.18],
							"lerp_mode": "catmullrom"
						},
						"0.2917": {
							"post": [-31.0575, 7.47, 2.2425],
							"lerp_mode": "catmullrom"
						},
						"0.3958": {
							"post": [-17.345, 6.71, 18.17],
							"lerp_mode": "catmullrom"
						},
						"0.5208": {
							"post": [42.28153, -17.79271, 19.62676],
							"lerp_mode": "catmullrom"
						},
						"0.6667": {
							"post": [53.75616, -14.70018, 15.64422],
							"lerp_mode": "catmullrom"
						},
						"0.8542": {
							"post": [25.21, 5.91, 18.14],
							"lerp_mode": "catmullrom"
						}
					},
					"position": {
						"0.0": {
							"post": [0, 0, 0],
							"lerp_mode": "catmullrom"
						},
						"0.1042": {
							"post": [-0.4, -0.02, -0.18],
							"lerp_mode": "catmullrom"
						},
						"0.2083": {
							"post": [-1.665, -1.0825, -1.9575],
							"lerp_mode": "catmullrom"
						},
						"0.3125": {
							"post": [-2.66, -0.24, -3.495],
							"lerp_mode": "catmullrom"
						},
						"0.4375": {
							"post": [-2.75, 0.6875, -3.875],
							"lerp_mode": "catmullrom"
						},
						"0.5417": {
							"post": [-2.3625, -2.92, -3.395],
							"lerp_mode": "catmullrom"
						},
						"0.7083": {
							"post": [-2.645, -13.825, -1.885],
							"lerp_mode": "catmullrom"
						},
						"0.8542": {
							"post": [-2.625, -15.375, -2.5],
							"lerp_mode": "catmullrom"
						}
					}
				},
				"leftHand": {
					"rotation": [90, 0, 0],
					"position": [16, -16, 6],
					"scale": 0
				},
				"constraint": {
					"rotation": [1, 0.2, 1],
					"position": [1, 0.2, 1]
				},
				"rightHand": {
					"rotation": {
						"0.0": {
							"post": [89.9832, 2.35911, -175.14678],
							"lerp_mode": "catmullrom"
						},
						"0.4375": {
							"post": [89.9832, 2.35911, -175.14678],
							"lerp_mode": "catmullrom"
						},
						"0.5208": {
							"post": [118.62696, 6.71523, -192.15381],
							"lerp_mode": "catmullrom"
						}
					},
					"position": {
						"0.0": {
							"post": [-6.725, -17.05, -5.525],
							"lerp_mode": "catmullrom"
						},
						"0.4375": {
							"post": [-6.725, -17.3, -5.525],
							"lerp_mode": "catmullrom"
						},
						"0.5208": {
							"post": [-6.72, -16.05, -4.02],
							"lerp_mode": "catmullrom"
						}
					},
					"scale": [1, 1.5, 1]
				},
				"camera": {
					"rotation": {
						"0.0": {
							"post": [0, 0, 0],
							"lerp_mode": "catmullrom"
						},
						"0.125": {
							"post": [0.125, -0.1875, 0.5],
							"lerp_mode": "catmullrom"
						},
						"0.25": {
							"post": [-0.375, 0.5625, -0.25],
							"lerp_mode": "catmullrom"
						},
						"0.4167": {
							"post": [-0.72, 0.67, 0],
							"lerp_mode": "catmullrom"
						},
						"0.5": {
							"post": [-0.66, 0.68, 0],
							"lerp_mode": "catmullrom"
						},
						"0.5833": {
							"post": [0.25, 0.5625, 0],
							"lerp_mode": "catmullrom"
						},
						"0.6875": {
							"post": [-0.125, -0.375, 0.1875],
							"lerp_mode": "catmullrom"
						},
						"0.7708": {
							"post": [0, 0, -0.125],
							"lerp_mode": "catmullrom"
						},
						"0.8542": {
							"post": [0, 0, 0],
							"lerp_mode": "catmullrom"
						}
					}
				},
				"gun": {
					"rotation": [0, -180, 0]
				}
			},
			"sound_effects": {
				"0.0417": {
					"effect": "hamster:sw_mk2/sw_mk2_putaway"
				}
			}
		},
		"run": {
			"loop": true,
			"animation_length": 0.6667,
			"bones": {
				"root": {
					"rotation": {
						"0.0": {
							"post": [-57.43739, -1.65224, -1.98065],
							"lerp_mode": "catmullrom"
						},
						"0.0833": {
							"post": [-54.54036, -2.43374, -6.26061],
							"lerp_mode": "catmullrom"
						},
						"0.1667": {
							"post": [-53.24079, -4.27915, 2.54836],
							"lerp_mode": "catmullrom"
						},
						"0.25": {
							"post": [-58.09366, -4.14303, 4.09351],
							"lerp_mode": "catmullrom"
						},
						"0.3333": {
							"post": [-57.66046, -1.84847, 2.27481],
							"lerp_mode": "catmullrom"
						},
						"0.4375": {
							"post": [-57.54312, 0.88793, -7.69856],
							"lerp_mode": "catmullrom"
						},
						"0.5": {
							"post": [-57.49317, 1.50695, -8.77857],
							"lerp_mode": "catmullrom"
						},
						"0.5833": {
							"post": [-57.46351, -0.64661, -3.48186],
							"lerp_mode": "catmullrom"
						},
						"0.6667": {
							"post": [-57.43739, -1.65224, -1.98065],
							"lerp_mode": "catmullrom"
						}
					},
					"position": {
						"0.0": {
							"post": [-4.5, 0.75, -2.5],
							"lerp_mode": "catmullrom"
						},
						"0.1042": {
							"post": [-4.1875, -1.0975, -2.5],
							"lerp_mode": "catmullrom"
						},
						"0.1667": {
							"post": [-4.125, -1.56, -2.5],
							"lerp_mode": "catmullrom"
						},
						"0.2292": {
							"post": [-4.3125, -1.1125, -2.5],
							"lerp_mode": "catmullrom"
						},
						"0.3333": {
							"post": [-4.875, 0.1875, -2.5],
							"lerp_mode": "catmullrom"
						},
						"0.4375": {
							"post": [-5.3125, -1.1075, -2.5],
							"lerp_mode": "catmullrom"
						},
						"0.5": {
							"post": [-5.4375, -1.5625, -2.5],
							"lerp_mode": "catmullrom"
						},
						"0.5625": {
							"post": [-5.25, -0.965, -2.5],
							"lerp_mode": "catmullrom"
						},
						"0.6667": {
							"post": [-4.5, 0.75, -2.5],
							"lerp_mode": "catmullrom"
						}
					}
				}
			}
		},
		"run_start": {
			"animation_length": 0.3958,
			"bones": {
				"root": {
					"rotation": {
						"0.0": {
							"post": [0, 0, 0],
							"lerp_mode": "catmullrom"
						},
						"0.1042": {
							"post": [-8.33, -1.61, -1.14],
							"lerp_mode": "catmullrom"
						},
						"0.2917": {
							"post": [-46.62, 2.6275, 0.5625],
							"lerp_mode": "catmullrom"
						},
						"0.3958": {
							"post": [-57.43739, -1.65224, -1.98065],
							"lerp_mode": "catmullrom"
						}
					},
					"position": {
						"0.0": {
							"post": [0, 0, 0],
							"lerp_mode": "catmullrom"
						},
						"0.25": {
							"post": [-2.98, -1.8475, -1.66],
							"lerp_mode": "catmullrom"
						},
						"0.3958": {
							"post": [-4.5, 0.75, -2.5],
							"lerp_mode": "catmullrom"
						}
					}
				}
			}
		},
		"run_end": {
			"animation_length": 0.3958,
			"bones": {
				"root": {
					"rotation": {
						"0.0": {
							"post": [-57.43739, -1.65224, -1.98065],
							"lerp_mode": "catmullrom"
						},
						"0.1042": {
							"post": [-46.62, -0.3725, 6.5625],
							"lerp_mode": "catmullrom"
						},
						"0.2917": {
							"post": [-8.33, -1.61, -1.14],
							"lerp_mode": "catmullrom"
						},
						"0.3958": {
							"post": [0, 0, 0],
							"lerp_mode": "catmullrom"
						}
					},
					"position": {
						"0.0": {
							"post": [-4.5, 0.75, -2.5],
							"lerp_mode": "catmullrom"
						},
						"0.25": {
							"post": [-1.52, -1.2775, -0.84],
							"lerp_mode": "catmullrom"
						},
						"0.3958": {
							"post": [0, 0, 0],
							"lerp_mode": "catmullrom"
						}
					}
				}
			}
		},
		"run_hold": {
			"animation_length": 0.5,
			"bones": {
				"root": {
					"rotation": [-57.43739, -1.65224, -1.98065],
					"position": [-4.5, -0.5, -2.5]
				}
			}
		},
		"reload_empty": {
			"animation_length": 3.3125,
			"bones": {
				"root": {
					"rotation": {
						"0.0": {
							"post": [0, 0, 0],
							"lerp_mode": "catmullrom"
						},
						"0.1875": {
							"post": [1.4775, -9.5, 6.385],
							"lerp_mode": "catmullrom"
						},
						"0.3333": {
							"post": [-3.65285, -27.4818, -25.27538],
							"lerp_mode": "catmullrom"
						},
						"0.5208": {
							"post": [0.84715, -27.4818, -25.27538],
							"lerp_mode": "catmullrom"
						},
						"0.6458": {
							"post": [14.61519, -24.44525, -46.97182],
							"lerp_mode": "catmullrom"
						},
						"0.75": {
							"post": [13.55286, -25.85941, -44.79505],
							"lerp_mode": "catmullrom"
						},
						"0.8542": {
							"post": [17.27682, -28.48554, -33.92813],
							"lerp_mode": "catmullrom"
						},
						"1.0": {
							"post": [19.6725, -27.25, -40.03],
							"lerp_mode": "catmullrom"
						},
						"1.2917": {
							"post": [19.06, -25.91, -53.2],
							"lerp_mode": "catmullrom"
						},
						"1.4375": {
							"post": [18.14, -26.44, -52.64],
							"lerp_mode": "catmullrom"
						},
						"1.6458": {
							"post": [2.14376, -28.1687, -49.01687],
							"lerp_mode": "catmullrom"
						},
						"1.8333": {
							"post": [0.19055, -29.47312, -45.86493],
							"lerp_mode": "catmullrom"
						},
						"1.9375": {
							"post": [2.97, -27.2, -46.85],
							"lerp_mode": "catmullrom"
						},
						"2.0208": {
							"post": [4.19055, -29.91062, -45.86493],
							"lerp_mode": "catmullrom"
						},
						"2.1042": {
							"post": [-4.76015, -27.22092, -29.02297],
							"lerp_mode": "catmullrom"
						},
						"2.1667": {
							"post": [-6.57214, -25.85941, -44.79505],
							"lerp_mode": "catmullrom"
						},
						"2.2708": {
							"post": [-7.71, -27.06, -39.62],
							"lerp_mode": "catmullrom"
						},
						"2.3958": {
							"post": [-7.71, -27.06, -41.6825],
							"lerp_mode": "catmullrom"
						},
						"2.5625": {
							"post": [-6.64481, -16.65506, -29.2309],
							"lerp_mode": "catmullrom"
						},
						"2.8125": {
							"post": [0, -2.25, 0],
							"lerp_mode": "catmullrom"
						},
						"3.0208": {
							"post": [0.36, -0.215, -0.0875],
							"lerp_mode": "catmullrom"
						},
						"3.1875": {
							"post": [0, 0, 0],
							"lerp_mode": "catmullrom"
						}
					},
					"position": {
						"0.0": {
							"post": [0, 0, 0],
							"lerp_mode": "catmullrom"
						},
						"0.2083": {
							"post": [-0.5, 0.56, -1.56],
							"lerp_mode": "catmullrom"
						},
						"0.3333": {
							"post": [0, 2, -2],
							"lerp_mode": "catmullrom"
						},
						"0.5208": {
							"post": [0, 2, -2],
							"lerp_mode": "catmullrom"
						},
						"0.75": {
							"post": [-0.25, 2.25, -2.5],
							"lerp_mode": "catmullrom"
						},
						"0.8542": {
							"post": [0.24, 0.9475, -2.52],
							"lerp_mode": "catmullrom"
						},
						"1.0": {
							"post": [-0.51, 1.55, -2.53],
							"lerp_mode": "catmullrom"
						},
						"1.2917": {
							"post": [-0.44, 2.36, -2.62],
							"lerp_mode": "catmullrom"
						},
						"1.4375": {
							"post": [-0.26, 1.9, -2.64],
							"lerp_mode": "catmullrom"
						},
						"2.0208": {
							"post": [-0.27, 1.57, -2.68],
							"lerp_mode": "catmullrom"
						},
						"2.125": {
							"post": [-1.25, 3, -2.5],
							"lerp_mode": "catmullrom"
						},
						"2.25": {
							"post": [-1.885, 2.145, -2.63],
							"lerp_mode": "catmullrom"
						},
						"2.4167": {
							"post": [-1.26, 2.145, -2.63],
							"lerp_mode": "catmullrom"
						},
						"2.6458": {
							"post": [-0.26, 1.645, -2.63],
							"lerp_mode": "catmullrom"
						},
						"2.8125": {
							"post": [-0.17, -0.65, -1.76],
							"lerp_mode": "catmullrom"
						},
						"3.0208": {
							"post": [0, 0, 0.125],
							"lerp_mode": "catmullrom"
						},
						"3.1875": {
							"post": [0, 0, -0.0625],
							"lerp_mode": "catmullrom"
						},
						"3.3333": {
							"post": [0, 0, 0],
							"lerp_mode": "catmullrom"
						}
					}
				},
				"leftHand": {
					"rotation": {
						"0.0": {
							"post": [88.8672, 0.46917, -180.07934],
							"lerp_mode": "catmullrom"
						},
						"0.4167": {
							"post": [108.58468, -37.0215, -179.21844],
							"lerp_mode": "catmullrom"
						},
						"0.75": {
							"post": [108.58468, -37.0215, -179.21844],
							"lerp_mode": "catmullrom"
						},
						"0.8333": {
							"post": [95.24702, -56.96395, -181.46509],
							"lerp_mode": "catmullrom"
						},
						"1.0": {
							"post": [118.89603, -51.67775, -210.34084],
							"lerp_mode": "catmullrom"
						},
						"1.2917": {
							"post": [61.69397, -38.84796, -164.89505],
							"lerp_mode": "catmullrom"
						},
						"1.4792": {
							"post": [61.69397, -38.84796, -164.89505],
							"lerp_mode": "catmullrom"
						},
						"1.6458": {
							"post": [109.55907, -35.41957, -232.6742],
							"lerp_mode": "catmullrom"
						},
						"1.8125": {
							"post": [72.44157, -36.3481, -173.06873],
							"lerp_mode": "catmullrom"
						},
						"2.0208": {
							"post": [85.3645, -44.29833, -190.07064],
							"lerp_mode": "catmullrom"
						},
						"2.1042": {
							"post": [108.58468, -37.0215, -179.21844],
							"lerp_mode": "catmullrom"
						},
						"2.25": {
							"post": [108.58468, -37.0215, -179.21844],
							"lerp_mode": "catmullrom"
						},
						"2.5417": {
							"post": [134.49426, -43.67991, -184.96273],
							"lerp_mode": "catmullrom"
						},
						"2.8542": {
							"post": [88.8672, 0.46917, -180.07934],
							"lerp_mode": "catmullrom"
						}
					},
					"position": {
						"0.0": {
							"post": [16, -16, 6],
							"lerp_mode": "catmullrom"
						},
						"0.4167": {
							"post": [7.25, -21, -4],
							"lerp_mode": "catmullrom"
						},
						"0.75": {
							"post": [7.25, -21, -4],
							"lerp_mode": "catmullrom"
						},
						"0.8333": {
							"post": [6.25, -25, -2],
							"lerp_mode": "catmullrom"
						},
						"1.0": {
							"post": [5.5, -25, -4.25],
							"lerp_mode": "catmullrom"
						},
						"1.2917": {
							"post": [4, -34, -7.25],
							"lerp_mode": "catmullrom"
						},
						"1.4792": {
							"post": [4, -34, -7.25],
							"lerp_mode": "catmullrom"
						},
						"1.6458": {
							"post": [6, -26, -5.25],
							"lerp_mode": "catmullrom"
						},
						"1.8125": {
							"post": [6.5, -24, -3.25],
							"lerp_mode": "catmullrom"
						},
						"2.0208": {
							"post": [6.5, -25, -3.25],
							"lerp_mode": "catmullrom"
						},
						"2.1042": {
							"post": [7.25, -21, -4],
							"lerp_mode": "catmullrom"
						},
						"2.25": {
							"post": [7.25, -21, -4],
							"lerp_mode": "catmullrom"
						},
						"2.5417": {
							"post": [13.44, -24.61, 0.78],
							"lerp_mode": "catmullrom"
						},
						"2.8542": {
							"post": [16, -16, 6],
							"lerp_mode": "catmullrom"
						}
					},
					"scale": [1, 1.5, 1]
				},
				"rightHand": {
					"rotation": {
						"0.0": {
							"post": [89.9832, 2.35911, -175.14678],
							"lerp_mode": "catmullrom"
						},
						"0.2083": {
							"post": [89.9832, 2.35911, -175.14678],
							"lerp_mode": "catmullrom"
						},
						"0.4167": {
							"post": [89.9832, 2.35911, -175.14678],
							"lerp_mode": "catmullrom"
						},
						"2.4167": {
							"post": [89.9832, 2.35911, -175.14678],
							"lerp_mode": "catmullrom"
						},
						"2.625": {
							"post": [89.9832, 2.35911, -175.14678],
							"lerp_mode": "catmullrom"
						}
					},
					"position": {
						"0.0": {
							"post": [-6.725, -17.05, -5.525],
							"lerp_mode": "catmullrom"
						},
						"0.2083": {
							"post": [-6.725, -17.05, -5.525],
							"lerp_mode": "catmullrom"
						},
						"0.4167": {
							"post": [-8.225, -17.05, -5.525],
							"lerp_mode": "catmullrom"
						},
						"2.4167": {
							"post": [-8.225, -17.05, -5.525],
							"lerp_mode": "catmullrom"
						},
						"2.625": {
							"post": [-6.725, -17.05, -5.525],
							"lerp_mode": "catmullrom"
						}
					},
					"scale": [1, 1.5, 1]
				},
				"camera": {
					"relative_to": {
						"rotation": "entity"
					},
					"rotation": {
						"0.0": {
							"post": [0, 0, 0],
							"lerp_mode": "catmullrom"
						},
						"0.125": {
							"post": [0, -0.25, 0],
							"lerp_mode": "catmullrom"
						},
						"0.25": {
							"post": [0.25, 1, 0],
							"lerp_mode": "catmullrom"
						},
						"0.4792": {
							"post": [0.25, 1, 0],
							"lerp_mode": "catmullrom"
						},
						"0.5833": {
							"post": [0.75, 1, 0],
							"lerp_mode": "catmullrom"
						},
						"0.7292": {
							"post": [0.75, 1, 0.25],
							"lerp_mode": "catmullrom"
						},
						"0.8542": {
							"post": [1.25, 1, -0.25],
							"lerp_mode": "catmullrom"
						},
						"0.9167": {
							"post": [0.5, 1, 0.75],
							"lerp_mode": "catmullrom"
						},
						"1.0": {
							"post": [0.75, 1.0625, -0.25],
							"lerp_mode": "catmullrom"
						},
						"1.2917": {
							"post": [1.5, -0.4375, 0.25],
							"lerp_mode": "catmullrom"
						},
						"1.4375": {
							"post": [0.75, -0.25, 0.125],
							"lerp_mode": "catmullrom"
						},
						"1.6458": {
							"post": [0.75, -0.25, 0],
							"lerp_mode": "catmullrom"
						},
						"1.7708": {
							"post": [1.5, -0.25, 0],
							"lerp_mode": "catmullrom"
						},
						"2.0208": {
							"post": [1.5, -0.25, -0.125],
							"lerp_mode": "catmullrom"
						},
						"2.1458": {
							"post": [0.5, 0.5, 0.5],
							"lerp_mode": "catmullrom"
						},
						"2.2292": {
							"post": [1.25, 0, -0.25],
							"lerp_mode": "catmullrom"
						},
						"2.3125": {
							"post": [1.09, 0.32, 0.1875],
							"lerp_mode": "catmullrom"
						},
						"2.5208": {
							"post": [0.75, 0, 0.25],
							"lerp_mode": "catmullrom"
						},
						"2.75": {
							"post": [-0.25, 0, 0],
							"lerp_mode": "catmullrom"
						},
						"2.8958": {
							"post": [0, 0, 0.25],
							"lerp_mode": "catmullrom"
						},
						"3.0208": {
							"post": [0.02, 0, -0.25],
							"lerp_mode": "catmullrom"
						},
						"3.1875": {
							"post": [0, 0, 0],
							"lerp_mode": "catmullrom"
						}
					}
				},
				"gun": {
					"rotation": [0, -180, 0]
				},
				"mag": {
					"rotation": {
						"0.75": [0, 0, 0],
						"0.8333": [0, 0, 0],
						"1.0": {
							"pre": [20, 0, -5],
							"post": [20, 0, -5],
							"lerp_mode": "catmullrom"
						},
						"1.2917": {
							"post": [1.57214, -11.58346, -3.99995],
							"lerp_mode": "catmullrom"
						},
						"1.4792": {
							"post": [1.57214, -11.58346, -3.99995],
							"lerp_mode": "catmullrom"
						},
						"1.6458": {
							"post": [25.61077, -5.13921, 31.12736],
							"lerp_mode": "catmullrom"
						},
						"1.8125": [0, 0, 0],
						"2.0208": [0, 0, 0],
						"2.1042": [0, 0, 0]
					},
					"position": {
						"0.75": [0, 0, 0],
						"0.8333": [0, -4, -1.625],
						"1.0": {
							"pre": [0, -5, -1.5],
							"post": [0, -5, -1.5],
							"lerp_mode": "catmullrom"
						},
						"1.2917": {
							"post": [2, -13, 1.5],
							"lerp_mode": "catmullrom"
						},
						"1.4792": {
							"post": [2, -13, 1.5],
							"lerp_mode": "catmullrom"
						},
						"1.8125": [0, -4, -1.5],
						"2.0208": [0, -4, -1.625],
						"2.1042": [0, 0, 0]
					}
				}
			},
			"sound_effects": {
				"0.1875": {
					"effect": "hamster:pistol/pistol_grab_1"
				},
				"0.7083": {
					"effect": "hamster:p08/p08_mag_1"
				},
				"1.375": {
					"effect": "hamster:p08/p08_handling"
				},
				"1.8125": {
					"effect": "hamster:p08/p08_mag"
				}
			}
		},
		"reload_tactical": {
			"animation_length": 3.7292,
			"bones": {
				"root": {
					"rotation": {
						"0.0": {
							"post": [0, 0, 0],
							"lerp_mode": "catmullrom"
						},
						"0.1875": {
							"post": [1.4775, -9.5, 6.385],
							"lerp_mode": "catmullrom"
						},
						"0.3333": {
							"post": [-3.65285, -27.4818, -25.27538],
							"lerp_mode": "catmullrom"
						},
						"0.5208": {
							"post": [0.84715, -27.4818, -25.27538],
							"lerp_mode": "catmullrom"
						},
						"0.6458": {
							"post": [14.61519, -24.44525, -46.97182],
							"lerp_mode": "catmullrom"
						},
						"0.75": {
							"post": [13.55286, -25.85941, -44.79505],
							"lerp_mode": "catmullrom"
						},
						"0.8542": {
							"post": [17.27682, -28.48554, -33.92813],
							"lerp_mode": "catmullrom"
						},
						"1.0417": {
							"post": [19.6725, -27.25, -40.03],
							"lerp_mode": "catmullrom"
						},
						"1.3542": {
							"post": [17.41889, -24.53603, -52.85764],
							"lerp_mode": "catmullrom"
						},
						"1.9792": {
							"post": [18.14, -26.44, -52.64],
							"lerp_mode": "catmullrom"
						},
						"2.1875": {
							"post": [2.14376, -28.1687, -49.01687],
							"lerp_mode": "catmullrom"
						},
						"2.375": {
							"post": [0.19055, -29.47312, -45.86493],
							"lerp_mode": "catmullrom"
						},
						"2.4792": {
							"post": [2.97, -27.2, -46.85],
							"lerp_mode": "catmullrom"
						},
						"2.5625": {
							"post": [4.19055, -29.91062, -45.86493],
							"lerp_mode": "catmullrom"
						},
						"2.6458": {
							"post": [-4.76015, -27.22092, -29.02297],
							"lerp_mode": "catmullrom"
						},
						"2.7083": {
							"post": [-6.57214, -25.85941, -44.79505],
							"lerp_mode": "catmullrom"
						},
						"2.8125": {
							"post": [-7.71, -27.06, -39.62],
							"lerp_mode": "catmullrom"
						},
						"2.9375": {
							"post": [-7.71, -27.06, -41.6825],
							"lerp_mode": "catmullrom"
						},
						"3.1042": {
							"post": [-6.64481, -16.65506, -29.2309],
							"lerp_mode": "catmullrom"
						},
						"3.3542": {
							"post": [0, -2.25, 0],
							"lerp_mode": "catmullrom"
						},
						"3.5625": {
							"post": [0.36, -0.215, -0.0875],
							"lerp_mode": "catmullrom"
						},
						"3.7292": {
							"post": [0, 0, 0],
							"lerp_mode": "catmullrom"
						}
					},
					"position": {
						"0.0": {
							"post": [0, 0, 0],
							"lerp_mode": "catmullrom"
						},
						"0.2083": {
							"post": [-0.5, 0.56, -1.56],
							"lerp_mode": "catmullrom"
						},
						"0.3333": {
							"post": [0, 2, -2],
							"lerp_mode": "catmullrom"
						},
						"0.5208": {
							"post": [0, 2, -2],
							"lerp_mode": "catmullrom"
						},
						"0.75": {
							"post": [-0.25, 2.25, -2.5],
							"lerp_mode": "catmullrom"
						},
						"0.8542": {
							"post": [0.24, 0.9475, -2.52],
							"lerp_mode": "catmullrom"
						},
						"1.0417": {
							"post": [-0.51, 1.55, -2.53],
							"lerp_mode": "catmullrom"
						},
						"1.25": {
							"post": [-1.01, 2.9675, -2.54],
							"lerp_mode": "catmullrom"
						},
						"1.625": {
							"post": [-0.76, 3.01, -2.59],
							"lerp_mode": "catmullrom"
						},
						"1.9792": {
							"post": [-0.26, 1.9, -2.64],
							"lerp_mode": "catmullrom"
						},
						"2.5625": {
							"post": [-0.27, 1.57, -2.68],
							"lerp_mode": "catmullrom"
						},
						"2.6667": {
							"post": [-1.25, 3, -2.5],
							"lerp_mode": "catmullrom"
						},
						"2.7917": {
							"post": [-1.885, 2.145, -2.63],
							"lerp_mode": "catmullrom"
						},
						"2.9583": {
							"post": [-1.26, 2.145, -2.63],
							"lerp_mode": "catmullrom"
						},
						"3.1875": {
							"post": [-0.26, 1.645, -2.63],
							"lerp_mode": "catmullrom"
						},
						"3.3542": {
							"post": [-0.17, -0.65, -1.76],
							"lerp_mode": "catmullrom"
						},
						"3.5625": {
							"post": [0, 0, 0.125],
							"lerp_mode": "catmullrom"
						},
						"3.7292": {
							"post": [0, 0, -0.0625],
							"lerp_mode": "catmullrom"
						},
						"3.875": {
							"post": [0, 0, 0],
							"lerp_mode": "catmullrom"
						}
					}
				},
				"leftHand": {
					"rotation": {
						"0.0": {
							"post": [88.8672, 0.46917, -180.07934],
							"lerp_mode": "catmullrom"
						},
						"0.4167": {
							"post": [108.58468, -37.0215, -179.21844],
							"lerp_mode": "catmullrom"
						},
						"0.75": {
							"post": [108.58468, -37.0215, -179.21844],
							"lerp_mode": "catmullrom"
						},
						"0.8333": {
							"post": [95.24702, -56.96395, -181.46509],
							"lerp_mode": "catmullrom"
						},
						"1.0": {
							"post": [118.89603, -51.67775, -210.34084],
							"lerp_mode": "catmullrom"
						},
						"1.2292": {
							"post": [106.69397, -38.84796, -164.89505],
							"lerp_mode": "catmullrom"
						},
						"1.6667": {
							"post": [106.69397, -38.84796, -164.89505],
							"lerp_mode": "catmullrom"
						},
						"1.8333": {
							"post": [61.69397, -38.84796, -164.89505],
							"lerp_mode": "catmullrom"
						},
						"2.0208": {
							"post": [61.69397, -38.84796, -164.89505],
							"lerp_mode": "catmullrom"
						},
						"2.1875": {
							"post": [109.55907, -35.41957, -232.6742],
							"lerp_mode": "catmullrom"
						},
						"2.3542": {
							"post": [72.44157, -36.3481, -173.06873],
							"lerp_mode": "catmullrom"
						},
						"2.5625": {
							"post": [85.3645, -44.29833, -190.07064],
							"lerp_mode": "catmullrom"
						},
						"2.6458": {
							"post": [108.58468, -37.0215, -179.21844],
							"lerp_mode": "catmullrom"
						},
						"2.7917": {
							"post": [108.58468, -37.0215, -179.21844],
							"lerp_mode": "catmullrom"
						},
						"3.0833": {
							"post": [134.49426, -43.67991, -184.96273],
							"lerp_mode": "catmullrom"
						},
						"3.3958": {
							"post": [88.8672, 0.46917, -180.07934],
							"lerp_mode": "catmullrom"
						}
					},
					"position": {
						"0.0": {
							"post": [16, -16, 6],
							"lerp_mode": "catmullrom"
						},
						"0.4167": {
							"post": [7.25, -21, -4],
							"lerp_mode": "catmullrom"
						},
						"0.75": {
							"post": [7.25, -21, -4],
							"lerp_mode": "catmullrom"
						},
						"0.8333": {
							"post": [6.25, -25, -2],
							"lerp_mode": "catmullrom"
						},
						"1.0": {
							"post": [5.5, -25, -4.25],
							"lerp_mode": "catmullrom"
						},
						"1.2292": {
							"post": [5.5, -25, -7.25],
							"lerp_mode": "catmullrom"
						},
						"1.6667": {
							"post": [5.5, -25, -7.25],
							"lerp_mode": "catmullrom"
						},
						"1.8333": {
							"post": [4, -34, -7.25],
							"lerp_mode": "catmullrom"
						},
						"2.0208": {
							"post": [4, -34, -7.25],
							"lerp_mode": "catmullrom"
						},
						"2.1875": {
							"post": [6, -26, -5.25],
							"lerp_mode": "catmullrom"
						},
						"2.3542": {
							"post": [6.5, -24, -3.25],
							"lerp_mode": "catmullrom"
						},
						"2.5625": {
							"post": [6.5, -25, -3.25],
							"lerp_mode": "catmullrom"
						},
						"2.6458": {
							"post": [7.25, -21, -4],
							"lerp_mode": "catmullrom"
						},
						"2.7917": {
							"post": [7.25, -21, -4],
							"lerp_mode": "catmullrom"
						},
						"3.0833": {
							"post": [13.44, -24.61, 0.78],
							"lerp_mode": "catmullrom"
						},
						"3.3958": {
							"post": [16, -16, 6],
							"lerp_mode": "catmullrom"
						}
					},
					"scale": [1, 1.5, 1]
				},
				"rightHand": {
					"rotation": {
						"0.0": {
							"post": [89.9832, 2.35911, -175.14678],
							"lerp_mode": "catmullrom"
						},
						"0.2083": {
							"post": [89.9832, 2.35911, -175.14678],
							"lerp_mode": "catmullrom"
						},
						"0.4167": {
							"post": [89.9832, 2.35911, -175.14678],
							"lerp_mode": "catmullrom"
						},
						"2.9583": {
							"post": [89.9832, 2.35911, -175.14678],
							"lerp_mode": "catmullrom"
						},
						"3.1667": {
							"post": [89.9832, 2.35911, -175.14678],
							"lerp_mode": "catmullrom"
						}
					},
					"position": {
						"0.0": {
							"post": [-6.725, -17.05, -5.525],
							"lerp_mode": "catmullrom"
						},
						"0.2083": {
							"post": [-6.725, -17.05, -5.525],
							"lerp_mode": "catmullrom"
						},
						"0.4167": {
							"post": [-8.225, -17.05, -5.525],
							"lerp_mode": "catmullrom"
						},
						"2.9583": {
							"post": [-8.225, -17.05, -5.525],
							"lerp_mode": "catmullrom"
						},
						"3.1667": {
							"post": [-6.725, -17.05, -5.525],
							"lerp_mode": "catmullrom"
						}
					},
					"scale": [1, 1.5, 1]
				},
				"camera": {
					"relative_to": {
						"rotation": "entity"
					},
					"rotation": {
						"0.0": {
							"post": [0, 0, 0],
							"lerp_mode": "catmullrom"
						},
						"0.125": {
							"post": [0, -0.25, 0],
							"lerp_mode": "catmullrom"
						},
						"0.25": {
							"post": [0.25, 1, 0],
							"lerp_mode": "catmullrom"
						},
						"0.4792": {
							"post": [0.25, 1, 0],
							"lerp_mode": "catmullrom"
						},
						"0.5833": {
							"post": [0.75, 1, 0],
							"lerp_mode": "catmullrom"
						},
						"0.7292": {
							"post": [0.75, 1, 0.25],
							"lerp_mode": "catmullrom"
						},
						"0.8542": {
							"post": [1.25, 1, -0.25],
							"lerp_mode": "catmullrom"
						},
						"0.9167": {
							"post": [0.5, 1, 0.75],
							"lerp_mode": "catmullrom"
						},
						"0.9792": {
							"post": [0.75, 1.0625, -0.25],
							"lerp_mode": "catmullrom"
						},
						"1.0833": {
							"post": [0.5, 1.25, -0.25],
							"lerp_mode": "catmullrom"
						},
						"1.3125": {
							"post": [1.25, 0.25, 0.25],
							"lerp_mode": "catmullrom"
						},
						"1.6458": {
							"post": [1.25, 0.25, 0.25],
							"lerp_mode": "catmullrom"
						},
						"1.8125": {
							"post": [1.5, -0.4375, 0.25],
							"lerp_mode": "catmullrom"
						},
						"1.9792": {
							"post": [0.75, -0.25, 0.125],
							"lerp_mode": "catmullrom"
						},
						"2.1875": {
							"post": [0.75, -0.25, 0],
							"lerp_mode": "catmullrom"
						},
						"2.3125": {
							"post": [1.5, -0.25, 0],
							"lerp_mode": "catmullrom"
						},
						"2.5625": {
							"post": [1.5, -0.25, -0.125],
							"lerp_mode": "catmullrom"
						},
						"2.6875": {
							"post": [0.5, 0.5, 0.5],
							"lerp_mode": "catmullrom"
						},
						"2.7708": {
							"post": [1.25, 0, -0.25],
							"lerp_mode": "catmullrom"
						},
						"2.8542": {
							"post": [1.09, 0.32, 0.1875],
							"lerp_mode": "catmullrom"
						},
						"3.0625": {
							"post": [0.75, 0, 0.25],
							"lerp_mode": "catmullrom"
						},
						"3.2917": {
							"post": [-0.25, 0, 0],
							"lerp_mode": "catmullrom"
						},
						"3.4375": {
							"post": [0, 0, 0.25],
							"lerp_mode": "catmullrom"
						},
						"3.5625": {
							"post": [0.02, 0, -0.25],
							"lerp_mode": "catmullrom"
						},
						"3.7292": {
							"post": [0, 0, 0],
							"lerp_mode": "catmullrom"
						}
					}
				},
				"gun": {
					"rotation": [0, -180, 0]
				},
				"mag": {
					"rotation": {
						"0.75": [0, 0, 0],
						"0.8333": [0, 0, 0],
						"1.0": {
							"pre": [20, 0, -5],
							"post": [20, 0, -5],
							"lerp_mode": "catmullrom"
						},
						"1.2292": {
							"post": [35.66783, 15.18892, -53.2367],
							"lerp_mode": "catmullrom"
						},
						"1.6667": {
							"post": [35.66783, 15.18892, -53.2367],
							"lerp_mode": "catmullrom"
						},
						"1.8333": {
							"post": [1.57214, -11.58346, -3.99995],
							"lerp_mode": "catmullrom"
						},
						"2.0208": {
							"post": [1.57214, -11.58346, -3.99995],
							"lerp_mode": "catmullrom"
						},
						"2.1875": {
							"post": [25.61077, -5.13921, 31.12736],
							"lerp_mode": "catmullrom"
						},
						"2.3542": [0, 0, 0],
						"2.5625": [0, 0, 0],
						"2.6458": [0, 0, 0]
					},
					"position": {
						"0.75": [0, 0, 0],
						"0.8333": [0, -4, -1.625],
						"1.0": {
							"pre": [0, -5, -1.5],
							"post": [0, -5, -1.5],
							"lerp_mode": "catmullrom"
						},
						"1.2292": {
							"post": [0, -5, 1.5],
							"lerp_mode": "catmullrom"
						},
						"1.6667": {
							"post": [0, -5, 1.5],
							"lerp_mode": "catmullrom"
						},
						"1.8333": {
							"post": [2, -13, 1.5],
							"lerp_mode": "catmullrom"
						},
						"2.0208": {
							"post": [2, -13, 1.5],
							"lerp_mode": "catmullrom"
						},
						"2.3542": [0, -4, -1.5],
						"2.5625": [0, -4, -1.625],
						"2.6458": [0, 0, 0]
					}
				}
			},
			"sound_effects": {
				"0.1875": {
					"effect": "hamster:pistol/pistol_grab_1"
				},
				"0.7083": {
					"effect": "hamster:p08/p08_mag_1"
				},
				"1.9167": {
					"effect": "hamster:p08/p08_handling"
				},
				"2.3542": {
					"effect": "hamster:p08/p08_mag"
				}
			}
		},
		"shoot": {
			"animation_length": 1.3125,
			"bones": {
				"root": {
					"rotation": {
						"0.0": {
							"post": [0, 0, 0],
							"lerp_mode": "catmullrom"
						},
						"0.0625": {
							"post": [2.9375, 0, 2.375],
							"lerp_mode": "catmullrom"
						},
						"0.0833": {
							"post": [-1.88, 0.33, 1.75],
							"lerp_mode": "catmullrom"
						},
						"0.1042": {
							"post": [10.19888, 5.76, 15.29],
							"lerp_mode": "catmullrom"
						},
						"0.1458": {
							"post": [13.56544, -4.4194, 4.68967],
							"lerp_mode": "catmullrom"
						},
						"0.1875": {
							"post": [13.4188, -2.31, 6.79],
							"lerp_mode": "catmullrom"
						},
						"0.2708": {
							"post": [10.9471, 1.05, 9.99],
							"lerp_mode": "catmullrom"
						},
						"0.375": {
							"post": [5.60986, -1.79, 6.43],
							"lerp_mode": "catmullrom"
						},
						"0.4792": {
							"post": [0.0219, -1.45, 3.19],
							"lerp_mode": "catmullrom"
						},
						"0.625": {
							"post": [-4.5875, -1.04, -1.05],
							"lerp_mode": "catmullrom"
						},
						"0.7917": {
							"post": [0.78215, -0.14, 0.51],
							"lerp_mode": "catmullrom"
						},
						"0.9792": {
							"post": [0, 0, 0],
							"lerp_mode": "catmullrom"
						},
						"1.3125": {
							"post": [0, 0, 0],
							"lerp_mode": "catmullrom"
						}
					},
					"position": {
						"0.0": {
							"post": [0, 0, 0],
							"lerp_mode": "catmullrom"
						},
						"0.0625": {
							"post": [0, -0.1875, 0],
							"lerp_mode": "catmullrom"
						},
						"0.0833": {
							"post": [-0.07, 0.13, -0.13],
							"lerp_mode": "catmullrom"
						},
						"0.1875": {
							"post": [-0.3125, 1, -1.125],
							"lerp_mode": "catmullrom"
						},
						"0.3958": {
							"post": [-0.26, 0.53, -1.3175],
							"lerp_mode": "catmullrom"
						},
						"0.625": {
							"post": [-0.06, -0.015, 0.015],
							"lerp_mode": "catmullrom"
						},
						"0.8125": {
							"post": [-0.02, -0.095, -0.03],
							"lerp_mode": "catmullrom"
						},
						"1.0": {
							"post": [0, 0, 0],
							"lerp_mode": "catmullrom"
						},
						"1.3125": {
							"post": [0, 0, 0],
							"lerp_mode": "catmullrom"
						}
					}
				},
				"constraint": {
					"rotation": {
						"0.2083": {
							"pre": [0.8, 0.8, 0.8],
							"post": [0.8, 0.8, 0.8],
							"lerp_mode": "catmullrom"
						},
						"0.5": {
							"post": [0.2, 0.2, 0.2],
							"lerp_mode": "catmullrom"
						}
					},
					"position": {
						"0.2083": {
							"pre": [0.8, 0.8, 0.8],
							"post": [0.8, 0.8, 0.8],
							"lerp_mode": "catmullrom"
						},
						"0.5": {
							"post": [0.2, 0.2, 0.2],
							"lerp_mode": "catmullrom"
						}
					}
				},
				"hammer": {
					"rotation": {
						"0.0": {
							"post": [0, 0, 0],
							"lerp_mode": "catmullrom"
						},
						"0.0625": {
							"post": [-59, 0, 0],
							"lerp_mode": "catmullrom"
						},
						"0.0833": {
							"post": [0, 0, 0],
							"lerp_mode": "catmullrom"
						}
					}
				},
				"camera": {
					"rotation": {
						"0.0625": {
							"pre": [0, 0, 0],
							"post": [0, 0, 0],
							"lerp_mode": "catmullrom"
						},
						"0.0833": {
							"post": [-3.3125, 0, 4],
							"lerp_mode": "catmullrom"
						},
						"0.125": {
							"post": [1.875, 0, -2],
							"lerp_mode": "catmullrom"
						},
						"0.1667": {
							"post": [-1.5, 0, 0.37],
							"lerp_mode": "catmullrom"
						},
						"0.2083": {
							"post": [0.5, 0, -0.5],
							"lerp_mode": "catmullrom"
						},
						"0.2708": {
							"post": [0, 0, 0.25],
							"lerp_mode": "catmullrom"
						},
						"0.3958": {
							"post": [0, 0, 0],
							"lerp_mode": "catmullrom"
						}
					}
				},
				"cylinder": {
					"rotation": {
						"0.0": [0, 0, 0],
						"0.0833": [0, 0, -60],
						"0.1042": [0, 0, 0]
					}
				},
				"rightHand": {
					"rotation": {
						"0.0": {
							"post": [0, 0, 0],
							"lerp_mode": "catmullrom"
						},
						"0.1042": {
							"post": [0, 0, 0],
							"lerp_mode": "catmullrom"
						},
						"0.2292": {
							"post": [15, 0, 0],
							"lerp_mode": "catmullrom"
						},
						"0.5": {
							"post": [15, 0, 0],
							"lerp_mode": "catmullrom"
						},
						"0.6042": {
							"post": [0, 0, 0],
							"lerp_mode": "catmullrom"
						}
					}
				},
				"muzzle_flash": {
					"position": {
						"0.0": [0, 8, 0],
						"0.25": {"pre": [0, 8, 0], "post": [0, 0, 0]}
					}
				}
			}
		},
		"bolt": {
			"animation_length": 1.3333,
			"bones": {
				"root": {
					"rotation": {
						"0.2083": {
							"pre": [0, 0, 0],
							"post": [0, 0, 0],
							"lerp_mode": "catmullrom"
						},
						"0.3958": {
							"post": [1.12, -0.32, -1.43],
							"lerp_mode": "catmullrom"
						},
						"0.5417": {
							"post": [4.5, 0, 5.5],
							"lerp_mode": "catmullrom"
						},
						"0.6458": {
							"post": [-9.63026, 4.38504, 19.49316],
							"lerp_mode": "catmullrom"
						},
						"0.7083": {
							"post": [-9.63026, 1.32254, 19.49316],
							"lerp_mode": "catmullrom"
						},
						"0.7708": {
							"post": [-6.78, 3.09, 13.72],
							"lerp_mode": "catmullrom"
						},
						"0.8958": {
							"post": [0, -1.625, 0],
							"lerp_mode": "catmullrom"
						},
						"1.0625": {
							"post": [0, 0.375, 0],
							"lerp_mode": "catmullrom"
						},
						"1.2083": {
							"post": [0, 0, 0],
							"lerp_mode": "catmullrom"
						},
						"1.3333": {
							"post": [0, 0, 0],
							"lerp_mode": "catmullrom"
						}
					},
					"position": {
						"0.2083": {
							"pre": [0, 0, 0],
							"post": [0, 0, 0],
							"lerp_mode": "catmullrom"
						},
						"0.375": {
							"post": [0, -0.105, 0.01],
							"lerp_mode": "catmullrom"
						},
						"0.5417": {
							"post": [0, -0.3125, 0],
							"lerp_mode": "catmullrom"
						},
						"0.6458": {
							"post": [0, -0.5625, -0.1875],
							"lerp_mode": "catmullrom"
						},
						"0.8542": {
							"post": [0, -0.36, -0.125],
							"lerp_mode": "catmullrom"
						},
						"1.0625": {
							"post": [0, -0.0625, -0.1875],
							"lerp_mode": "catmullrom"
						},
						"1.2083": {
							"post": [0, 0, 0.0625],
							"lerp_mode": "catmullrom"
						},
						"1.3333": {
							"post": [0, 0, 0],
							"lerp_mode": "catmullrom"
						}
					}
				},
				"leftHand": {
					"rotation": [90, 0, 0],
					"position": [16, -16, 6],
					"scale": [1, 1.5, 1]
				},
				"constraint": {
					"rotation": {
						"0.2083": {
							"pre": [0.2, 0.2, 0.2],
							"post": [0.2, 0.2, 0.2],
							"lerp_mode": "catmullrom"
						},
						"0.4792": {
							"post": [0.8, 0.8, 0.8],
							"lerp_mode": "catmullrom"
						},
						"0.8125": {
							"post": [0.8, 0.8, 0.8],
							"lerp_mode": "catmullrom"
						},
						"1.2083": {
							"post": [0.2, 0.2, 0.2],
							"lerp_mode": "catmullrom"
						}
					},
					"position": {
						"0.2083": {
							"pre": [0.2, 0.2, 0.2],
							"post": [0.2, 0.2, 0.2],
							"lerp_mode": "catmullrom"
						},
						"0.4792": {
							"post": [0.8, 0.8, 0.8],
							"lerp_mode": "catmullrom"
						},
						"0.8125": {
							"post": [0.8, 0.8, 0.8],
							"lerp_mode": "catmullrom"
						},
						"1.2083": {
							"post": [0.2, 0.2, 0.2],
							"lerp_mode": "catmullrom"
						}
					}
				},
				"hammer": {
					"rotation": {
						"0.5625": [0, 0, 0],
						"0.6458": [-45, 0, 0]
					}
				},
				"rightHand": {
					"rotation": {
						"0.2083": {
							"pre": [89.98, 2.36, -175.15],
							"post": [89.98, 2.36, -175.15],
							"lerp_mode": "catmullrom"
						},
						"0.3333": {
							"post": [104.08185, 6.82034, -195.96906],
							"lerp_mode": "catmullrom"
						},
						"0.4583": {
							"post": [112.84474, 8.79467, -196.82581],
							"lerp_mode": "catmullrom"
						},
						"0.5625": {
							"post": [114.34474, 8.79467, -196.82581],
							"lerp_mode": "catmullrom"
						},
						"0.6458": {
							"post": [118.36343, -20.36746, -146.79555],
							"lerp_mode": "catmullrom"
						},
						"0.75": {
							"post": [118.36343, -20.36746, -146.79555],
							"lerp_mode": "catmullrom"
						},
						"0.875": {
							"post": [107.81212, -2.73793, -153.81409],
							"lerp_mode": "catmullrom"
						},
						"1.0833": {
							"post": [89.98, 2.36, -175.15],
							"lerp_mode": "catmullrom"
						}
					},
					"position": {
						"0.2083": {
							"pre": [-6.72, -17.05, -5.52],
							"post": [-6.72, -17.05, -5.52],
							"lerp_mode": "catmullrom"
						},
						"0.3333": {
							"post": [-6.72, -15.8, -3.64],
							"lerp_mode": "catmullrom"
						},
						"0.4583": {
							"post": [-6.72, -14.8, -3.27],
							"lerp_mode": "catmullrom"
						},
						"0.5625": {
							"post": [-6.72, -14.8, -3.27],
							"lerp_mode": "catmullrom"
						},
						"0.6458": {
							"post": [-6.72, -15.05, -2.77],
							"lerp_mode": "catmullrom"
						},
						"0.75": {
							"post": [-6.72, -15.05, -2.77],
							"lerp_mode": "catmullrom"
						},
						"0.875": {
							"post": [-7.22, -16.15, -3.75],
							"lerp_mode": "catmullrom"
						},
						"1.0833": {
							"post": [-6.72, -17.05, -5.52],
							"lerp_mode": "catmullrom"
						}
					}
				},
				"cylinder": {
					"rotation": {
						"0.5625": [0, 0, 0],
						"0.6458": [0, 0, -60],
						"0.6667": [0, 0, 0]
					}
				},
				"camera": {
					"rotation": {
						"0.2083": {
							"pre": [0, 0, 0],
							"post": [0, 0, 0],
							"lerp_mode": "catmullrom"
						},
						"0.375": {
							"post": [0, 0, 0],
							"lerp_mode": "catmullrom"
						},
						"0.4583": {
							"post": [-0.375, 0, 0],
							"lerp_mode": "catmullrom"
						},
						"0.5625": {
							"post": [-0.375, 0.4375, 0],
							"lerp_mode": "catmullrom"
						},
						"0.6458": {
							"post": [0.4375, -0.25, -0.3125],
							"lerp_mode": "catmullrom"
						},
						"0.6875": {
							"post": [-0.3125, 0.125, 0.0625],
							"lerp_mode": "catmullrom"
						},
						"0.7917": {
							"post": [0.0625, 0, 0],
							"lerp_mode": "catmullrom"
						},
						"0.875": {
							"post": [0.05, -0.01, 0.115],
							"lerp_mode": "catmullrom"
						},
						"0.9375": {
							"post": [0, 0, -0.1875],
							"lerp_mode": "catmullrom"
						},
						"1.0208": {
							"post": [0, 0, 0],
							"lerp_mode": "catmullrom"
						}
					}
				}
			},
			"sound_effects": {
				"0.4583": {
					"effect": "hamster:sw_mk2/sw_mk2_hammer"
				}
			}
		},
		"inspect": {
			"animation_length": 7.6667,
			"bones": {
				"root": {
					"relative_to": {
						"rotation": "entity"
					},
					"rotation": {
						"0.0": {
							"post": [0, 0, 0],
							"lerp_mode": "catmullrom"
						},
						"0.2292": {
							"post": [-0.26215, -14.12797, 2.78959],
							"lerp_mode": "catmullrom"
						},
						"0.4375": {
							"post": [-10.06829, -53.05723, -8.91638],
							"lerp_mode": "catmullrom"
						},
						"0.6458": {
							"post": [-11.06892, -54.87425, -11.51681],
							"lerp_mode": "catmullrom"
						},
						"0.9583": {
							"post": [-10.06829, -53.05723, -8.91638],
							"lerp_mode": "catmullrom"
						},
						"1.375": {
							"post": [-9.83371, -54.04748, -8.10508],
							"lerp_mode": "catmullrom"
						},
						"1.6667": {
							"post": [-8.14653, -46.84307, -5.38279],
							"lerp_mode": "catmullrom"
						},
						"1.8333": {
							"post": [-12.93722, -37.2133, 7.81853],
							"lerp_mode": "catmullrom"
						},
						"1.9375": {
							"post": [-14.89, -24.4, 2.36],
							"lerp_mode": "catmullrom"
						},
						"2.0417": {
							"post": [-16.12972, -19.61867, 11.19447],
							"lerp_mode": "catmullrom"
						},
						"2.1458": {
							"post": [-18.59506, -22.12198, 20.99324],
							"lerp_mode": "catmullrom"
						},
						"2.3542": {
							"post": [-20.26629, -20.51698, 19.61839],
							"lerp_mode": "catmullrom"
						},
						"2.5833": {
							"post": [-19.99482, -19.51453, 20.34109],
							"lerp_mode": "catmullrom"
						},
						"3.0": {
							"post": [-20.27, -20.52, 19.62],
							"lerp_mode": "catmullrom"
						},
						"3.1458": {
							"post": [-20.8881, -13.1058, 25.40138],
							"lerp_mode": "catmullrom"
						},
						"3.4583": {
							"post": [-23.42148, 17.69999, 61.58746],
							"lerp_mode": "catmullrom"
						},
						"3.6667": {
							"post": [-23.82676, 22.35919, 66.43644],
							"lerp_mode": "catmullrom"
						},
						"3.9583": {
							"post": [-22.97, 20.52, 63.75],
							"lerp_mode": "catmullrom"
						},
						"4.1875": {
							"post": [-19.66499, 25.36419, 61.95945],
							"lerp_mode": "catmullrom"
						},
						"4.4583": {
							"post": [-10.35517, 26.44548, 64.82445],
							"lerp_mode": "catmullrom"
						},
						"4.9792": {
							"post": [-10.36, 26.45, 64.82],
							"lerp_mode": "catmullrom"
						},
						"5.1667": {
							"post": [-24.55345, 28.8091, 31.59403],
							"lerp_mode": "catmullrom"
						},
						"5.2917": {
							"post": [-39.31376, 10.55826, 9.86852],
							"lerp_mode": "catmullrom"
						},
						"5.4375": {
							"post": [-56.76426, 7.03738, 15.29827],
							"lerp_mode": "catmullrom"
						},
						"5.6875": {
							"post": [-61.3077, 6.46255, 1.70408],
							"lerp_mode": "catmullrom"
						},
						"6.0208": {
							"post": [-62.26448, 4.43955, -1.40428],
							"lerp_mode": "catmullrom"
						},
						"6.5": {
							"post": [-62.31406, 6.43126, -1.41022],
							"lerp_mode": "catmullrom"
						},
						"6.7083": {
							"post": [-23.77971, -0.95337, 9.88256],
							"lerp_mode": "catmullrom"
						},
						"6.875": {
							"post": [-1.0223, -1.09632, 2.39909],
							"lerp_mode": "catmullrom"
						},
						"7.0208": {
							"post": [-1.03823, -0.64983, 1.3],
							"lerp_mode": "catmullrom"
						},
						"7.125": {
							"post": [0, 0, -0.5],
							"lerp_mode": "catmullrom"
						},
						"7.25": {
							"post": [0, 0, -0.3],
							"lerp_mode": "catmullrom"
						},
						"7.4167": {
							"post": [0.02, 0, -0.1],
							"lerp_mode": "catmullrom"
						},
						"7.5625": {
							"post": [0, 0, 0],
							"lerp_mode": "catmullrom"
						},
						"7.6667": {
							"post": [0, 0, 0],
							"lerp_mode": "catmullrom"
						}
					},
					"position": {
						"0.0": {
							"post": [0, 0, 0],
							"lerp_mode": "catmullrom"
						},
						"0.2292": {
							"post": [0.25, -0.375, 0],
							"lerp_mode": "catmullrom"
						},
						"0.4375": {
							"post": [2.6275, 1.06, 0.1875],
							"lerp_mode": "catmullrom"
						},
						"0.9583": {
							"post": [2.6275, 1.06, 0.1875],
							"lerp_mode": "catmullrom"
						},
						"1.375": {
							"post": [2.6275, 0.9975, 0.1875],
							"lerp_mode": "catmullrom"
						},
						"1.6667": {
							"post": [2.3775, 1.06, 0.1875],
							"lerp_mode": "catmullrom"
						},
						"1.9375": {
							"post": [0.31, 0.89, 0.19],
							"lerp_mode": "catmullrom"
						},
						"2.1458": {
							"post": [0.5, 0.56, 0.19],
							"lerp_mode": "catmullrom"
						},
						"2.3542": {
							"post": [0.5625, 0.435, 0.19],
							"lerp_mode": "catmullrom"
						},
						"2.5833": {
							"post": [0.57, 0.3675, 0.19],
							"lerp_mode": "catmullrom"
						},
						"3.0": {
							"post": [0.56, 0.44, 0.19],
							"lerp_mode": "catmullrom"
						},
						"3.1458": {
							"post": [0.435, 0.3775, 0.19],
							"lerp_mode": "catmullrom"
						},
						"3.4583": {
							"post": [-0.44, 0.13, 0.19],
							"lerp_mode": "catmullrom"
						},
						"3.6667": {
							"post": [-0.44, 0.13, 0.19],
							"lerp_mode": "catmullrom"
						},
						"3.9583": {
							"post": [-0.44, 0.1925, 0.1275],
							"lerp_mode": "catmullrom"
						},
						"4.1875": {
							"post": [-0.44, 0.44, -0.5575],
							"lerp_mode": "catmullrom"
						},
						"4.4583": {
							"post": [-0.44, 0.44, -0.56],
							"lerp_mode": "catmullrom"
						},
						"4.9792": {
							"post": [-0.44, 0.44, -0.56],
							"lerp_mode": "catmullrom"
						},
						"5.1667": {
							"post": [-0.44, 1.1275, -0.56],
							"lerp_mode": "catmullrom"
						},
						"5.4375": {
							"post": [-0.19, 0.755, -0.56],
							"lerp_mode": "catmullrom"
						},
						"5.6875": {
							"post": [-0.07, 1.125, -0.56],
							"lerp_mode": "catmullrom"
						},
						"6.0208": {
							"post": [-0.07, 1.255, -0.56],
							"lerp_mode": "catmullrom"
						},
						"6.5": {
							"post": [-0.1325, 1.3125, -0.56],
							"lerp_mode": "catmullrom"
						},
						"6.7083": {
							"post": [-0.2375, 0.67, -1.2525],
							"lerp_mode": "catmullrom"
						},
						"6.8542": {
							"post": [0.05, 0.0225, 0.17],
							"lerp_mode": "catmullrom"
						},
						"7.0": {
							"post": [0.0825, 0.0975, 0.1],
							"lerp_mode": "catmullrom"
						},
						"7.25": {
							"post": [0, 0.0625, 0.0625],
							"lerp_mode": "catmullrom"
						},
						"7.4167": {
							"post": [-0.01, -0.01, -0.01],
							"lerp_mode": "catmullrom"
						},
						"7.5625": {
							"post": [0, 0, 0],
							"lerp_mode": "catmullrom"
						},
						"7.6667": {
							"post": [0, 0, 0],
							"lerp_mode": "catmullrom"
						}
					}
				},
				"leftHand": {
					"rotation": [90, 0, 0],
					"position": [16, -16, 6],
					"scale": {
						"0.0": [1, 1.5, 1],
						"2.5208": [0, 0, 0]
					}
				},
				"rightHand": {
					"rotation": {
						"0.0": [89.9832, 2.35911, -175.14678],
						"0.125": [89.98307, 7.35911, -175.14826],
						"0.3958": [89.98, 7.36, -175.15],
						"5.1875": [89.98, 7.36, -175.15],
						"5.4167": [89.9832, 2.35911, -175.14678],
						"6.6042": [89.9832, 2.35911, -175.14678],
						"6.7708": [89.9832, 2.35911, -175.14678]
					},
					"position": {
						"0.0": [-6.725, -17.05, -5.525],
						"0.125": [-6.725, -17.05, -5.525],
						"0.3958": [-7.975, -17.05, -5.525],
						"5.1875": [-7.975, -17.05, -5.525],
						"5.4167": [-6.725, -17.05, -5.525],
						"6.6042": [-6.725, -17.05, -5.525],
						"6.7708": [-6.725, -17.05, -5.525]
					},
					"scale": [1, 1.5, 1]
				},
				"constraint": {
					"rotation": [0.1, 0.1, 0.1],
					"position": [0.1, 0.1, 0.1]
				},
				"bullet": {
					"position": {
						"0.0": [0, 0, 0],
						"3.9792": [0, 0, -2]
					},
					"scale": 0
				},
				"camera": {
					"rotation": {
						"0.0": {
							"post": [0, 0, 0],
							"lerp_mode": "catmullrom"
						},
						"0.1875": {
							"post": [-0.125, -0.4, 0],
							"lerp_mode": "catmullrom"
						},
						"0.3542": {
							"post": [-0.1875, -0.75, 0],
							"lerp_mode": "catmullrom"
						},
						"0.5625": {
							"post": [-0.42, -0.77, 0],
							"lerp_mode": "catmullrom"
						},
						"0.7708": {
							"post": [-0.375, -0.75, 0],
							"lerp_mode": "catmullrom"
						},
						"1.625": {
							"post": [-0.37, -0.75, 0],
							"lerp_mode": "catmullrom"
						},
						"2.0": {
							"post": [0.255, 0.0625, 0],
							"lerp_mode": "catmullrom"
						},
						"2.2917": {
							"post": [0.385, -0.0625, 0],
							"lerp_mode": "catmullrom"
						},
						"2.7292": {
							"post": [0.4525, -0.0625, 0],
							"lerp_mode": "catmullrom"
						},
						"3.2292": {
							"post": [0.45, -0.0625, 0],
							"lerp_mode": "catmullrom"
						},
						"3.5208": {
							"post": [1.3875, -0.0625, 0],
							"lerp_mode": "catmullrom"
						},
						"3.8125": {
							"post": [4.5775, -0.0625, 0],
							"lerp_mode": "catmullrom"
						},
						"4.0833": {
							"post": [5.1425, -0.0625, 0],
							"lerp_mode": "catmullrom"
						},
						"4.3125": {
							"post": [5.2025, -0.0625, 0],
							"lerp_mode": "catmullrom"
						},
						"4.5833": {
							"post": [5.2625, -0.0625, 0],
							"lerp_mode": "catmullrom"
						},
						"4.8542": {
							"post": [4.2675, -0.0625, 0],
							"lerp_mode": "catmullrom"
						},
						"5.1875": {
							"post": [-0.9825, -0.0625, 0],
							"lerp_mode": "catmullrom"
						},
						"5.4792": {
							"post": [-1.73, -0.0625, 0],
							"lerp_mode": "catmullrom"
						},
						"5.7708": {
							"post": [1.645, -0.06, -0.1875],
							"lerp_mode": "catmullrom"
						},
						"6.1042": {
							"post": [1.5475, -0.06, -0.1875],
							"lerp_mode": "catmullrom"
						},
						"6.3542": {
							"post": [-1.6675, -0.06, 0.8125],
							"lerp_mode": "catmullrom"
						},
						"6.6458": {
							"post": [-1.105, -0.06, 0.5625],
							"lerp_mode": "catmullrom"
						},
						"6.8958": {
							"post": [0.455, -0.06, -0.625],
							"lerp_mode": "catmullrom"
						},
						"7.2708": {
							"post": [-0.1725, -0.06, 0],
							"lerp_mode": "catmullrom"
						},
						"7.6042": {
							"post": [0, 0, 0],
							"lerp_mode": "catmullrom"
						}
					}
				}
			},
			"sound_effects": {
				"0.5417": {
					"effect": "hamster:pistol/pistol_grab"
				},
				"3.1875": {
					"effect": "hamster:pistol/pistol_grab_3"
				},
				"6.6042": {
					"effect": "hamster:pistol/pistol_grab_1"
				}
			}
		},
		"inspect_empty": {
			"animation_length": 7.6667,
			"bones": {
				"root": {
					"relative_to": {
						"rotation": "entity"
					},
					"rotation": {
						"0.0": {
							"post": [0, 0, 0],
							"lerp_mode": "catmullrom"
						},
						"0.2292": {
							"post": [-0.26215, -14.12797, 2.78959],
							"lerp_mode": "catmullrom"
						},
						"0.4375": {
							"post": [-10.06829, -53.05723, -8.91638],
							"lerp_mode": "catmullrom"
						},
						"0.6458": {
							"post": [-11.06892, -54.87425, -11.51681],
							"lerp_mode": "catmullrom"
						},
						"0.9583": {
							"post": [-10.06829, -53.05723, -8.91638],
							"lerp_mode": "catmullrom"
						},
						"1.375": {
							"post": [-9.83371, -54.04748, -8.10508],
							"lerp_mode": "catmullrom"
						},
						"1.6667": {
							"post": [-8.14653, -46.84307, -5.38279],
							"lerp_mode": "catmullrom"
						},
						"1.8333": {
							"post": [-12.93722, -37.2133, 7.81853],
							"lerp_mode": "catmullrom"
						},
						"1.9375": {
							"post": [-14.89, -24.4, 2.36],
							"lerp_mode": "catmullrom"
						},
						"2.0417": {
							"post": [-16.12972, -19.61867, 11.19447],
							"lerp_mode": "catmullrom"
						},
						"2.1458": {
							"post": [-18.59506, -22.12198, 20.99324],
							"lerp_mode": "catmullrom"
						},
						"2.3542": {
							"post": [-20.26629, -20.51698, 19.61839],
							"lerp_mode": "catmullrom"
						},
						"2.5833": {
							"post": [-19.99482, -19.51453, 20.34109],
							"lerp_mode": "catmullrom"
						},
						"3.0": {
							"post": [-20.27, -20.52, 19.62],
							"lerp_mode": "catmullrom"
						},
						"3.1458": {
							"post": [-20.8881, -13.1058, 25.40138],
							"lerp_mode": "catmullrom"
						},
						"3.4583": {
							"post": [-23.42148, 17.69999, 61.58746],
							"lerp_mode": "catmullrom"
						},
						"3.6667": {
							"post": [-23.82676, 22.35919, 66.43644],
							"lerp_mode": "catmullrom"
						},
						"3.9583": {
							"post": [-22.97, 20.52, 63.75],
							"lerp_mode": "catmullrom"
						},
						"4.1875": {
							"post": [-19.66499, 25.36419, 61.95945],
							"lerp_mode": "catmullrom"
						},
						"4.4583": {
							"post": [-10.35517, 26.44548, 64.82445],
							"lerp_mode": "catmullrom"
						},
						"4.9792": {
							"post": [-10.36, 26.45, 64.82],
							"lerp_mode": "catmullrom"
						},
						"5.1667": {
							"post": [-24.55345, 28.8091, 31.59403],
							"lerp_mode": "catmullrom"
						},
						"5.2917": {
							"post": [-39.31376, 10.55826, 9.86852],
							"lerp_mode": "catmullrom"
						},
						"5.4375": {
							"post": [-56.76426, 7.03738, 15.29827],
							"lerp_mode": "catmullrom"
						},
						"5.6875": {
							"post": [-61.3077, 6.46255, 1.70408],
							"lerp_mode": "catmullrom"
						},
						"6.0208": {
							"post": [-62.26448, 4.43955, -1.40428],
							"lerp_mode": "catmullrom"
						},
						"6.5": {
							"post": [-62.31406, 6.43126, -1.41022],
							"lerp_mode": "catmullrom"
						},
						"6.7083": {
							"post": [-23.77971, -0.95337, 9.88256],
							"lerp_mode": "catmullrom"
						},
						"6.875": {
							"post": [-1.0223, -1.09632, 2.39909],
							"lerp_mode": "catmullrom"
						},
						"7.0208": {
							"post": [-1.03823, -0.64983, 1.3],
							"lerp_mode": "catmullrom"
						},
						"7.125": {
							"post": [0, 0, -0.5],
							"lerp_mode": "catmullrom"
						},
						"7.25": {
							"post": [0, 0, -0.3],
							"lerp_mode": "catmullrom"
						},
						"7.4167": {
							"post": [0.02, 0, -0.1],
							"lerp_mode": "catmullrom"
						},
						"7.5625": {
							"post": [0, 0, 0],
							"lerp_mode": "catmullrom"
						},
						"7.6667": {
							"post": [0, 0, 0],
							"lerp_mode": "catmullrom"
						}
					},
					"position": {
						"0.0": {
							"post": [0, 0, 0],
							"lerp_mode": "catmullrom"
						},
						"0.2292": {
							"post": [0.25, -0.375, 0],
							"lerp_mode": "catmullrom"
						},
						"0.4375": {
							"post": [2.6275, 1.06, 0.1875],
							"lerp_mode": "catmullrom"
						},
						"0.9583": {
							"post": [2.6275, 1.06, 0.1875],
							"lerp_mode": "catmullrom"
						},
						"1.375": {
							"post": [2.6275, 0.9975, 0.1875],
							"lerp_mode": "catmullrom"
						},
						"1.6667": {
							"post": [2.3775, 1.06, 0.1875],
							"lerp_mode": "catmullrom"
						},
						"1.9375": {
							"post": [0.31, 0.89, 0.19],
							"lerp_mode": "catmullrom"
						},
						"2.1458": {
							"post": [0.5, 0.56, 0.19],
							"lerp_mode": "catmullrom"
						},
						"2.3542": {
							"post": [0.5625, 0.435, 0.19],
							"lerp_mode": "catmullrom"
						},
						"2.5833": {
							"post": [0.57, 0.3675, 0.19],
							"lerp_mode": "catmullrom"
						},
						"3.0": {
							"post": [0.56, 0.44, 0.19],
							"lerp_mode": "catmullrom"
						},
						"3.1458": {
							"post": [0.435, 0.3775, 0.19],
							"lerp_mode": "catmullrom"
						},
						"3.4583": {
							"post": [-0.44, 0.13, 0.19],
							"lerp_mode": "catmullrom"
						},
						"3.6667": {
							"post": [-0.44, 0.13, 0.19],
							"lerp_mode": "catmullrom"
						},
						"3.9583": {
							"post": [-0.44, 0.1925, 0.1275],
							"lerp_mode": "catmullrom"
						},
						"4.1875": {
							"post": [-0.44, 0.44, -0.5575],
							"lerp_mode": "catmullrom"
						},
						"4.4583": {
							"post": [-0.44, 0.44, -0.56],
							"lerp_mode": "catmullrom"
						},
						"4.9792": {
							"post": [-0.44, 0.44, -0.56],
							"lerp_mode": "catmullrom"
						},
						"5.1667": {
							"post": [-0.44, 1.1275, -0.56],
							"lerp_mode": "catmullrom"
						},
						"5.4375": {
							"post": [-0.19, 0.755, -0.56],
							"lerp_mode": "catmullrom"
						},
						"5.6875": {
							"post": [-0.07, 1.125, -0.56],
							"lerp_mode": "catmullrom"
						},
						"6.0208": {
							"post": [-0.07, 1.255, -0.56],
							"lerp_mode": "catmullrom"
						},
						"6.5": {
							"post": [-0.1325, 1.3125, -0.56],
							"lerp_mode": "catmullrom"
						},
						"6.7083": {
							"post": [-0.2375, 0.67, -1.2525],
							"lerp_mode": "catmullrom"
						},
						"6.8542": {
							"post": [0.05, 0.0225, 0.17],
							"lerp_mode": "catmullrom"
						},
						"7.0": {
							"post": [0.0825, 0.0975, 0.1],
							"lerp_mode": "catmullrom"
						},
						"7.25": {
							"post": [0, 0.0625, 0.0625],
							"lerp_mode": "catmullrom"
						},
						"7.4167": {
							"post": [-0.01, -0.01, -0.01],
							"lerp_mode": "catmullrom"
						},
						"7.5625": {
							"post": [0, 0, 0],
							"lerp_mode": "catmullrom"
						},
						"7.6667": {
							"post": [0, 0, 0],
							"lerp_mode": "catmullrom"
						}
					}
				},
				"leftHand": {
					"rotation": [90, 0, 0],
					"position": [16, -16, 6],
					"scale": {
						"0.0": [1, 1.5, 1],
						"2.5208": [0, 0, 0]
					}
				},
				"rightHand": {
					"rotation": {
						"0.0": [89.9832, 2.35911, -175.14678],
						"0.125": [89.98307, 7.35911, -175.14826],
						"0.3958": [89.98, 7.36, -175.15],
						"5.1875": [89.98, 7.36, -175.15],
						"5.4167": [89.9832, 2.35911, -175.14678],
						"6.6042": [89.9832, 2.35911, -175.14678],
						"6.7708": [89.9832, 2.35911, -175.14678]
					},
					"position": {
						"0.0": [-6.725, -17.05, -5.525],
						"0.125": [-6.725, -17.05, -5.525],
						"0.3958": [-7.975, -17.05, -5.525],
						"5.1875": [-7.975, -17.05, -5.525],
						"5.4167": [-6.725, -17.05, -5.525],
						"6.6042": [-6.725, -17.05, -5.525],
						"6.7708": [-6.725, -17.05, -5.525]
					},
					"scale": [1, 1.5, 1]
				},
				"constraint": {
					"rotation": [0.1, 0.1, 0.1],
					"position": [0.1, 0.1, 0.1]
				},
				"bullet": {
					"position": {
						"0.0": [0, 0, 0],
						"3.9792": [0, 0, -2]
					},
					"scale": 0
				},
				"camera": {
					"rotation": {
						"0.0": {
							"post": [0, 0, 0],
							"lerp_mode": "catmullrom"
						},
						"0.1875": {
							"post": [-0.125, -0.4, 0],
							"lerp_mode": "catmullrom"
						},
						"0.3542": {
							"post": [-0.1875, -0.75, 0],
							"lerp_mode": "catmullrom"
						},
						"0.5625": {
							"post": [-0.42, -0.77, 0],
							"lerp_mode": "catmullrom"
						},
						"0.7708": {
							"post": [-0.375, -0.75, 0],
							"lerp_mode": "catmullrom"
						},
						"1.625": {
							"post": [-0.37, -0.75, 0],
							"lerp_mode": "catmullrom"
						},
						"2.0": {
							"post": [0.255, 0.0625, 0],
							"lerp_mode": "catmullrom"
						},
						"2.2917": {
							"post": [0.385, -0.0625, 0],
							"lerp_mode": "catmullrom"
						},
						"2.7292": {
							"post": [0.4525, -0.0625, 0],
							"lerp_mode": "catmullrom"
						},
						"3.2292": {
							"post": [0.45, -0.0625, 0],
							"lerp_mode": "catmullrom"
						},
						"3.5208": {
							"post": [1.3875, -0.0625, 0],
							"lerp_mode": "catmullrom"
						},
						"3.8125": {
							"post": [4.5775, -0.0625, 0],
							"lerp_mode": "catmullrom"
						},
						"4.0833": {
							"post": [5.1425, -0.0625, 0],
							"lerp_mode": "catmullrom"
						},
						"4.3125": {
							"post": [5.2025, -0.0625, 0],
							"lerp_mode": "catmullrom"
						},
						"4.5833": {
							"post": [5.2625, -0.0625, 0],
							"lerp_mode": "catmullrom"
						},
						"4.8542": {
							"post": [4.2675, -0.0625, 0],
							"lerp_mode": "catmullrom"
						},
						"5.1875": {
							"post": [-0.9825, -0.0625, 0],
							"lerp_mode": "catmullrom"
						},
						"5.4792": {
							"post": [-1.73, -0.0625, 0],
							"lerp_mode": "catmullrom"
						},
						"5.7708": {
							"post": [1.645, -0.06, -0.1875],
							"lerp_mode": "catmullrom"
						},
						"6.1042": {
							"post": [1.5475, -0.06, -0.1875],
							"lerp_mode": "catmullrom"
						},
						"6.3542": {
							"post": [-1.6675, -0.06, 0.8125],
							"lerp_mode": "catmullrom"
						},
						"6.6458": {
							"post": [-1.105, -0.06, 0.5625],
							"lerp_mode": "catmullrom"
						},
						"6.8958": {
							"post": [0.455, -0.06, -0.625],
							"lerp_mode": "catmullrom"
						},
						"7.2708": {
							"post": [-0.1725, -0.06, 0],
							"lerp_mode": "catmullrom"
						},
						"7.6042": {
							"post": [0, 0, 0],
							"lerp_mode": "catmullrom"
						}
					}
				}
			},
			"sound_effects": {
				"0.5417": {
					"effect": "hamster:pistol/pistol_grab"
				},
				"3.1875": {
					"effect": "hamster:pistol/pistol_grab_3"
				},
				"6.6042": {
					"effect": "hamster:pistol/pistol_grab_1"
				}
			}
		},
		"whip_attack": {
			"animation_length": 2.9167,
			"bones": {
				"root": {
					"rotation": {
						"0.0": {
							"post": [-184.44556, 7.66509, 24.34519],
							"lerp_mode": "catmullrom"
						},
						"0.1042": {
							"post": [-180.7684, 8.82116, 49.58388],
							"lerp_mode": "catmullrom"
						},
						"0.2292": {
							"post": [-151.95604, -0.45392, 67.37068],
							"lerp_mode": "catmullrom"
						},
						"0.3542": {
							"post": [-75.04774, -6.10655, 59.57696],
							"lerp_mode": "catmullrom"
						},
						"0.4792": {
							"post": [0.58347, 0.20449, 10.9748],
							"lerp_mode": "catmullrom"
						},
						"0.5833": {
							"post": [0.58, 0.2, 10.97],
							"lerp_mode": "catmullrom"
						},
						"0.7292": {
							"post": [-2.295, 0.2, 10.97],
							"lerp_mode": "catmullrom"
						},
						"0.875": {
							"post": [-20.72903, 0.20449, 19.1623],
							"lerp_mode": "catmullrom"
						},
						"1.0": {
							"post": [-57.77191, -24.77022, 54.60556],
							"lerp_mode": "catmullrom"
						},
						"1.1458": {
							"post": [-123.64554, 7.14714, 81.49565],
							"lerp_mode": "catmullrom"
						},
						"1.3958": {
							"post": [-148.28201, 3.77077, 105.89424],
							"lerp_mode": "catmullrom"
						},
						"1.625": {
							"post": [-148.35737, -0.48494, 103.26787],
							"lerp_mode": "catmullrom"
						},
						"1.9167": {
							"post": [48.08626, -27.49778, 27.66029],
							"lerp_mode": "catmullrom"
						},
						"2.125": {
							"post": [35.212, -16.83418, 17.09619],
							"lerp_mode": "catmullrom"
						},
						"2.2917": {
							"post": [-16.33597, 7.52076, 11.01765],
							"lerp_mode": "catmullrom"
						},
						"2.4167": {
							"post": [-4.885, 5.31, 6.2],
							"lerp_mode": "catmullrom"
						},
						"2.5417": {
							"post": [2.5625, 0, 2.0625],
							"lerp_mode": "catmullrom"
						},
						"2.7292": {
							"post": [-0.2725, -0.47, 1.42],
							"lerp_mode": "catmullrom"
						},
						"2.9167": {
							"post": [0, 0, 0],
							"lerp_mode": "catmullrom"
						}
					},
					"position": {
						"0.0": {
							"post": [13, -12, 7.5],
							"lerp_mode": "catmullrom"
						},
						"0.1042": {
							"post": [13, -1, 7.5],
							"lerp_mode": "catmullrom"
						},
						"0.2292": {
							"post": [13, 1, -6.5],
							"lerp_mode": "catmullrom"
						},
						"0.3542": {
							"post": [2, -3, -8.37],
							"lerp_mode": "catmullrom"
						},
						"0.4792": {
							"post": [-3, -5, -8.5],
							"lerp_mode": "catmullrom"
						},
						"0.5833": {
							"post": [-3, -5, -8.5],
							"lerp_mode": "catmullrom"
						},
						"0.7292": {
							"post": [-3, -5, -8.5],
							"lerp_mode": "catmullrom"
						},
						"0.875": {
							"post": [-3, -6.625, -8.5],
							"lerp_mode": "catmullrom"
						},
						"1.0": {
							"post": [-0.1275, -5.3725, -7.5],
							"lerp_mode": "catmullrom"
						},
						"1.1458": {
							"post": [7, -5.3125, -5.5],
							"lerp_mode": "catmullrom"
						},
						"1.3958": {
							"post": [14, -7, 2.5],
							"lerp_mode": "catmullrom"
						},
						"1.625": {
							"post": [14, -12, 7.5],
							"lerp_mode": "catmullrom"
						},
						"1.9167": {
							"post": [0, -12, 0],
							"lerp_mode": "catmullrom"
						},
						"2.125": {
							"post": [0, -1.14, 0.08],
							"lerp_mode": "catmullrom"
						},
						"2.2917": {
							"post": [-1.5, 1.75, -2.25],
							"lerp_mode": "catmullrom"
						},
						"2.4375": {
							"post": [-0.25, -0.66, -1.7],
							"lerp_mode": "catmullrom"
						},
						"2.5417": {
							"post": [0.25, -0.3125, -0.5],
							"lerp_mode": "catmullrom"
						},
						"2.7292": {
							"post": [0, -0.06, 0.13],
							"lerp_mode": "catmullrom"
						},
						"2.9167": {
							"post": [0, 0, 0],
							"lerp_mode": "catmullrom"
						}
					}
				},
				"leftHand": {
					"rotation": [90, 0, 0],
					"position": [16, -16, 6],
					"scale": 0
				},
				"constraint": {
					"rotation": [0.1, 0.1, 0.1],
					"position": [0.1, 0.1, 0.1]
				},
				"rightHand": {
					"rotation": {
						"0.0": {
							"post": [9.9832, 2.35911, -175.14678],
							"lerp_mode": "catmullrom"
						},
						"0.2292": {
							"post": [9.9832, 2.35911, -175.14678],
							"lerp_mode": "catmullrom"
						},
						"0.4792": [77.3104, 9.6789, -176.79122],
						"0.875": [77.3104, 9.6789, -176.79122],
						"1.2708": {
							"pre": [9.9832, 2.35911, -175.14678],
							"post": [9.9832, 2.35911, -175.14678],
							"lerp_mode": "catmullrom"
						},
						"1.625": [9.9832, 2.35911, -175.14678],
						"1.7917": {
							"pre": [97.4832, 2.35911, -175.14678],
							"post": [97.4832, 2.35911, -175.14678],
							"lerp_mode": "catmullrom"
						},
						"2.125": {
							"post": [97.4832, 2.35911, -175.14678],
							"lerp_mode": "catmullrom"
						},
						"2.3333": {
							"post": [89.9832, 2.35911, -175.14678],
							"lerp_mode": "catmullrom"
						}
					},
					"position": {
						"0.0": {
							"post": [-6.725, -14.3, -5.525],
							"lerp_mode": "catmullrom"
						},
						"0.2292": {
							"post": [-6.725, -14.3, -5.525],
							"lerp_mode": "catmullrom"
						},
						"0.4792": [-6.725, -14.3, -5.525],
						"0.875": [-6.725, -14.3, -5.525],
						"1.2708": {
							"pre": [-6.725, -14.3, -5.525],
							"post": [-6.725, -14.3, -5.525],
							"lerp_mode": "catmullrom"
						},
						"1.625": [-6.725, -14.3, -5.525],
						"1.7917": {
							"pre": [-6.725, -17.3, -5.525],
							"post": [-6.725, -17.3, -5.525],
							"lerp_mode": "catmullrom"
						},
						"2.125": {
							"post": [-6.725, -17.3, -5.525],
							"lerp_mode": "catmullrom"
						},
						"2.3333": {
							"post": [-6.725, -17.05, -5.525],
							"lerp_mode": "catmullrom"
						}
					},
					"scale": [1, 1.5, 1]
				},
				"gun": {
					"scale": {
						"0.0": [0, 0, 0],
						"1.8958": {"pre": [0, 0, 0], "post": [1, 1, 1]}
					}
				},
				"camera": {
					"rotation": {
						"0.0": {
							"post": [0, 0, 0],
							"lerp_mode": "catmullrom"
						},
						"0.1042": {
							"post": [-0.25, 0.25, -0.5],
							"lerp_mode": "catmullrom"
						},
						"0.2083": {
							"post": [0.75, -0.75, -1.5],
							"lerp_mode": "catmullrom"
						},
						"0.3958": {
							"post": [0.78, -0.78, -1.25],
							"lerp_mode": "catmullrom"
						},
						"0.4792": {
							"post": [-1.25, 0.25, 0.25],
							"lerp_mode": "catmullrom"
						},
						"0.6042": {
							"post": [-1.33, 0.29, 0],
							"lerp_mode": "catmullrom"
						},
						"0.6667": {
							"post": [0.5, 1, 0.25],
							"lerp_mode": "catmullrom"
						},
						"0.75": {
							"post": [-0.75, -0.25, -0.5],
							"lerp_mode": "catmullrom"
						},
						"0.8333": {
							"post": [-0.25, 0.25, 0.25],
							"lerp_mode": "catmullrom"
						},
						"1.0208": {
							"post": [-0.25, -1, -0.125],
							"lerp_mode": "catmullrom"
						},
						"1.1667": {
							"post": [0.5, -0.75, 0],
							"lerp_mode": "catmullrom"
						},
						"1.3333": {
							"post": [0.5, 0.25, 0],
							"lerp_mode": "catmullrom"
						},
						"1.4375": {
							"post": [1.25, 0, 0],
							"lerp_mode": "catmullrom"
						},
						"1.5": {
							"post": [-0.25, 0, -0.1875],
							"lerp_mode": "catmullrom"
						},
						"1.6042": {
							"post": [0.25, 0, 0.25],
							"lerp_mode": "catmullrom"
						},
						"2.0417": {
							"post": [0, 0, 0],
							"lerp_mode": "catmullrom"
						},
						"2.1458": {
							"post": [-0.22, 0, -0.125],
							"lerp_mode": "catmullrom"
						},
						"2.2292": {
							"post": [0.5, 0.75, -0.3125],
							"lerp_mode": "catmullrom"
						},
						"2.375": {
							"post": [-0.5, 0.5, 0],
							"lerp_mode": "catmullrom"
						},
						"2.5625": {
							"post": [-0.5, -0.25, 0],
							"lerp_mode": "catmullrom"
						},
						"2.6042": {
							"post": [0.3125, 0.125, 0],
							"lerp_mode": "catmullrom"
						},
						"2.7083": {
							"post": [-0.1875, 0, -0.1875],
							"lerp_mode": "catmullrom"
						},
						"2.8542": {
							"post": [0, 0, 0.125],
							"lerp_mode": "catmullrom"
						},
						"2.9583": {
							"post": [0, 0, 0],
							"lerp_mode": "catmullrom"
						}
					}
				},
				"whip": {
					"scale": {
						"0.0": [20, 20, 20],
						"1.5417": {"pre": [20, 20, 20], "post": [0, 0, 0]}
					}
				},
				"b1": {
					"rotation": {
						"0.0": {
							"post": [-40, 0, 0],
							"lerp_mode": "catmullrom"
						},
						"0.1458": {
							"post": [-75.17674, -29.78401, 19.29534],
							"lerp_mode": "catmullrom"
						},
						"0.3125": {
							"post": [-90, 0, 0],
							"lerp_mode": "catmullrom"
						},
						"0.4792": {
							"post": [-40, 0, 0],
							"lerp_mode": "catmullrom"
						},
						"0.6458": {
							"post": [-40, 0, 0],
							"lerp_mode": "catmullrom"
						},
						"0.875": {
							"post": [-30, 0, 0],
							"lerp_mode": "catmullrom"
						},
						"1.0": {
							"post": [-36.92675, 11.16895, 1.19884],
							"lerp_mode": "catmullrom"
						},
						"1.1458": {
							"post": [15, -25, 0],
							"lerp_mode": "catmullrom"
						}
					}
				},
				"b2": {
					"rotation": {
						"0.0": {
							"post": [-60, 0, 0],
							"lerp_mode": "catmullrom"
						},
						"0.1458": {
							"post": [-76.80857, -26.48829, 7.6734],
							"lerp_mode": "catmullrom"
						},
						"0.3125": {
							"post": [-90, 0, 0],
							"lerp_mode": "catmullrom"
						},
						"0.4792": {
							"post": [-70, 0, 0],
							"lerp_mode": "catmullrom"
						},
						"0.6458": {
							"post": [-60, 0, 0],
							"lerp_mode": "catmullrom"
						},
						"0.75": {
							"post": [-58.17215, 0.96022, 0],
							"lerp_mode": "catmullrom"
						},
						"0.875": {
							"post": [-50, 0, 0],
							"lerp_mode": "catmullrom"
						},
						"1.0": {
							"post": [-58.58807, 7.02159, 0.36897],
							"lerp_mode": "catmullrom"
						},
						"1.1458": {
							"post": [-60, -17.5, 0],
							"lerp_mode": "catmullrom"
						}
					}
				},
				"b3": {
					"rotation": {
						"0.0": {
							"post": [-60, 0, 0],
							"lerp_mode": "catmullrom"
						},
						"0.1458": {
							"post": [-60, 0, 0],
							"lerp_mode": "catmullrom"
						},
						"0.3125": {
							"post": [-95.93866, -12.2403, 8.73739],
							"lerp_mode": "catmullrom"
						},
						"0.4792": {
							"post": [-75, 0, 0],
							"lerp_mode": "catmullrom"
						},
						"0.6458": {
							"post": [-60, 0, 0],
							"lerp_mode": "catmullrom"
						},
						"0.75": {
							"post": [-58.51509, 1.50892, 0],
							"lerp_mode": "catmullrom"
						},
						"0.875": {
							"post": [-52.5, 0, 0],
							"lerp_mode": "catmullrom"
						},
						"1.0": {
							"post": [-45.57475, -2.6047, 1.229],
							"lerp_mode": "catmullrom"
						},
						"1.1458": {
							"post": [-47.5, -27.5, 0],
							"lerp_mode": "catmullrom"
						}
					}
				},
				"b4": {
					"rotation": {
						"0.0": {
							"post": [-40, 0, 0],
							"lerp_mode": "catmullrom"
						},
						"0.1458": {
							"post": [-40, 0, 0],
							"lerp_mode": "catmullrom"
						},
						"0.3125": {
							"post": [-40, 0, 0],
							"lerp_mode": "catmullrom"
						},
						"0.4792": {
							"post": [-40, 0, 0],
							"lerp_mode": "catmullrom"
						},
						"0.6458": {
							"post": [-40, 0, 0],
							"lerp_mode": "catmullrom"
						},
						"0.75": {
							"post": [-41.38, 0, 0],
							"lerp_mode": "catmullrom"
						},
						"0.875": {
							"post": [-35, 0, 0],
							"lerp_mode": "catmullrom"
						},
						"1.0": {
							"post": [-16.61436, 4.86483, 1.15613],
							"lerp_mode": "catmullrom"
						},
						"1.1458": {
							"post": [-17.5, 0, 0],
							"lerp_mode": "catmullrom"
						}
					}
				},
				"b5": {
					"rotation": {
						"0.0": {
							"post": [-60, 0, 0],
							"lerp_mode": "catmullrom"
						},
						"0.3125": {
							"post": [-82.90556, -12.66574, 13.48151],
							"lerp_mode": "catmullrom"
						},
						"0.4792": {
							"post": [-85, 0, 0],
							"lerp_mode": "catmullrom"
						},
						"0.6458": {
							"post": [-60, 0, 0],
							"lerp_mode": "catmullrom"
						},
						"0.75": {
							"post": [-61.27, 0, 0],
							"lerp_mode": "catmullrom"
						},
						"0.875": {
							"post": [-60, 0, 0],
							"lerp_mode": "catmullrom"
						},
						"1.0": {
							"post": [-41.53, 0, 0],
							"lerp_mode": "catmullrom"
						},
						"1.1458": {
							"post": [-52.5, 0, 0],
							"lerp_mode": "catmullrom"
						}
					}
				},
				"b6": {
					"rotation": {
						"0.0": {
							"post": [-70, 0, 0],
							"lerp_mode": "catmullrom"
						},
						"0.3125": {
							"post": [-82.5, 0, 0],
							"lerp_mode": "catmullrom"
						},
						"0.4792": {
							"post": [-92.5, 0, 0],
							"lerp_mode": "catmullrom"
						},
						"0.6458": {
							"post": [-70, 0, 0],
							"lerp_mode": "catmullrom"
						},
						"0.75": {
							"post": [-73.59, 0, 0],
							"lerp_mode": "catmullrom"
						},
						"0.875": {
							"post": [-72.5, 0, 0],
							"lerp_mode": "catmullrom"
						},
						"1.0": {
							"post": [-54.28, 0, 0],
							"lerp_mode": "catmullrom"
						},
						"1.1458": {
							"post": [-60, 0, 0],
							"lerp_mode": "catmullrom"
						}
					}
				},
				"b7": {
					"rotation": {
						"0.0": {
							"post": [155, 0, 0],
							"lerp_mode": "catmullrom"
						},
						"0.3125": {
							"post": [155, 0, 0],
							"lerp_mode": "catmullrom"
						},
						"0.4792": {
							"post": [135, 0, 0],
							"lerp_mode": "catmullrom"
						},
						"0.6458": {
							"post": [155, 0, 0],
							"lerp_mode": "catmullrom"
						},
						"0.75": {
							"post": [155, 0, 0],
							"lerp_mode": "catmullrom"
						},
						"0.875": {
							"post": [145, 0, 0],
							"lerp_mode": "catmullrom"
						},
						"1.0": {
							"post": [154.98, 0, 0],
							"lerp_mode": "catmullrom"
						},
						"1.1458": {
							"post": [157.5, 0, 0],
							"lerp_mode": "catmullrom"
						}
					}
				},
				"b8": {
					"rotation": {
						"0.0": {
							"post": [60, 0, 0],
							"lerp_mode": "catmullrom"
						},
						"0.3125": {
							"post": [60, 0, 0],
							"lerp_mode": "catmullrom"
						},
						"0.4792": {
							"post": [30, 0, 0],
							"lerp_mode": "catmullrom"
						},
						"0.6458": {
							"post": [50, 0, 0],
							"lerp_mode": "catmullrom"
						},
						"0.875": {
							"post": [50, 0, 0],
							"lerp_mode": "catmullrom"
						},
						"1.1458": {
							"post": [67.5, 0, 0],
							"lerp_mode": "catmullrom"
						}
					}
				},
				"b9": {
					"rotation": {
						"0.0": {
							"post": [70, 0, 0],
							"lerp_mode": "catmullrom"
						},
						"0.3125": {
							"post": [70, 0, 0],
							"lerp_mode": "catmullrom"
						},
						"0.4792": {
							"post": [20, 0, 0],
							"lerp_mode": "catmullrom"
						},
						"0.6458": {
							"post": [60, 0, 0],
							"lerp_mode": "catmullrom"
						},
						"0.875": {
							"post": [60, 0, 0],
							"lerp_mode": "catmullrom"
						},
						"1.1458": {
							"post": [85, 0, 0],
							"lerp_mode": "catmullrom"
						}
					}
				},
				"b10": {
					"rotation": {
						"0.0": {
							"post": [42.5, 0, 0],
							"lerp_mode": "catmullrom"
						},
						"0.3125": {
							"post": [42.5, 0, 0],
							"lerp_mode": "catmullrom"
						},
						"0.4792": {
							"post": [-2.5, 0, 0],
							"lerp_mode": "catmullrom"
						},
						"0.6458": {
							"post": [42.5, 0, 0],
							"lerp_mode": "catmullrom"
						},
						"0.75": {
							"post": [62.5, 0, 0],
							"lerp_mode": "catmullrom"
						},
						"0.875": {
							"post": [82.5, 0, 0],
							"lerp_mode": "catmullrom"
						},
						"1.0": {
							"post": [61.58, 0, 0],
							"lerp_mode": "catmullrom"
						},
						"1.1458": {
							"post": [55, 0, 0],
							"lerp_mode": "catmullrom"
						}
					}
				},
				"b11": {
					"rotation": {
						"0.0": {
							"post": [77.5, 0, 0],
							"lerp_mode": "catmullrom"
						},
						"0.3125": {
							"post": [77.5, 0, 0],
							"lerp_mode": "catmullrom"
						},
						"0.4792": {
							"post": [60, 0, 0],
							"lerp_mode": "catmullrom"
						},
						"0.6458": {
							"post": [72.5, 0, 0],
							"lerp_mode": "catmullrom"
						},
						"0.75": {
							"post": [107.5, 0, 0],
							"lerp_mode": "catmullrom"
						},
						"0.875": {
							"post": [102.5, 0, 0],
							"lerp_mode": "catmullrom"
						},
						"1.1458": {
							"post": [65, 0, 0],
							"lerp_mode": "catmullrom"
						}
					}
				},
				"b12": {
					"rotation": {
						"0.0": {
							"post": [55, 0, 0],
							"lerp_mode": "catmullrom"
						},
						"0.3125": {
							"post": [55, 0, 0],
							"lerp_mode": "catmullrom"
						},
						"0.4792": {
							"post": [47.5, 0, 0],
							"lerp_mode": "catmullrom"
						},
						"0.6458": {
							"post": [75, 0, 0],
							"lerp_mode": "catmullrom"
						},
						"0.75": {
							"post": [75, 0, 0],
							"lerp_mode": "catmullrom"
						},
						"0.875": {
							"post": [5, 0, 0],
							"lerp_mode": "catmullrom"
						},
						"1.0": {
							"post": [52.75, 0, 0],
							"lerp_mode": "catmullrom"
						},
						"1.1458": {
							"post": [45, 0, 0],
							"lerp_mode": "catmullrom"
						}
					}
				},
				"b13": {
					"rotation": {
						"0.0": {
							"post": [55, 0, 0],
							"lerp_mode": "catmullrom"
						},
						"0.3125": {
							"post": [55, 0, 0],
							"lerp_mode": "catmullrom"
						},
						"0.4792": {
							"post": [55, 0, 0],
							"lerp_mode": "catmullrom"
						},
						"0.6458": {
							"post": [55, 0, 0],
							"lerp_mode": "catmullrom"
						},
						"0.75": {
							"post": [31.52397, 16.1299, -6.88003],
							"lerp_mode": "catmullrom"
						},
						"0.875": {
							"post": [32.5, 0, 0],
							"lerp_mode": "catmullrom"
						},
						"1.1458": {
							"post": [32.5, 0, 0],
							"lerp_mode": "catmullrom"
						}
					}
				},
				"a": {
					"rotation": {
						"0.0": {
							"post": [82.5, 0, 0],
							"lerp_mode": "catmullrom"
						},
						"0.25": {
							"post": [55, 0, 0],
							"lerp_mode": "catmullrom"
						},
						"0.3333": {
							"post": [34.13554, 16.76559, 11.06517],
							"lerp_mode": "catmullrom"
						},
						"0.4583": {
							"post": [-30.86446, 16.76559, 11.06517],
							"lerp_mode": "catmullrom"
						},
						"0.5417": {
							"post": [-80.86446, 16.76559, 11.06517],
							"lerp_mode": "catmullrom"
						},
						"0.9583": {
							"post": [-36.24519, 27.04585, 3.38466],
							"lerp_mode": "catmullrom"
						},
						"1.125": {
							"post": [25.32369, 47.9729, 13.9749],
							"lerp_mode": "catmullrom"
						},
						"1.2708": {
							"post": [78.72343, 29.08426, 34.26554],
							"lerp_mode": "catmullrom"
						},
						"1.4583": {
							"post": [99.20132, 29.74912, 74.64835],
							"lerp_mode": "catmullrom"
						}
					}
				}
			},
			"sound_effects": {
				"0.0625": {
					"effect": "hamster:sw_mk2/sw_mk2_whip"
				},
				"1.9583": {
					"effect": "hamster:sw_mk2/sw_mk2_draw"
				}
			}
		}
	}
}