{
	"credit": "Made with Blockbench",
	"texture_size": [64, 64],
	"textures": {
		"1": "./ottoman_kablak",
		"particle": "./ottoman_kablak"
	},
	"elements": [
		{
			"from": [0.75, 13.6279, 0.75],
			"to": [15.25, 16.6279, 15.25],
			"rotation": {"angle": 0, "axis": "y", "origin": [23.99908, 8.95, 7.7788]},
			"faces": {
				"north": {"uv": [7.75, 7.25, 11.5, 8], "texture": "#1"},
				"east": {"uv": [0, 8, 3.75, 8.75], "texture": "#1"},
				"south": {"uv": [7.75, 8, 11.5, 8.75], "texture": "#1"},
				"west": {"uv": [0, 8.75, 3.75, 9.5], "texture": "#1"},
				"up": {"uv": [7.75, 3.75, 4, 0], "texture": "#1"},
				"down": {"uv": [7.75, 3.75, 4, 7.5], "texture": "#1"}
			}
		},
		{
			"from": [0.75, 6.7279, 7.75],
			"to": [15.25, 9.9779, 16.25],
			"rotation": {"angle": 22.5, "axis": "x", "origin": [8, 7.6279, 12.5]},
			"faces": {
				"north": {"uv": [7.75, 8.75, 11.5, 9.5], "texture": "#1"},
				"east": {"uv": [7.75, 9.5, 10, 10.25], "texture": "#1"},
				"south": {"uv": [0, 9.5, 3.75, 10.25], "texture": "#1"},
				"west": {"uv": [3.75, 9.75, 6, 10.5], "texture": "#1"},
				"up": {"uv": [7.75, 9.75, 4, 7.5], "texture": "#1"},
				"down": {"uv": [11.5, 0, 7.75, 2.25], "texture": "#1"}
			}
		},
		{
			"from": [0.25, 8.6279, 0.25],
			"to": [15.75, 13.6279, 15.75],
			"rotation": {"angle": 0, "axis": "y", "origin": [23.99908, 8.95, 7.7788]},
			"faces": {
				"north": {"uv": [7.75, 2.25, 11.75, 3.5], "texture": "#1"},
				"east": {"uv": [7.75, 3.5, 11.75, 4.75], "texture": "#1"},
				"south": {"uv": [7.75, 4.75, 11.75, 6], "texture": "#1"},
				"west": {"uv": [7.75, 6, 11.75, 7.25], "texture": "#1"},
				"up": {"uv": [4, 4, 0, 0], "texture": "#1"},
				"down": {"uv": [4, 4, 0, 8], "texture": "#1"}
			}
		},
		{
			"from": [0.5, 3.6, 2.25],
			"to": [1.5, 8.6, 7.25],
			"rotation": {"angle": 0, "axis": "x", "origin": [8, 3.76667, 4.25]},
			"faces": {
				"north": {"uv": [3.75, 8, 4, 9.25], "texture": "#1"},
				"east": {"uv": [6, 9.75, 7.25, 11], "texture": "#1"},
				"south": {"uv": [7.25, 9.75, 7.5, 11], "texture": "#1"},
				"west": {"uv": [10, 9.5, 11.25, 10.75], "texture": "#1"},
				"down": {"uv": [7.75, 9.75, 7.5, 11], "texture": "#1"}
			}
		},
		{
			"from": [0.5, 2.6, 2.25],
			"to": [1.5, 3.6, 6.25],
			"rotation": {"angle": 0, "axis": "x", "origin": [8, 3.76667, 4.25]},
			"faces": {
				"north": {"uv": [3.75, 9.25, 4, 9.5], "texture": "#1"},
				"east": {"uv": [7.75, 10.25, 8.75, 10.5], "texture": "#1"},
				"south": {"uv": [3.75, 9.5, 4, 9.75], "texture": "#1"},
				"west": {"uv": [8.75, 10.25, 9.75, 10.5], "texture": "#1"},
				"down": {"uv": [3.5, 10.25, 3.25, 11.25], "texture": "#1"}
			}
		},
		{
			"from": [0.5, 1.6, 2.25],
			"to": [1.5, 2.6, 5.25],
			"rotation": {"angle": 0, "axis": "x", "origin": [8, 3.76667, 4.25]},
			"faces": {
				"north": {"uv": [3.5, 10.25, 3.75, 10.5], "texture": "#1"},
				"east": {"uv": [7.75, 10.5, 8.5, 10.75], "texture": "#1"},
				"south": {"uv": [9.25, 10.5, 9.5, 10.75], "texture": "#1"},
				"west": {"uv": [8.5, 10.5, 9.25, 10.75], "texture": "#1"},
				"down": {"uv": [5.75, 10.5, 5.5, 11.25], "texture": "#1"}
			}
		},
		{
			"from": [14.5, 3.6, 2.25],
			"to": [15.5, 8.6, 7.25],
			"rotation": {"angle": 0, "axis": "x", "origin": [8, 3.76667, 4.25]},
			"faces": {
				"north": {"uv": [2.5, 10.25, 2.75, 11.5], "texture": "#1"},
				"east": {"uv": [0, 10.25, 1.25, 11.5], "texture": "#1"},
				"south": {"uv": [2.75, 10.25, 3, 11.5], "texture": "#1"},
				"west": {"uv": [1.25, 10.25, 2.5, 11.5], "texture": "#1"},
				"down": {"uv": [3.25, 10.25, 3, 11.5], "texture": "#1"}
			}
		},
		{
			"from": [14.5, 2.6, 2.25],
			"to": [15.5, 3.6, 6.25],
			"rotation": {"angle": 0, "axis": "x", "origin": [8, 3.76667, 4.25]},
			"faces": {
				"north": {"uv": [5.25, 10.75, 5.5, 11], "texture": "#1"},
				"east": {"uv": [3.5, 10.5, 4.5, 10.75], "texture": "#1"},
				"south": {"uv": [7.75, 10.75, 8, 11], "texture": "#1"},
				"west": {"uv": [4.5, 10.5, 5.5, 10.75], "texture": "#1"},
				"down": {"uv": [10, 10.25, 9.75, 11.25], "texture": "#1"}
			}
		},
		{
			"from": [14.5, 1.6, 2.25],
			"to": [15.5, 2.6, 5.25],
			"rotation": {"angle": 0, "axis": "x", "origin": [8, 3.76667, 4.25]},
			"faces": {
				"north": {"uv": [9.5, 10.5, 9.75, 10.75], "texture": "#1"},
				"east": {"uv": [3.5, 10.75, 4.25, 11], "texture": "#1"},
				"south": {"uv": [5, 10.75, 5.25, 11], "texture": "#1"},
				"west": {"uv": [4.25, 10.75, 5, 11], "texture": "#1"},
				"down": {"uv": [6, 10.5, 5.75, 11.25], "texture": "#1"}
			}
		}
	],
	"gui_light": "front",
	"overrides": [
		{
			"predicate": {
				"pulling": 1
			},
			"model": "item/bow_pulling_0"
		},
		{
			"predicate": {
				"pulling": 1,
				"pull": 0.3
			},
			"model": "item/bow_pulling_1"
		},
		{
			"predicate": {
				"pulling": 1,
				"pull": 0.3
			},
			"model": "item/bow_pulling_2"
		}
	],
	"display": {
		"thirdperson_righthand": {
			"rotation": [0, 42, 0],
			"translation": [0, 0, 1],
			"scale": [0.3, 0.3, 0.3]
		},
		"thirdperson_lefthand": {
			"rotation": [74, 0, 0],
			"translation": [-3.5, 0.75, 13.75],
			"scale": [0.3, 0.3, 0.3]
		},
		"firstperson_righthand": {
			"rotation": [0, 111, 0],
			"translation": [0, 0.25, -0.25],
			"scale": [0.4, 0.4, 0.4]
		},
		"firstperson_lefthand": {
			"rotation": [-7, 124, -15],
			"translation": [0.25, 3.25, 0],
			"scale": [0.4, 0.4, 0.4]
		},
		"ground": {
			"translation": [0, 1.25, 0],
			"scale": [0.4, 0.4, 0.4]
		},
		"gui": {
			"rotation": [0, -180, 0],
			"translation": [0, -2, 0],
			"scale": [0.7, 0.7, 1]
		},
		"head": {
			"translation": [0, -1.25, 0]
		},
		"fixed": {
			"translation": [0, -1.5, 0.5],
			"scale": [0.7, 0.7, 0.7]
		}
	}
}