{
	"credit": "Made with Blockbench",
	"parent": "item/handheld",
	"textures": {
		"layer0": "./iron_greatsword"
	},
	"display": {
		"thirdperson_righthand": {
			"rotation": [0, -90, 55],
			"translation": [0, 5.5, 0],
			"scale": [1.7, 1.7, 0.85]
		},
		"thirdperson_lefthand": {
			"rotation": [-98, -105, 25],
			"translation": [-1.25, -6.2, 1],
			"scale": [1.7, 1.7, 0.85]
		},
		"firstperson_righthand": {
			"rotation": [-4, -90, 25],
			"translation": [1.13, 4.7, 1.13],
			"scale": [1.3, 1.3, 0.68]
		},
		"firstperson_lefthand": {
			"rotation": [160, 71, -48],
			"translation": [-0.25, -3, 0.75],
			"scale": [1.3, 1.2, 0.7]
		},
		"ground": {
			"rotation": [0, 0, 45],
			"translation": [0, 10, 0],
			"scale": [1.2, 1.2, 0.7]
		},
		"gui": {
			"scale": [1.2, 1.2, 1]
		},
		"fixed": {
			"rotation": [0, 0, 90],
			"scale": [1.4, 1.4, 1]
		}
	}
}