{
	"format_version": "1.12.0",
	"minecraft:geometry": [
		{
			"description": {
				"identifier": "geometry.unknown",
				"texture_width": 32,
				"texture_height": 32,
				"visible_bounds_width": 3,
				"visible_bounds_height": 2.5,
				"visible_bounds_offset": [0, 0.75, 0]
			},
			"bones": [
				{
					"name": "bayonet",
					"pivot": [-0.00729, 0.03862, -0.04538],
					"cubes": [
						{
							"origin": [-0.3125, -1.5, -0.125],
							"size": [0.625, 0.25, 7.625],
							"inflate": 0.001,
							"uv": {
								"north": {"uv": [20, 1], "uv_size": [0.5, 0.5]},
								"east": {"uv": [4, 8], "uv_size": [7.5, 0.5]},
								"south": {"uv": [20, 3], "uv_size": [0.5, 0.5]},
								"west": {"uv": [8, 4], "uv_size": [7.5, 0.5]},
								"up": {"uv": [4, 9], "uv_size": [0.5, 7.5]},
								"down": {"uv": [5, 16.5], "uv_size": [0.5, -7.5]}
							}
						},
						{
							"origin": [-0.51466, -0.625, -0.125],
							"size": [1.02933, 0.24048, 4.75],
							"inflate": 0.001,
							"uv": {
								"north": {"uv": [19, 1], "uv_size": [1, 0.5]},
								"east": {"uv": [16, 4], "uv_size": [5, 0.5]},
								"south": {"uv": [19, 9], "uv_size": [1, 0.5]},
								"west": {"uv": [16, 5], "uv_size": [5, 0.5]},
								"up": {"uv": [0, 8], "uv_size": [1, 5]},
								"down": {"uv": [1, 13], "uv_size": [1, -5]}
							}
						},
						{
							"origin": [0.17835, -1.42613, -0.125],
							"size": [0.35355, 0.1875, 7.625],
							"inflate": 0.001,
							"pivot": [0.3346, -1.30113, 5.8125],
							"rotation": [0, 0, -45],
							"uv": {
								"north": {"uv": [20, 9], "uv_size": [0.5, 0.5]},
								"east": {"uv": [8, 5], "uv_size": [7.5, 0.5]},
								"south": {"uv": [10, 20], "uv_size": [0.5, 0.5]},
								"west": {"uv": [8, 6], "uv_size": [7.5, 0.5]},
								"up": {"uv": [6, 9], "uv_size": [0.5, 7.5]},
								"down": {"uv": [7, 16.5], "uv_size": [0.5, -7.5]}
							}
						},
						{
							"origin": [-0.5319, -1.42613, -0.125],
							"size": [0.35355, 0.1875, 7.625],
							"inflate": 0.001,
							"pivot": [-0.3346, -1.30113, 5.8125],
							"rotation": [0, 0, 45],
							"uv": {
								"north": {"uv": [20, 10], "uv_size": [0.5, 0.5]},
								"east": {"uv": [8, 7], "uv_size": [7.5, 0.5]},
								"south": {"uv": [11, 20], "uv_size": [0.5, 0.5]},
								"west": {"uv": [9, 0], "uv_size": [7.5, 0.5]},
								"up": {"uv": [8, 9], "uv_size": [0.5, 7.5]},
								"down": {"uv": [9, 16.5], "uv_size": [0.5, -7.5]}
							}
						},
						{
							"origin": [0.3125, -1.25, -0.125],
							"size": [0.25, 0.75, 7.625],
							"inflate": 0.001,
							"uv": {
								"north": {"uv": [10, 19], "uv_size": [0.5, 1]},
								"east": {"uv": [0, 4], "uv_size": [7.5, 1]},
								"south": {"uv": [19, 10], "uv_size": [0.5, 1]},
								"west": {"uv": [0, 5], "uv_size": [7.5, 1]},
								"up": {"uv": [10, 9], "uv_size": [0.5, 7.5]},
								"down": {"uv": [11, 16.5], "uv_size": [0.5, -7.5]}
							}
						},
						{
							"origin": [0.3125, -1.25, 7.5],
							"size": [0.25, 0.375, 0.3125],
							"inflate": 0.001,
							"uv": {
								"north": {"uv": [20, 11], "uv_size": [0.5, 0.5]},
								"east": {"uv": [20, 12], "uv_size": [0.5, 0.5]},
								"south": {"uv": [13, 20], "uv_size": [0.5, 0.5]},
								"west": {"uv": [20, 13], "uv_size": [0.5, 0.5]},
								"up": {"uv": [14, 20], "uv_size": [0.5, 0.5]},
								"down": {"uv": [20, 14.5], "uv_size": [0.5, -0.5]}
							}
						},
						{
							"origin": [0.3125, -1.0404, 7.47568],
							"size": [0.25, 0.5, 0.25],
							"inflate": 0.001,
							"pivot": [0.4375, -0.8529, 7.56943],
							"rotation": [45, 0, 0],
							"uv": {
								"north": {"uv": [15, 20], "uv_size": [0.5, 0.5]},
								"east": {"uv": [20, 15], "uv_size": [0.5, 0.5]},
								"south": {"uv": [16, 20], "uv_size": [0.5, 0.5]},
								"west": {"uv": [20, 16], "uv_size": [0.5, 0.5]},
								"up": {"uv": [17, 20], "uv_size": [0.5, 0.5]},
								"down": {"uv": [20, 17.5], "uv_size": [0.5, -0.5]}
							}
						},
						{
							"origin": [-0.3125, -1.5, 7.5],
							"size": [0.625, 0.25, 0.3125],
							"inflate": 0.001,
							"uv": {
								"north": {"uv": [18, 20], "uv_size": [0.5, 0.5]},
								"east": {"uv": [20, 18], "uv_size": [0.5, 0.5]},
								"south": {"uv": [19, 20], "uv_size": [0.5, 0.5]},
								"west": {"uv": [20, 19], "uv_size": [0.5, 0.5]},
								"up": {"uv": [20, 20], "uv_size": [0.5, 0.5]},
								"down": {"uv": [0, 21.5], "uv_size": [0.5, -0.5]}
							}
						},
						{
							"origin": [-0.3125, -1.75, 7.5],
							"size": [0.625, 0.25, 0.3125],
							"inflate": 0.001,
							"uv": {
								"north": {"uv": [21, 0], "uv_size": [0.5, 0.5]},
								"east": {"uv": [1, 21], "uv_size": [0.5, 0.5]},
								"south": {"uv": [21, 1], "uv_size": [0.5, 0.5]},
								"west": {"uv": [2, 21], "uv_size": [0.5, 0.5]},
								"up": {"uv": [21, 2], "uv_size": [0.5, 0.5]},
								"down": {"uv": [3, 21.5], "uv_size": [0.5, -0.5]}
							}
						},
						{
							"origin": [-0.3125, -1.65189, 6.88174],
							"size": [0.625, 0.25, 0.6875],
							"inflate": 0.001,
							"pivot": [0, -1.52689, 7.28799],
							"rotation": [-22.5, 0, 0],
							"uv": {
								"north": {"uv": [21, 3], "uv_size": [0.5, 0.5]},
								"east": {"uv": [4, 21], "uv_size": [0.5, 0.5]},
								"south": {"uv": [21, 4], "uv_size": [0.5, 0.5]},
								"west": {"uv": [5, 21], "uv_size": [0.5, 0.5]},
								"up": {"uv": [21, 5], "uv_size": [0.5, 0.5]},
								"down": {"uv": [6, 21.5], "uv_size": [0.5, -0.5]}
							}
						},
						{
							"origin": [-0.3125, -1.65189, 5.05576],
							"size": [0.625, 0.25, 0.6875],
							"inflate": 0.001,
							"pivot": [0, -1.52689, 5.33701],
							"rotation": [22.5, 0, 0],
							"uv": {
								"north": {"uv": [21, 6], "uv_size": [0.5, 0.5]},
								"east": {"uv": [7, 21], "uv_size": [0.5, 0.5]},
								"south": {"uv": [21, 7], "uv_size": [0.5, 0.5]},
								"west": {"uv": [8, 21], "uv_size": [0.5, 0.5]},
								"up": {"uv": [21, 8], "uv_size": [0.5, 0.5]},
								"down": {"uv": [9, 21.5], "uv_size": [0.5, -0.5]}
							}
						},
						{
							"origin": [-0.3125, -1.83939, -0.00674],
							"size": [0.625, 0.5, 0.5625],
							"inflate": 0.001,
							"pivot": [0, -1.71439, 0.33701],
							"rotation": [22.5, 0, 0],
							"uv": {
								"north": {"uv": [21, 9], "uv_size": [0.5, 0.5]},
								"east": {"uv": [10, 21], "uv_size": [0.5, 0.5]},
								"south": {"uv": [21, 10], "uv_size": [0.5, 0.5]},
								"west": {"uv": [11, 21], "uv_size": [0.5, 0.5]},
								"up": {"uv": [21, 11], "uv_size": [0.5, 0.5]},
								"down": {"uv": [12, 21.5], "uv_size": [0.5, -0.5]}
							}
						},
						{
							"origin": [-0.3125, -1.75, 0.375],
							"size": [0.625, 0.25, 4.75],
							"inflate": 0.001,
							"uv": {
								"north": {"uv": [21, 12], "uv_size": [0.5, 0.5]},
								"east": {"uv": [16, 6], "uv_size": [5, 0.5]},
								"south": {"uv": [13, 21], "uv_size": [0.5, 0.5]},
								"west": {"uv": [16, 7], "uv_size": [5, 0.5]},
								"up": {"uv": [16, 9], "uv_size": [0.5, 5]},
								"down": {"uv": [12, 21], "uv_size": [0.5, -5]}
							}
						},
						{
							"origin": [0.17835, -1.42613, 7.5],
							"size": [0.35355, 0.1875, 0.3125],
							"inflate": 0.001,
							"pivot": [0.3346, -1.30113, 8.5],
							"rotation": [0, 0, -45],
							"uv": {
								"north": {"uv": [21, 13], "uv_size": [0.5, 0.5]},
								"east": {"uv": [14, 21], "uv_size": [0.5, 0.5]},
								"south": {"uv": [21, 14], "uv_size": [0.5, 0.5]},
								"west": {"uv": [15, 21], "uv_size": [0.5, 0.5]},
								"up": {"uv": [21, 15], "uv_size": [0.5, 0.5]},
								"down": {"uv": [16, 21.5], "uv_size": [0.5, -0.5]}
							}
						},
						{
							"origin": [-0.5625, -1.0404, 7.47568],
							"size": [0.25, 0.5, 0.25],
							"inflate": 0.001,
							"pivot": [-0.4375, -0.8529, 7.56943],
							"rotation": [45, 0, 0],
							"uv": {
								"north": {"uv": [21, 16], "uv_size": [0.5, 0.5]},
								"east": {"uv": [17, 21], "uv_size": [0.5, 0.5]},
								"south": {"uv": [21, 17], "uv_size": [0.5, 0.5]},
								"west": {"uv": [18, 21], "uv_size": [0.5, 0.5]},
								"up": {"uv": [21, 18], "uv_size": [0.5, 0.5]},
								"down": {"uv": [19, 21.5], "uv_size": [0.5, -0.5]}
							}
						},
						{
							"origin": [-0.5625, -1.25, 7.5],
							"size": [0.25, 0.375, 0.3125],
							"inflate": 0.001,
							"uv": {
								"north": {"uv": [21, 19], "uv_size": [0.5, 0.5]},
								"east": {"uv": [20, 21], "uv_size": [0.5, 0.5]},
								"south": {"uv": [21, 20], "uv_size": [0.5, 0.5]},
								"west": {"uv": [21, 21], "uv_size": [0.5, 0.5]},
								"up": {"uv": [0, 22], "uv_size": [0.5, 0.5]},
								"down": {"uv": [22, 0.5], "uv_size": [0.5, -0.5]}
							}
						},
						{
							"origin": [-0.5319, -1.42613, 7.5],
							"size": [0.35355, 0.1875, 0.3125],
							"inflate": 0.001,
							"pivot": [-0.3346, -1.30113, 8.5],
							"rotation": [0, 0, 45],
							"uv": {
								"north": {"uv": [1, 22], "uv_size": [0.5, 0.5]},
								"east": {"uv": [22, 1], "uv_size": [0.5, 0.5]},
								"south": {"uv": [2, 22], "uv_size": [0.5, 0.5]},
								"west": {"uv": [22, 2], "uv_size": [0.5, 0.5]},
								"up": {"uv": [3, 22], "uv_size": [0.5, 0.5]},
								"down": {"uv": [22, 3.5], "uv_size": [0.5, -0.5]}
							}
						},
						{
							"origin": [0.2981, -0.55259, -0.125],
							"size": [0.25, 0.125, 7.625],
							"inflate": 0.001,
							"pivot": [0.4231, -0.49009, 6.15625],
							"rotation": [0, 0, -22.5],
							"uv": {
								"north": {"uv": [4, 22], "uv_size": [0.5, 0.5]},
								"east": {"uv": [9, 1], "uv_size": [7.5, 0.5]},
								"south": {"uv": [22, 4], "uv_size": [0.5, 0.5]},
								"west": {"uv": [9, 2], "uv_size": [7.5, 0.5]},
								"up": {"uv": [12, 8], "uv_size": [0.5, 7.5]},
								"down": {"uv": [0, 20.5], "uv_size": [0.5, -7.5]}
							}
						},
						{
							"origin": [-0.5481, -0.55259, -0.125],
							"size": [0.25, 0.125, 7.625],
							"inflate": 0.001,
							"pivot": [-0.4231, -0.49009, 6.15625],
							"rotation": [0, 0, 22.5],
							"uv": {
								"north": {"uv": [5, 22], "uv_size": [0.5, 0.5]},
								"east": {"uv": [9, 3], "uv_size": [7.5, 0.5]},
								"south": {"uv": [22, 5], "uv_size": [0.5, 0.5]},
								"west": {"uv": [13, 8], "uv_size": [7.5, 0.5]},
								"up": {"uv": [1, 13], "uv_size": [0.5, 7.5]},
								"down": {"uv": [13, 16.5], "uv_size": [0.5, -7.5]}
							}
						},
						{
							"origin": [0.125, -0.875, 4.8125],
							"size": [0.1875, 0.25, 2.6875],
							"inflate": 0.001,
							"uv": {
								"north": {"uv": [6, 22], "uv_size": [0.5, 0.5]},
								"east": {"uv": [17, 3], "uv_size": [2.5, 0.5]},
								"south": {"uv": [22, 6], "uv_size": [0.5, 0.5]},
								"west": {"uv": [8, 17], "uv_size": [2.5, 0.5]},
								"up": {"uv": [17, 9], "uv_size": [0.5, 2.5]},
								"down": {"uv": [11, 19.5], "uv_size": [0.5, -2.5]}
							}
						},
						{
							"origin": [-0.3125, -0.875, 4.8125],
							"size": [0.1875, 0.25, 2.6875],
							"inflate": 0.001,
							"uv": {
								"north": {"uv": [7, 22], "uv_size": [0.5, 0.5]},
								"east": {"uv": [17, 12], "uv_size": [2.5, 0.5]},
								"south": {"uv": [22, 7], "uv_size": [0.5, 0.5]},
								"west": {"uv": [13, 17], "uv_size": [2.5, 0.5]},
								"up": {"uv": [2, 18], "uv_size": [0.5, 2.5]},
								"down": {"uv": [3, 20.5], "uv_size": [0.5, -2.5]}
							}
						},
						{
							"origin": [-0.5625, -1.25, -0.125],
							"size": [0.25, 0.75, 7.625],
							"inflate": 0.001,
							"uv": {
								"north": {"uv": [19, 14], "uv_size": [0.5, 1]},
								"east": {"uv": [0, 6], "uv_size": [7.5, 1]},
								"south": {"uv": [15, 19], "uv_size": [0.5, 1]},
								"west": {"uv": [0, 7], "uv_size": [7.5, 1]},
								"up": {"uv": [14, 9], "uv_size": [0.5, 7.5]},
								"down": {"uv": [15, 16.5], "uv_size": [0.5, -7.5]}
							}
						},
						{
							"origin": [-0.625, -2, -0.125],
							"size": [1.25, 1.625, 0.1875],
							"inflate": 0.005,
							"uv": {
								"north": {"uv": [16, 14], "uv_size": [1.5, 1.5]},
								"east": {"uv": [14, 18], "uv_size": [0.5, 1.5]},
								"south": {"uv": [16, 16], "uv_size": [1.5, 1.5]},
								"west": {"uv": [18, 14], "uv_size": [0.5, 1.5]},
								"up": {"uv": [18, 11], "uv_size": [1.5, 0.5]},
								"down": {"uv": [15, 18.5], "uv_size": [1.5, -0.5]}
							}
						},
						{
							"origin": [-0.25, 0.375, -0.125],
							"size": [0.4375, 0.0625, 0.1875],
							"inflate": 0.001,
							"uv": {
								"north": {"uv": [8, 22], "uv_size": [0.5, 0.5]},
								"east": {"uv": [22, 8], "uv_size": [0.5, 0.5]},
								"south": {"uv": [9, 22], "uv_size": [0.5, 0.5]},
								"west": {"uv": [22, 9], "uv_size": [0.5, 0.5]},
								"up": {"uv": [10, 22], "uv_size": [0.5, 0.5]},
								"down": {"uv": [22, 10.5], "uv_size": [0.5, -0.5]}
							}
						},
						{
							"origin": [0.15847, -0.03347, -0.125],
							"size": [0.4375, 0.0625, 0.1875],
							"inflate": 0.001,
							"pivot": [0.37722, -0.00222, -0.03125],
							"rotation": [0, 0, -90],
							"uv": {
								"north": {"uv": [11, 22], "uv_size": [0.5, 0.5]},
								"east": {"uv": [22, 11], "uv_size": [0.5, 0.5]},
								"south": {"uv": [12, 22], "uv_size": [0.5, 0.5]},
								"west": {"uv": [22, 12], "uv_size": [0.5, 0.5]},
								"up": {"uv": [13, 22], "uv_size": [0.5, 0.5]},
								"down": {"uv": [22, 13.5], "uv_size": [0.5, -0.5]}
							}
						},
						{
							"origin": [0.10133, 0.22947, -0.125],
							"size": [0.3125, 0.0625, 0.1875],
							"inflate": 0.001,
							"pivot": [0.32008, 0.26072, -0.03125],
							"rotation": [0, 0, 45],
							"uv": {
								"north": {"uv": [14, 22], "uv_size": [0.5, 0.5]},
								"east": {"uv": [22, 14], "uv_size": [0.5, 0.5]},
								"south": {"uv": [15, 22], "uv_size": [0.5, 0.5]},
								"west": {"uv": [22, 15], "uv_size": [0.5, 0.5]},
								"up": {"uv": [16, 22], "uv_size": [0.5, 0.5]},
								"down": {"uv": [22, 16.5], "uv_size": [0.5, -0.5]}
							}
						},
						{
							"origin": [0.10133, -0.29642, -0.125],
							"size": [0.3125, 0.0625, 0.1875],
							"inflate": 0.001,
							"pivot": [0.32008, -0.26517, -0.03125],
							"rotation": [0, 0, -45],
							"uv": {
								"north": {"uv": [17, 22], "uv_size": [0.5, 0.5]},
								"east": {"uv": [22, 17], "uv_size": [0.5, 0.5]},
								"south": {"uv": [18, 22], "uv_size": [0.5, 0.5]},
								"west": {"uv": [22, 18], "uv_size": [0.5, 0.5]},
								"up": {"uv": [19, 22], "uv_size": [0.5, 0.5]},
								"down": {"uv": [22, 19.5], "uv_size": [0.5, -0.5]}
							}
						},
						{
							"origin": [-0.65847, -0.03347, -0.125],
							"size": [0.4375, 0.0625, 0.1875],
							"inflate": 0.001,
							"pivot": [-0.43972, -0.00222, -0.03125],
							"rotation": [0, 0, 90],
							"uv": {
								"north": {"uv": [20, 22], "uv_size": [0.5, 0.5]},
								"east": {"uv": [22, 20], "uv_size": [0.5, 0.5]},
								"south": {"uv": [21, 22], "uv_size": [0.5, 0.5]},
								"west": {"uv": [22, 21], "uv_size": [0.5, 0.5]},
								"up": {"uv": [22, 22], "uv_size": [0.5, 0.5]},
								"down": {"uv": [0, 23.5], "uv_size": [0.5, -0.5]}
							}
						},
						{
							"origin": [-0.47633, -0.29642, -0.125],
							"size": [0.3125, 0.0625, 0.1875],
							"inflate": 0.001,
							"pivot": [-0.38258, -0.26517, -0.03125],
							"rotation": [0, 0, 45],
							"uv": {
								"north": {"uv": [23, 0], "uv_size": [0.5, 0.5]},
								"east": {"uv": [1, 23], "uv_size": [0.5, 0.5]},
								"south": {"uv": [23, 1], "uv_size": [0.5, 0.5]},
								"west": {"uv": [2, 23], "uv_size": [0.5, 0.5]},
								"up": {"uv": [23, 2], "uv_size": [0.5, 0.5]},
								"down": {"uv": [3, 23.5], "uv_size": [0.5, -0.5]}
							}
						},
						{
							"origin": [-0.47633, 0.22947, -0.125],
							"size": [0.3125, 0.0625, 0.1875],
							"inflate": 0.001,
							"pivot": [-0.38258, 0.26072, -0.03125],
							"rotation": [0, 0, -45],
							"uv": {
								"north": {"uv": [23, 3], "uv_size": [0.5, 0.5]},
								"east": {"uv": [4, 23], "uv_size": [0.5, 0.5]},
								"south": {"uv": [23, 4], "uv_size": [0.5, 0.5]},
								"west": {"uv": [5, 23], "uv_size": [0.5, 0.5]},
								"up": {"uv": [23, 5], "uv_size": [0.5, 0.5]},
								"down": {"uv": [6, 23.5], "uv_size": [0.5, -0.5]}
							}
						}
					]
				},
				{
					"name": "bone8",
					"parent": "bayonet",
					"pivot": [0, -3.4375, 4.0625],
					"cubes": [
						{
							"origin": [-0.25, -1.875, -8.875],
							"size": [0.4375, 1.375, 8.75],
							"inflate": 0.001,
							"uv": {
								"north": {"uv": [18, 16], "uv_size": [0.5, 1.5]},
								"east": {"uv": [0, 0], "uv_size": [9, 1.5]},
								"south": {"uv": [17, 18], "uv_size": [0.5, 1.5]},
								"west": {"uv": [0, 2], "uv_size": [9, 1.5]},
								"up": {"uv": [2, 8], "uv_size": [0.5, 9]},
								"down": {"uv": [3, 17], "uv_size": [0.5, -9]}
							}
						},
						{
							"origin": [-0.25, -1.3125, -10.75],
							"size": [0.4375, 0.8125, 1.875],
							"inflate": 0.001,
							"uv": {
								"north": {"uv": [19, 15], "uv_size": [0.5, 1]},
								"east": {"uv": [17, 0], "uv_size": [2, 1]},
								"south": {"uv": [16, 19], "uv_size": [0.5, 1]},
								"west": {"uv": [17, 1], "uv_size": [2, 1]},
								"up": {"uv": [18, 9], "uv_size": [0.5, 2]},
								"down": {"uv": [13, 20], "uv_size": [0.5, -2]}
							}
						},
						{
							"origin": [-0.25, -1.16094, -13.0409],
							"size": [0.4375, 0.35654, 2.42307],
							"inflate": 0.001,
							"pivot": [-0.03125, -1.4919, -12.61783],
							"rotation": [9, 0, 0],
							"uv": {
								"north": {"uv": [23, 6], "uv_size": [0.5, 0.5]},
								"east": {"uv": [17, 13], "uv_size": [2.5, 0.5]},
								"south": {"uv": [7, 23], "uv_size": [0.5, 0.5]},
								"west": {"uv": [8, 18], "uv_size": [2.5, 0.5]},
								"up": {"uv": [4, 18], "uv_size": [0.5, 2.5]},
								"down": {"uv": [5, 20.5], "uv_size": [0.5, -2.5]}
							}
						},
						{
							"origin": [-0.25, -1.73518, -12.37885],
							"size": [0.4375, 0.5625, 3.5],
							"inflate": 0.001,
							"pivot": [-0.03125, -1.86018, -10.87885],
							"rotation": [-4, 0, 0],
							"uv": {
								"north": {"uv": [23, 7], "uv_size": [0.5, 0.5]},
								"east": {"uv": [2, 17], "uv_size": [3.5, 0.5]},
								"south": {"uv": [8, 23], "uv_size": [0.5, 0.5]},
								"west": {"uv": [17, 2], "uv_size": [3.5, 0.5]},
								"up": {"uv": [6, 17], "uv_size": [0.5, 3.5]},
								"down": {"uv": [7, 20.5], "uv_size": [0.5, -3.5]}
							}
						},
						{
							"origin": [-0.25, -1.23518, -12.19135],
							"size": [0.4375, 0.4375, 1.4375],
							"inflate": 0.001,
							"pivot": [-0.03125, -1.29768, -10.87885],
							"rotation": [-2, 0, 0],
							"uv": {
								"north": {"uv": [23, 8], "uv_size": [0.5, 0.5]},
								"east": {"uv": [18, 18], "uv_size": [1.5, 0.5]},
								"south": {"uv": [9, 23], "uv_size": [0.5, 0.5]},
								"west": {"uv": [19, 0], "uv_size": [1.5, 0.5]},
								"up": {"uv": [8, 19], "uv_size": [0.5, 1.5]},
								"down": {"uv": [9, 20.5], "uv_size": [0.5, -1.5]}
							}
						},
						{
							"origin": [-0.25, -1.11202, -12.92329],
							"size": [0.4375, 0.28907, 0.82435],
							"inflate": 0.001,
							"pivot": [-0.03125, -0.8542, -13.23579],
							"rotation": [-29, 0, 0],
							"uv": {
								"north": {"uv": [23, 9], "uv_size": [0.5, 0.5]},
								"east": {"uv": [19, 16], "uv_size": [1, 0.5]},
								"south": {"uv": [10, 23], "uv_size": [0.5, 0.5]},
								"west": {"uv": [19, 17], "uv_size": [1, 0.5]},
								"up": {"uv": [18, 19], "uv_size": [0.5, 1]},
								"down": {"uv": [19, 20], "uv_size": [0.5, -1]}
							}
						},
						{
							"origin": [-0.25, -0.8592, -12.40815],
							"size": [0.4375, 0.22657, 0.32435],
							"inflate": 0.001,
							"pivot": [-0.03125, -0.60138, -13.09565],
							"rotation": [-29, 0, 0],
							"uv": {
								"north": {"uv": [23, 10], "uv_size": [0.5, 0.5]},
								"east": {"uv": [11, 23], "uv_size": [0.5, 0.5]},
								"south": {"uv": [23, 11], "uv_size": [0.5, 0.5]},
								"west": {"uv": [12, 23], "uv_size": [0.5, 0.5]},
								"up": {"uv": [23, 12], "uv_size": [0.5, 0.5]},
								"down": {"uv": [13, 23.5], "uv_size": [0.5, -0.5]}
							}
						}
					]
				}
			]
		}
	]
}