{
"handmadevehicle2.fire_cannon2": {"category": "neutral","sounds": [{"name": "handmadevehicle2:fire_cannon2","stream": false}]},
"handmadevehicle2.fire_fire": {"category": "neutral","sounds": [{"name": "handmadevehicle2:fire_fire","stream": false}]},
"handmadevehicle2.fire_grenade": {"category": "neutral","sounds": [{"name": "handmadevehicle2:fire_grenade","stream": false}]},
"handmadevehicle2.fire_hg_heavy": {"category": "neutral","sounds": [{"name": "handmadevehicle2:fire_hg_heavy","stream": false}]},
"handmadevehicle2.fire_hg_light": {"category": "neutral","sounds": [{"name": "handmadevehicle2:fire_hg_light","stream": false}]},
"handmadevehicle2.fire_mg": {"category": "neutral","sounds": [{"name": "handmadevehicle2:fire_mg","stream": false}]},
"handmadevehicle2.fire_rifle_amr": {"category": "neutral","sounds": [{"name": "handmadevehicle2:fire_rifle_amr","stream": false}]},
"handmadevehicle2.fire_rifle_heavy": {"category": "neutral","sounds": [{"name": "handmadevehicle2:fire_rifle_heavy","stream": false}]},
"handmadevehicle2.fire_rifle_light": {"category": "neutral","sounds": [{"name": "handmadevehicle2:fire_rifle_light","stream": false}]},
"handmadevehicle2.fire_rocket": {"category": "neutral","sounds": [{"name": "handmadevehicle2:fire_rocket","stream": false}]},
"handmadevehicle2.fire_supu": {"category": "neutral","sounds": [{"name": "handmadevehicle2:fire_supu","stream": false}]},
"handmadevehicle2.reload_cannon": {"category": "neutral","sounds": [{"name": "handmadevehicle2:reload_cannon","stream": false}]},
"handmadevehicle2.reload_clip": {"category": "neutral","sounds": [{"name": "handmadevehicle2:reload_clip","stream": false}]},
"handmadevehicle2.reload_cocking": {"category": "neutral","sounds": [{"name": "handmadevehicle2:reload_cocking","stream": false}]},
"handmadevehicle2.reload_mag": {"category": "neutral","sounds": [{"name": "handmadevehicle2:reload_mag","stream": false}]},
"handmadevehicle2.reload_mg": {"category": "neutral","sounds": [{"name": "handmadevehicle2:reload_mg","stream": false}]},
"handmadevehicle2.sound_car": {"category": "neutral","sounds": [{"name": "handmadevehicle2:sound_car","stream": false}]},
"handmadevehicle2.sound_heli": {"category": "neutral","sounds": [{"name": "handmadevehicle2:sound_heli","stream": false}]},
"handmadevehicle2.sound_jet1": {"category": "neutral","sounds": [{"name": "handmadevehicle2:sound_jet1","stream": false}]},
"handmadevehicle2.sound_tank": {"category": "neutral","sounds": [{"name": "handmadevehicle2:sound_tank","stream": false}]},
"handmadevehicle2.throw_grenade": {"category": "neutral","sounds": [{"name": "handmadevehicle2:throw_grenade","stream": false}]},
"handmadevehicle2.nulls": {"category": "neutral","sounds": [{"name": "handmadevehicle2:nulls","stream": false}]}
}