{
	"credit": "Made with Blockbench",
	"texture_size": [64, 64],
	"textures": {
		"1": "./german_helmet",
		"2": "./german_gasmask"
	},
	"elements": [
		{
			"from": [0, 0, 0.25],
			"to": [16, 16, 16.25],
			"rotation": {"angle": 0, "axis": "y", "origin": [8, 8, 8]},
			"faces": {
				"north": {"uv": [4, 4, 8, 8], "texture": "#1"},
				"east": {"uv": [0, 4, 4, 8], "texture": "#1"},
				"south": {"uv": [12, 4, 16, 8], "texture": "#1"},
				"west": {"uv": [8, 4, 12, 8], "texture": "#1"},
				"up": {"uv": [8, 4, 4, 0], "texture": "#1"},
				"down": {"uv": [12, 0, 8, 4], "texture": "#1"}
			}
		},
		{
			"from": [16, 16, 16.25],
			"to": [0, 0, 0.25],
			"rotation": {"angle": 0, "axis": "x", "origin": [8, 8, 8]},
			"faces": {
				"north": {"uv": [16, 4, 12, 8], "rotation": 180, "texture": "#1"},
				"east": {"uv": [12, 4, 8, 8], "rotation": 180, "texture": "#1"},
				"south": {"uv": [8, 4, 4, 8], "rotation": 180, "texture": "#1"},
				"west": {"uv": [4, 4, 0, 8], "rotation": 180, "texture": "#1"},
				"up": {"uv": [8, 0, 12, 4], "texture": "#1"},
				"down": {"uv": [4, 4, 8, 0], "texture": "#1"}
			}
		},
		{
			"from": [-0.8, -0.8, -0.55],
			"to": [16.8, 16.8, 17.05],
			"rotation": {"angle": 0, "axis": "y", "origin": [8, 8, 8]},
			"faces": {
				"north": {"uv": [4, 12, 8, 16], "texture": "#1"},
				"east": {"uv": [0, 12, 4, 16], "texture": "#1"},
				"south": {"uv": [12, 12, 16, 16], "texture": "#1"},
				"west": {"uv": [8, 12, 12, 16], "texture": "#1"},
				"up": {"uv": [8, 12, 4, 8], "texture": "#1"},
				"down": {"uv": [12, 8, 8, 12], "texture": "#1"}
			}
		},
		{
			"from": [16.8, 16.8, 17.05],
			"to": [-0.8, -0.8, -0.55],
			"rotation": {"angle": 0, "axis": "x", "origin": [8, 8, 8]},
			"faces": {
				"north": {"uv": [16, 12, 12, 16], "rotation": 180, "texture": "#1"},
				"east": {"uv": [12, 12, 8, 16], "rotation": 180, "texture": "#1"},
				"south": {"uv": [8, 12, 4, 16], "rotation": 180, "texture": "#1"},
				"west": {"uv": [4, 12, 0, 16], "rotation": 180, "texture": "#1"},
				"up": {"uv": [8, 8, 12, 12], "texture": "#1"},
				"down": {"uv": [4, 12, 8, 8], "texture": "#1"}
			}
		},
		{
			"from": [5, -3.19858, -4.22359],
			"to": [11, -1.19858, 1.77641],
			"rotation": {"angle": 45, "axis": "x", "origin": [8, -0.44858, -1.22359]},
			"faces": {
				"north": {"uv": [7.5, 2.5, 9, 3], "texture": "#2"},
				"east": {"uv": [8.75, 7.75, 10.25, 8.25], "texture": "#2"},
				"south": {"uv": [8.75, 8.25, 10.25, 8.75], "texture": "#2"},
				"west": {"uv": [8.75, 8.75, 10.25, 9.25], "texture": "#2"},
				"up": {"uv": [4.25, 8.75, 2.75, 7.25], "texture": "#2"},
				"down": {"uv": [5.75, 7.25, 4.25, 8.75], "texture": "#2"}
			}
		},
		{
			"from": [5.5, -1.19858, -3.72359],
			"to": [10.5, 4.80142, 1.27641],
			"rotation": {"angle": 45, "axis": "x", "origin": [8, -0.44858, -1.22359]},
			"faces": {
				"north": {"uv": [7.5, 6.5, 8.75, 8], "texture": "#2"},
				"east": {"uv": [7.5, 8, 8.75, 9.5], "texture": "#2"},
				"south": {"uv": [2.75, 8.75, 4, 10.25], "texture": "#2"},
				"west": {"uv": [4, 8.75, 5.25, 10.25], "texture": "#2"}
			}
		},
		{
			"from": [4.5, -0.0221, -0.1288],
			"to": [11.5, 4.9779, 4.8712],
			"rotation": {"angle": 0, "axis": "y", "origin": [10.99908, 4.75, 9]},
			"faces": {
				"north": {"uv": [7.5, 0, 9.25, 1.25], "texture": "#2"},
				"east": {"uv": [5.25, 8.75, 6.5, 10], "texture": "#2"},
				"south": {"uv": [7.5, 1.25, 9.25, 2.5], "texture": "#2"},
				"west": {"uv": [8.75, 6.5, 10, 7.75], "texture": "#2"},
				"up": {"uv": [9.25, 5.25, 7.5, 4], "texture": "#2"},
				"down": {"uv": [9.25, 5.25, 7.5, 6.5], "texture": "#2"}
			}
		},
		{
			"from": [0.75, 0.1279, 4.9712],
			"to": [15.25, 12.6279, 15.4712],
			"rotation": {"angle": 0, "axis": "y", "origin": [23.99908, 7, 8]},
			"faces": {
				"east": {"uv": [3.75, 3, 6.5, 6.25], "texture": "#2"},
				"south": {"uv": [0, 0, 3.75, 3.25], "texture": "#2"},
				"west": {"uv": [0, 6.25, 2.75, 9.5], "texture": "#2"}
			}
		},
		{
			"from": [0.75, 1.1279, 0.9712],
			"to": [15.25, 12.6279, 4.9712],
			"rotation": {"angle": 0, "axis": "y", "origin": [23.99908, 7, 9]},
			"faces": {
				"north": {"uv": [0, 3.25, 3.75, 6.25], "texture": "#2"},
				"east": {"uv": [6.5, 4, 7.5, 7], "texture": "#2"},
				"south": {"uv": [3.75, 0, 7.5, 3], "texture": "#2"},
				"west": {"uv": [6.5, 7, 7.5, 10], "texture": "#2"},
				"up": {"uv": [6.5, 7.25, 2.75, 6.25], "texture": "#2"},
				"down": {"uv": [10.25, 3, 6.5, 4], "texture": "#2"}
			}
		}
	],
	"gui_light": "front",
	"overrides": [
		{
			"predicate": {
				"pulling": 1
			},
			"model": "item/bow_pulling_0"
		},
		{
			"predicate": {
				"pulling": 1,
				"pull": 0.3
			},
			"model": "item/bow_pulling_1"
		},
		{
			"predicate": {
				"pulling": 1,
				"pull": 0.3
			},
			"model": "item/bow_pulling_2"
		}
	],
	"display": {
		"thirdperson_righthand": {
			"rotation": [0, 42, 0],
			"translation": [0, 0, 1],
			"scale": [0.3, 0.3, 0.3]
		},
		"thirdperson_lefthand": {
			"rotation": [74, 0, 0],
			"translation": [-3.5, 0.75, 13.75],
			"scale": [0.3, 0.3, 0.3]
		},
		"firstperson_righthand": {
			"rotation": [0, 111, 0],
			"translation": [0, 0.25, -0.25],
			"scale": [0.4, 0.4, 0.4]
		},
		"firstperson_lefthand": {
			"rotation": [-7, 124, -15],
			"translation": [0.25, 3.25, 0],
			"scale": [0.4, 0.4, 0.4]
		},
		"ground": {
			"translation": [0, 2.25, 0],
			"scale": [0.4, 0.4, 0.4]
		},
		"gui": {
			"rotation": [0, -180, 0],
			"translation": [0, 1, 0],
			"scale": [0.6, 0.6, 1]
		},
		"head": {
			"translation": [0, 0, -0.25]
		},
		"fixed": {
			"translation": [0, 0, 0.5],
			"scale": [0.7, 0.7, 0.7]
		}
	}
}