{
	"format_version": "1.12.0",
	"minecraft:geometry": [
		{
			"description": {
				"identifier": "geometry.unknown",
				"texture_width": 64,
				"texture_height": 64,
				"visible_bounds_width": 4,
				"visible_bounds_height": 3,
				"visible_bounds_offset": [0, 0.5, 0]
			},
			"bones": [
				{
					"name": "root",
					"pivot": [0, 2.5, 0]
				},
				{
					"name": "r",
					"parent": "root",
					"pivot": [0, 0, 0]
				},
				{
					"name": "safety",
					"parent": "r",
					"pivot": [-0.0625, 3.8125, 1.03125],
					"cubes": [
						{
							"origin": [-0.71875, 3.75, 0.96875],
							"size": [1.3125, 0.125, 0.125],
							"uv": {
								"north": {"uv": [2, 19], "uv_size": [1.25, 0.25]},
								"east": {"uv": [31, 26], "uv_size": [0.25, 0.25]},
								"south": {"uv": [4, 19], "uv_size": [1.25, 0.25]},
								"west": {"uv": [27, 31], "uv_size": [0.25, 0.25]},
								"up": {"uv": [6, 19], "uv_size": [1.25, 0.25]},
								"down": {"uv": [19, 7.25], "uv_size": [1.25, -0.25]}
							}
						},
						{
							"origin": [0.59375, 3.6875, 0.96875],
							"size": [0.25, 0.25, 0.125],
							"uv": {
								"north": {"uv": [31, 27], "uv_size": [0.25, 0.25]},
								"east": {"uv": [28, 31], "uv_size": [0.25, 0.25]},
								"south": {"uv": [31, 28], "uv_size": [0.25, 0.25]},
								"west": {"uv": [29, 31], "uv_size": [0.25, 0.25]},
								"up": {"uv": [31, 29], "uv_size": [0.25, 0.25]},
								"down": {"uv": [30, 31.25], "uv_size": [0.25, -0.25]}
							}
						}
					]
				},
				{
					"name": "ring",
					"parent": "safety",
					"pivot": [0.71875, 3.8125, 1.03125],
					"rotation": [5.7632, -24.3683, -18.74538],
					"cubes": [
						{
							"origin": [0.65625, 2.90273, 0.34375],
							"size": [0.125, 0.56954, 0.125],
							"pivot": [0.71875, 3.1875, 1.03125],
							"rotation": [-45, 0, 0],
							"uv": {
								"north": {"uv": [6, 28], "uv_size": [0.25, 0.5]},
								"east": {"uv": [28, 6], "uv_size": [0.25, 0.5]},
								"south": {"uv": [7, 28], "uv_size": [0.25, 0.5]},
								"west": {"uv": [28, 7], "uv_size": [0.25, 0.5]},
								"up": {"uv": [31, 30], "uv_size": [0.25, 0.25]},
								"down": {"uv": [31, 31.25], "uv_size": [0.25, -0.25]}
							}
						},
						{
							"origin": [0.65625, 2.90273, 0.34375],
							"size": [0.125, 0.56954, 0.125],
							"inflate": 0.0005,
							"uv": {
								"north": {"uv": [8, 28], "uv_size": [0.25, 0.5]},
								"east": {"uv": [28, 8], "uv_size": [0.25, 0.5]},
								"south": {"uv": [9, 28], "uv_size": [0.25, 0.5]},
								"west": {"uv": [28, 9], "uv_size": [0.25, 0.5]},
								"up": {"uv": [0, 32], "uv_size": [0.25, 0.25]},
								"down": {"uv": [32, 0.25], "uv_size": [0.25, -0.25]}
							}
						},
						{
							"origin": [0.65625, 2.90273, 1.59375],
							"size": [0.125, 0.56954, 0.125],
							"pivot": [0.71875, 3.1875, 1.03125],
							"rotation": [-45, 0, 0],
							"uv": {
								"north": {"uv": [10, 28], "uv_size": [0.25, 0.5]},
								"east": {"uv": [28, 10], "uv_size": [0.25, 0.5]},
								"south": {"uv": [11, 28], "uv_size": [0.25, 0.5]},
								"west": {"uv": [28, 11], "uv_size": [0.25, 0.5]},
								"up": {"uv": [1, 32], "uv_size": [0.25, 0.25]},
								"down": {"uv": [32, 1.25], "uv_size": [0.25, -0.25]}
							}
						},
						{
							"origin": [0.65625, 2.90273, 1.59375],
							"size": [0.125, 0.56954, 0.125],
							"inflate": 0.0005,
							"uv": {
								"north": {"uv": [12, 28], "uv_size": [0.25, 0.5]},
								"east": {"uv": [28, 12], "uv_size": [0.25, 0.5]},
								"south": {"uv": [13, 28], "uv_size": [0.25, 0.5]},
								"west": {"uv": [28, 13], "uv_size": [0.25, 0.5]},
								"up": {"uv": [2, 32], "uv_size": [0.25, 0.25]},
								"down": {"uv": [32, 2.25], "uv_size": [0.25, -0.25]}
							}
						},
						{
							"origin": [0.65625, 2.5, 0.74648],
							"size": [0.125, 0.125, 0.56954],
							"pivot": [0.71875, 3.1875, 1.03125],
							"rotation": [-45, 0, 0],
							"uv": {
								"north": {"uv": [3, 32], "uv_size": [0.25, 0.25]},
								"east": {"uv": [14, 28], "uv_size": [0.5, 0.25]},
								"south": {"uv": [32, 3], "uv_size": [0.25, 0.25]},
								"west": {"uv": [28, 14], "uv_size": [0.5, 0.25]},
								"up": {"uv": [15, 28], "uv_size": [0.25, 0.5]},
								"down": {"uv": [28, 15.5], "uv_size": [0.25, -0.5]}
							}
						},
						{
							"origin": [0.65625, 2.5, 0.74648],
							"size": [0.125, 0.125, 0.56954],
							"inflate": 0.0005,
							"uv": {
								"north": {"uv": [4, 32], "uv_size": [0.25, 0.25]},
								"east": {"uv": [16, 28], "uv_size": [0.5, 0.25]},
								"south": {"uv": [32, 4], "uv_size": [0.25, 0.25]},
								"west": {"uv": [28, 16], "uv_size": [0.5, 0.25]},
								"up": {"uv": [17, 28], "uv_size": [0.25, 0.5]},
								"down": {"uv": [28, 17.5], "uv_size": [0.25, -0.5]}
							}
						},
						{
							"origin": [0.65625, 3.75, 0.74648],
							"size": [0.125, 0.125, 0.56954],
							"pivot": [0.71875, 3.1875, 1.03125],
							"rotation": [-45, 0, 0],
							"uv": {
								"north": {"uv": [5, 32], "uv_size": [0.25, 0.25]},
								"east": {"uv": [18, 28], "uv_size": [0.5, 0.25]},
								"south": {"uv": [32, 5], "uv_size": [0.25, 0.25]},
								"west": {"uv": [28, 18], "uv_size": [0.5, 0.25]},
								"up": {"uv": [19, 28], "uv_size": [0.25, 0.5]},
								"down": {"uv": [28, 19.5], "uv_size": [0.25, -0.5]}
							}
						},
						{
							"origin": [0.65625, 3.75, 0.74648],
							"size": [0.125, 0.125, 0.56954],
							"inflate": 0.0005,
							"uv": {
								"north": {"uv": [6, 32], "uv_size": [0.25, 0.25]},
								"east": {"uv": [20, 28], "uv_size": [0.5, 0.25]},
								"south": {"uv": [32, 6], "uv_size": [0.25, 0.25]},
								"west": {"uv": [28, 20], "uv_size": [0.5, 0.25]},
								"up": {"uv": [21, 28], "uv_size": [0.25, 0.5]},
								"down": {"uv": [28, 21.5], "uv_size": [0.25, -0.5]}
							}
						}
					]
				},
				{
					"name": "body",
					"parent": "r",
					"pivot": [0, 2.5, 0],
					"cubes": [
						{
							"origin": [-0.3125, 1.26559, -1.29868],
							"size": [0.625, 0.9375, 0.5625],
							"pivot": [0, 1.57141, 0],
							"rotation": [7, 0, 0],
							"uv": {
								"north": {"uv": [1, 0], "uv_size": [0.75, 1]},
								"east": {"uv": [2, 10], "uv_size": [0.5, 1]},
								"south": {"uv": [1, 1], "uv_size": [0.75, 1]},
								"west": {"uv": [10, 2], "uv_size": [0.5, 1]},
								"up": {"uv": [6, 12], "uv_size": [0.75, 0.5]},
								"down": {"uv": [12, 6.5], "uv_size": [0.75, -0.5]}
							}
						},
						{
							"origin": [-0.25, 0.73324, -1.14912],
							"size": [0.5, 0.75, 0.375],
							"inflate": -0.0005,
							"pivot": [0, 1.57141, 0],
							"rotation": [18, 0, 0],
							"uv": {
								"north": {"uv": [7, 12], "uv_size": [0.5, 0.75]},
								"east": {"uv": [12, 7], "uv_size": [0.5, 0.75]},
								"south": {"uv": [8, 12], "uv_size": [0.5, 0.75]},
								"west": {"uv": [12, 8], "uv_size": [0.5, 0.75]},
								"up": {"uv": [12, 19], "uv_size": [0.5, 0.5]},
								"down": {"uv": [19, 12.5], "uv_size": [0.5, -0.5]}
							}
						},
						{
							"origin": [-0.25, 1.10824, -1.27412],
							"size": [0.5, 0.3125, 0.5],
							"pivot": [0, 1.57141, 0],
							"rotation": [18, 0, 0],
							"uv": {
								"north": {"uv": [23, 24], "uv_size": [0.5, 0.25]},
								"east": {"uv": [24, 23], "uv_size": [0.5, 0.25]},
								"south": {"uv": [24, 24], "uv_size": [0.5, 0.25]},
								"west": {"uv": [0, 25], "uv_size": [0.5, 0.25]},
								"up": {"uv": [13, 19], "uv_size": [0.5, 0.5]},
								"down": {"uv": [19, 13.5], "uv_size": [0.5, -0.5]}
							}
						},
						{
							"origin": [-0.25, 1.13963, -1.3552],
							"size": [0.5, 0.39528, 0.25],
							"pivot": [0, 1.57141, 0],
							"rotation": [36.43495, 0, 0],
							"uv": {
								"north": {"uv": [14, 19], "uv_size": [0.5, 0.5]},
								"east": {"uv": [25, 0], "uv_size": [0.25, 0.5]},
								"south": {"uv": [19, 14], "uv_size": [0.5, 0.5]},
								"west": {"uv": [1, 25], "uv_size": [0.25, 0.5]},
								"up": {"uv": [25, 1], "uv_size": [0.5, 0.25]},
								"down": {"uv": [2, 25.25], "uv_size": [0.5, -0.25]}
							}
						},
						{
							"origin": [-0.3125, 2.0819, -1.41873],
							"size": [0.625, 0.625, 0.5625],
							"pivot": [0, 1.57141, 0],
							"rotation": [-5, 0, 0],
							"uv": {
								"north": {"uv": [4, 8], "uv_size": [0.75, 0.75]},
								"east": {"uv": [9, 12], "uv_size": [0.5, 0.75]},
								"south": {"uv": [8, 4], "uv_size": [0.75, 0.75]},
								"west": {"uv": [12, 9], "uv_size": [0.5, 0.75]},
								"up": {"uv": [10, 12], "uv_size": [0.75, 0.5]},
								"down": {"uv": [12, 10.5], "uv_size": [0.75, -0.5]}
							}
						},
						{
							"origin": [-0.28125, 2.54994, -1.15486],
							"size": [0.5625, 0.625, 0.5625],
							"pivot": [0, 3.16914, 0],
							"rotation": [-17.5, 0, 0],
							"uv": {
								"north": {"uv": [11, 12], "uv_size": [0.5, 0.75]},
								"east": {"uv": [12, 11], "uv_size": [0.5, 0.75]},
								"south": {"uv": [12, 12], "uv_size": [0.5, 0.75]},
								"west": {"uv": [0, 13], "uv_size": [0.5, 0.75]},
								"up": {"uv": [15, 19], "uv_size": [0.5, 0.5]},
								"down": {"uv": [19, 15.5], "uv_size": [0.5, -0.5]}
							}
						},
						{
							"origin": [-0.3125, 1.8319, -1.23123],
							"size": [0.625, 0.9375, 0.375],
							"pivot": [0, 1.57141, 0],
							"rotation": [-5, 0, 0],
							"uv": {
								"north": {"uv": [0, 2], "uv_size": [0.75, 1]},
								"east": {"uv": [3, 10], "uv_size": [0.5, 1]},
								"south": {"uv": [2, 0], "uv_size": [0.75, 1]},
								"west": {"uv": [10, 3], "uv_size": [0.5, 1]},
								"up": {"uv": [13, 0], "uv_size": [0.75, 0.5]},
								"down": {"uv": [1, 13.5], "uv_size": [0.75, -0.5]}
							}
						},
						{
							"origin": [-0.3125, 1.26559, 0.73618],
							"size": [0.625, 0.9375, 0.5625],
							"pivot": [0, 1.57141, 0],
							"rotation": [-7, 0, 0],
							"uv": {
								"north": {"uv": [1, 2], "uv_size": [0.75, 1]},
								"east": {"uv": [4, 10], "uv_size": [0.5, 1]},
								"south": {"uv": [2, 1], "uv_size": [0.75, 1]},
								"west": {"uv": [10, 4], "uv_size": [0.5, 1]},
								"up": {"uv": [13, 1], "uv_size": [0.75, 0.5]},
								"down": {"uv": [2, 13.5], "uv_size": [0.75, -0.5]}
							}
						},
						{
							"origin": [-0.3125, 2.0819, 0.85623],
							"size": [0.625, 0.625, 0.5625],
							"pivot": [0, 1.57141, 0],
							"rotation": [5, 0, 0],
							"uv": {
								"north": {"uv": [5, 8], "uv_size": [0.75, 0.75]},
								"east": {"uv": [13, 2], "uv_size": [0.5, 0.75]},
								"south": {"uv": [8, 5], "uv_size": [0.75, 0.75]},
								"west": {"uv": [3, 13], "uv_size": [0.5, 0.75]},
								"up": {"uv": [13, 3], "uv_size": [0.75, 0.5]},
								"down": {"uv": [4, 13.5], "uv_size": [0.75, -0.5]}
							}
						},
						{
							"origin": [-0.28125, 2.54994, 0.59236],
							"size": [0.5625, 0.6875, 0.5625],
							"pivot": [0, 3.16914, 0],
							"rotation": [17.5, 0, 0],
							"uv": {
								"north": {"uv": [13, 4], "uv_size": [0.5, 0.75]},
								"east": {"uv": [5, 13], "uv_size": [0.5, 0.75]},
								"south": {"uv": [13, 5], "uv_size": [0.5, 0.75]},
								"west": {"uv": [6, 13], "uv_size": [0.5, 0.75]},
								"up": {"uv": [16, 19], "uv_size": [0.5, 0.5]},
								"down": {"uv": [19, 16.5], "uv_size": [0.5, -0.5]}
							}
						},
						{
							"origin": [-0.28125, 2.54994, 0.59236],
							"size": [0.5625, 0.6875, 0.5625],
							"pivot": [0, 3.16914, 0],
							"rotation": [17.5, 30, 0],
							"uv": {
								"north": {"uv": [13, 6], "uv_size": [0.5, 0.75]},
								"east": {"uv": [7, 13], "uv_size": [0.5, 0.75]},
								"south": {"uv": [13, 7], "uv_size": [0.5, 0.75]},
								"west": {"uv": [8, 13], "uv_size": [0.5, 0.75]},
								"up": {"uv": [17, 19], "uv_size": [0.5, 0.5]},
								"down": {"uv": [19, 17.5], "uv_size": [0.5, -0.5]}
							}
						},
						{
							"origin": [-0.28125, 2.54994, -1.15486],
							"size": [0.5625, 0.6875, 0.5625],
							"pivot": [0, 3.16914, 0],
							"rotation": [-17.5, 30, 0],
							"uv": {
								"north": {"uv": [13, 8], "uv_size": [0.5, 0.75]},
								"east": {"uv": [9, 13], "uv_size": [0.5, 0.75]},
								"south": {"uv": [13, 9], "uv_size": [0.5, 0.75]},
								"west": {"uv": [10, 13], "uv_size": [0.5, 0.75]},
								"up": {"uv": [18, 19], "uv_size": [0.5, 0.5]},
								"down": {"uv": [19, 18.5], "uv_size": [0.5, -0.5]}
							}
						},
						{
							"origin": [-0.28125, 2.54994, -1.15486],
							"size": [0.5625, 0.6875, 0.5625],
							"pivot": [0, 3.16914, 0],
							"rotation": [-17.5, -30, 0],
							"uv": {
								"north": {"uv": [13, 10], "uv_size": [0.5, 0.75]},
								"east": {"uv": [11, 13], "uv_size": [0.5, 0.75]},
								"south": {"uv": [13, 11], "uv_size": [0.5, 0.75]},
								"west": {"uv": [12, 13], "uv_size": [0.5, 0.75]},
								"up": {"uv": [19, 19], "uv_size": [0.5, 0.5]},
								"down": {"uv": [20, 0.5], "uv_size": [0.5, -0.5]}
							}
						},
						{
							"origin": [-0.28125, 2.54994, 0.59236],
							"size": [0.5625, 0.6875, 0.5625],
							"pivot": [0, 3.16914, 0],
							"rotation": [17.5, -30, 0],
							"uv": {
								"north": {"uv": [13, 12], "uv_size": [0.5, 0.75]},
								"east": {"uv": [13, 13], "uv_size": [0.5, 0.75]},
								"south": {"uv": [0, 14], "uv_size": [0.5, 0.75]},
								"west": {"uv": [14, 0], "uv_size": [0.5, 0.75]},
								"up": {"uv": [20, 1], "uv_size": [0.5, 0.5]},
								"down": {"uv": [2, 20.5], "uv_size": [0.5, -0.5]}
							}
						},
						{
							"origin": [-0.28125, 2.54994, -1.15486],
							"size": [0.5625, 0.6875, 0.5625],
							"pivot": [0, 3.16914, 0],
							"rotation": [-17.5, -60, 0],
							"uv": {
								"north": {"uv": [1, 14], "uv_size": [0.5, 0.75]},
								"east": {"uv": [14, 1], "uv_size": [0.5, 0.75]},
								"south": {"uv": [2, 14], "uv_size": [0.5, 0.75]},
								"west": {"uv": [14, 2], "uv_size": [0.5, 0.75]},
								"up": {"uv": [20, 2], "uv_size": [0.5, 0.5]},
								"down": {"uv": [3, 20.5], "uv_size": [0.5, -0.5]}
							}
						},
						{
							"origin": [-0.28125, 2.54994, 0.59236],
							"size": [0.5625, 0.6875, 0.5625],
							"pivot": [0, 3.16914, 0],
							"rotation": [17.5, -60, 0],
							"uv": {
								"north": {"uv": [3, 14], "uv_size": [0.5, 0.75]},
								"east": {"uv": [14, 3], "uv_size": [0.5, 0.75]},
								"south": {"uv": [4, 14], "uv_size": [0.5, 0.75]},
								"west": {"uv": [14, 4], "uv_size": [0.5, 0.75]},
								"up": {"uv": [20, 3], "uv_size": [0.5, 0.5]},
								"down": {"uv": [4, 20.5], "uv_size": [0.5, -0.5]}
							}
						},
						{
							"origin": [-0.28125, 2.54994, -1.15486],
							"size": [0.5625, 0.6875, 0.5625],
							"pivot": [0, 3.16914, 0],
							"rotation": [-17.5, 60, 0],
							"uv": {
								"north": {"uv": [5, 14], "uv_size": [0.5, 0.75]},
								"east": {"uv": [14, 5], "uv_size": [0.5, 0.75]},
								"south": {"uv": [6, 14], "uv_size": [0.5, 0.75]},
								"west": {"uv": [14, 6], "uv_size": [0.5, 0.75]},
								"up": {"uv": [20, 4], "uv_size": [0.5, 0.5]},
								"down": {"uv": [5, 20.5], "uv_size": [0.5, -0.5]}
							}
						},
						{
							"origin": [-0.28125, 2.54994, 0.59236],
							"size": [0.5625, 0.6875, 0.5625],
							"pivot": [0, 3.16914, 0],
							"rotation": [17.5, 60, 0],
							"uv": {
								"north": {"uv": [7, 14], "uv_size": [0.5, 0.75]},
								"east": {"uv": [14, 7], "uv_size": [0.5, 0.75]},
								"south": {"uv": [8, 14], "uv_size": [0.5, 0.75]},
								"west": {"uv": [14, 8], "uv_size": [0.5, 0.75]},
								"up": {"uv": [20, 5], "uv_size": [0.5, 0.5]},
								"down": {"uv": [6, 20.5], "uv_size": [0.5, -0.5]}
							}
						},
						{
							"origin": [-0.28125, 2.54994, -1.15486],
							"size": [0.5625, 0.6875, 0.5625],
							"pivot": [0, 3.16914, 0],
							"rotation": [0, 90, 17.5],
							"uv": {
								"north": {"uv": [9, 14], "uv_size": [0.5, 0.75]},
								"east": {"uv": [14, 9], "uv_size": [0.5, 0.75]},
								"south": {"uv": [10, 14], "uv_size": [0.5, 0.75]},
								"west": {"uv": [14, 10], "uv_size": [0.5, 0.75]},
								"up": {"uv": [20, 6], "uv_size": [0.5, 0.5]},
								"down": {"uv": [7, 20.5], "uv_size": [0.5, -0.5]}
							}
						},
						{
							"origin": [-0.25, 2.54994, 0.62361],
							"size": [0.5625, 0.6875, 0.5625],
							"pivot": [0, 3.16914, 0.03125],
							"rotation": [0, 90, -17.5],
							"uv": {
								"north": {"uv": [11, 14], "uv_size": [0.5, 0.75]},
								"east": {"uv": [14, 11], "uv_size": [0.5, 0.75]},
								"south": {"uv": [12, 14], "uv_size": [0.5, 0.75]},
								"west": {"uv": [14, 12], "uv_size": [0.5, 0.75]},
								"up": {"uv": [8, 20], "uv_size": [0.5, 0.5]},
								"down": {"uv": [20, 8.5], "uv_size": [0.5, -0.5]}
							}
						},
						{
							"origin": [-0.25, 0.73324, 0.77412],
							"size": [0.5, 0.75, 0.375],
							"inflate": -0.0005,
							"pivot": [0, 1.57141, 0],
							"rotation": [-18, 0, 0],
							"uv": {
								"north": {"uv": [13, 14], "uv_size": [0.5, 0.75]},
								"east": {"uv": [14, 13], "uv_size": [0.5, 0.75]},
								"south": {"uv": [14, 14], "uv_size": [0.5, 0.75]},
								"west": {"uv": [0, 15], "uv_size": [0.5, 0.75]},
								"up": {"uv": [9, 20], "uv_size": [0.5, 0.5]},
								"down": {"uv": [20, 9.5], "uv_size": [0.5, -0.5]}
							}
						},
						{
							"origin": [-0.25, 1.10824, 0.77412],
							"size": [0.5, 0.3125, 0.5],
							"pivot": [0, 1.57141, 0],
							"rotation": [-18, 0, 0],
							"uv": {
								"north": {"uv": [25, 2], "uv_size": [0.5, 0.25]},
								"east": {"uv": [3, 25], "uv_size": [0.5, 0.25]},
								"south": {"uv": [25, 3], "uv_size": [0.5, 0.25]},
								"west": {"uv": [4, 25], "uv_size": [0.5, 0.25]},
								"up": {"uv": [10, 20], "uv_size": [0.5, 0.5]},
								"down": {"uv": [20, 10.5], "uv_size": [0.5, -0.5]}
							}
						},
						{
							"origin": [-0.3125, 1.8319, 0.85623],
							"size": [0.625, 0.9375, 0.375],
							"pivot": [0, 1.57141, 0],
							"rotation": [5, 0, 0],
							"uv": {
								"north": {"uv": [2, 2], "uv_size": [0.75, 1]},
								"east": {"uv": [11, 20], "uv_size": [0.25, 1]},
								"south": {"uv": [0, 3], "uv_size": [0.75, 1]},
								"west": {"uv": [20, 11], "uv_size": [0.25, 1]},
								"up": {"uv": [21, 22], "uv_size": [0.75, 0.25]},
								"down": {"uv": [22, 21.25], "uv_size": [0.75, -0.25]}
							}
						},
						{
							"origin": [-0.25, 1.13963, 1.1052],
							"size": [0.5, 0.39528, 0.25],
							"pivot": [0, 1.57141, 0],
							"rotation": [-36.43495, 0, 0],
							"uv": {
								"north": {"uv": [12, 20], "uv_size": [0.5, 0.5]},
								"east": {"uv": [25, 4], "uv_size": [0.25, 0.5]},
								"south": {"uv": [20, 12], "uv_size": [0.5, 0.5]},
								"west": {"uv": [5, 25], "uv_size": [0.25, 0.5]},
								"up": {"uv": [25, 5], "uv_size": [0.5, 0.25]},
								"down": {"uv": [6, 25.25], "uv_size": [0.5, -0.25]}
							}
						},
						{
							"origin": [-0.3125, 2.0819, -1.41873],
							"size": [0.625, 0.625, 0.5625],
							"pivot": [0, 1.57141, 0],
							"rotation": [-5, 30, 0],
							"uv": {
								"north": {"uv": [6, 8], "uv_size": [0.75, 0.75]},
								"east": {"uv": [15, 0], "uv_size": [0.5, 0.75]},
								"south": {"uv": [8, 6], "uv_size": [0.75, 0.75]},
								"west": {"uv": [1, 15], "uv_size": [0.5, 0.75]},
								"up": {"uv": [15, 1], "uv_size": [0.75, 0.5]},
								"down": {"uv": [2, 15.5], "uv_size": [0.75, -0.5]}
							}
						},
						{
							"origin": [-0.25, 0.73324, -1.14912],
							"size": [0.5, 0.75, 0.375],
							"inflate": -0.0005,
							"pivot": [0, 1.57141, 0],
							"rotation": [18, 30, 0],
							"uv": {
								"north": {"uv": [15, 2], "uv_size": [0.5, 0.75]},
								"east": {"uv": [3, 15], "uv_size": [0.5, 0.75]},
								"south": {"uv": [15, 3], "uv_size": [0.5, 0.75]},
								"west": {"uv": [4, 15], "uv_size": [0.5, 0.75]},
								"up": {"uv": [13, 20], "uv_size": [0.5, 0.5]},
								"down": {"uv": [20, 13.5], "uv_size": [0.5, -0.5]}
							}
						},
						{
							"origin": [-0.25, 1.10824, -1.27412],
							"size": [0.5, 0.3125, 0.5],
							"pivot": [0, 1.57141, 0],
							"rotation": [18, 30, 0],
							"uv": {
								"north": {"uv": [25, 6], "uv_size": [0.5, 0.25]},
								"east": {"uv": [7, 25], "uv_size": [0.5, 0.25]},
								"south": {"uv": [25, 7], "uv_size": [0.5, 0.25]},
								"west": {"uv": [8, 25], "uv_size": [0.5, 0.25]},
								"up": {"uv": [14, 20], "uv_size": [0.5, 0.5]},
								"down": {"uv": [20, 14.5], "uv_size": [0.5, -0.5]}
							}
						},
						{
							"origin": [-0.3125, 1.8319, -1.23123],
							"size": [0.625, 0.9375, 0.375],
							"pivot": [0, 1.57141, 0],
							"rotation": [-5, 30, 0],
							"uv": {
								"north": {"uv": [3, 0], "uv_size": [0.75, 1]},
								"east": {"uv": [5, 10], "uv_size": [0.5, 1]},
								"south": {"uv": [1, 3], "uv_size": [0.75, 1]},
								"west": {"uv": [10, 5], "uv_size": [0.5, 1]},
								"up": {"uv": [15, 4], "uv_size": [0.75, 0.5]},
								"down": {"uv": [5, 15.5], "uv_size": [0.75, -0.5]}
							}
						},
						{
							"origin": [-0.3125, 1.8319, 0.85623],
							"size": [0.625, 0.9375, 0.375],
							"pivot": [0, 1.57141, 0],
							"rotation": [5, 30, 0],
							"uv": {
								"north": {"uv": [3, 1], "uv_size": [0.75, 1]},
								"east": {"uv": [15, 20], "uv_size": [0.25, 1]},
								"south": {"uv": [2, 3], "uv_size": [0.75, 1]},
								"west": {"uv": [20, 15], "uv_size": [0.25, 1]},
								"up": {"uv": [22, 22], "uv_size": [0.75, 0.25]},
								"down": {"uv": [0, 23.25], "uv_size": [0.75, -0.25]}
							}
						},
						{
							"origin": [-0.25, 1.10824, 0.77412],
							"size": [0.5, 0.3125, 0.5],
							"pivot": [0, 1.57141, 0],
							"rotation": [-18, 30, 0],
							"uv": {
								"north": {"uv": [25, 8], "uv_size": [0.5, 0.25]},
								"east": {"uv": [9, 25], "uv_size": [0.5, 0.25]},
								"south": {"uv": [25, 9], "uv_size": [0.5, 0.25]},
								"west": {"uv": [10, 25], "uv_size": [0.5, 0.25]},
								"up": {"uv": [16, 20], "uv_size": [0.5, 0.5]},
								"down": {"uv": [20, 16.5], "uv_size": [0.5, -0.5]}
							}
						},
						{
							"origin": [-0.25, 0.73324, 0.77412],
							"size": [0.5, 0.75, 0.375],
							"inflate": -0.0005,
							"pivot": [0, 1.57141, 0],
							"rotation": [-18, 30, 0],
							"uv": {
								"north": {"uv": [15, 5], "uv_size": [0.5, 0.75]},
								"east": {"uv": [6, 15], "uv_size": [0.5, 0.75]},
								"south": {"uv": [15, 6], "uv_size": [0.5, 0.75]},
								"west": {"uv": [7, 15], "uv_size": [0.5, 0.75]},
								"up": {"uv": [17, 20], "uv_size": [0.5, 0.5]},
								"down": {"uv": [20, 17.5], "uv_size": [0.5, -0.5]}
							}
						},
						{
							"origin": [-0.3125, 2.0819, 0.85623],
							"size": [0.625, 0.625, 0.5625],
							"pivot": [0, 1.57141, 0],
							"rotation": [5, 30, 0],
							"uv": {
								"north": {"uv": [8, 7], "uv_size": [0.75, 0.75]},
								"east": {"uv": [15, 7], "uv_size": [0.5, 0.75]},
								"south": {"uv": [8, 8], "uv_size": [0.75, 0.75]},
								"west": {"uv": [8, 15], "uv_size": [0.5, 0.75]},
								"up": {"uv": [15, 8], "uv_size": [0.75, 0.5]},
								"down": {"uv": [9, 15.5], "uv_size": [0.75, -0.5]}
							}
						},
						{
							"origin": [-0.3125, 1.26559, -1.29868],
							"size": [0.625, 0.9375, 0.5625],
							"pivot": [0, 1.57141, 0],
							"rotation": [7, 60, 0],
							"uv": {
								"north": {"uv": [3, 2], "uv_size": [0.75, 1]},
								"east": {"uv": [6, 10], "uv_size": [0.5, 1]},
								"south": {"uv": [3, 3], "uv_size": [0.75, 1]},
								"west": {"uv": [10, 6], "uv_size": [0.5, 1]},
								"up": {"uv": [15, 9], "uv_size": [0.75, 0.5]},
								"down": {"uv": [10, 15.5], "uv_size": [0.75, -0.5]}
							}
						},
						{
							"origin": [-0.3125, 2.0819, -1.41873],
							"size": [0.625, 0.625, 0.5625],
							"pivot": [0, 1.57141, 0],
							"rotation": [-5, 60, 0],
							"uv": {
								"north": {"uv": [0, 9], "uv_size": [0.75, 0.75]},
								"east": {"uv": [15, 10], "uv_size": [0.5, 0.75]},
								"south": {"uv": [9, 0], "uv_size": [0.75, 0.75]},
								"west": {"uv": [11, 15], "uv_size": [0.5, 0.75]},
								"up": {"uv": [15, 11], "uv_size": [0.75, 0.5]},
								"down": {"uv": [12, 15.5], "uv_size": [0.75, -0.5]}
							}
						},
						{
							"origin": [-0.25, 0.73324, -1.14912],
							"size": [0.5, 0.75, 0.375],
							"inflate": -0.0005,
							"pivot": [0, 1.57141, 0],
							"rotation": [18, 60, 0],
							"uv": {
								"north": {"uv": [15, 12], "uv_size": [0.5, 0.75]},
								"east": {"uv": [13, 15], "uv_size": [0.5, 0.75]},
								"south": {"uv": [15, 13], "uv_size": [0.5, 0.75]},
								"west": {"uv": [14, 15], "uv_size": [0.5, 0.75]},
								"up": {"uv": [18, 20], "uv_size": [0.5, 0.5]},
								"down": {"uv": [20, 18.5], "uv_size": [0.5, -0.5]}
							}
						},
						{
							"origin": [-0.25, 1.10824, -1.27412],
							"size": [0.5, 0.3125, 0.5],
							"pivot": [0, 1.57141, 0],
							"rotation": [18, 60, 0],
							"uv": {
								"north": {"uv": [25, 10], "uv_size": [0.5, 0.25]},
								"east": {"uv": [11, 25], "uv_size": [0.5, 0.25]},
								"south": {"uv": [25, 11], "uv_size": [0.5, 0.25]},
								"west": {"uv": [12, 25], "uv_size": [0.5, 0.25]},
								"up": {"uv": [19, 20], "uv_size": [0.5, 0.5]},
								"down": {"uv": [20, 19.5], "uv_size": [0.5, -0.5]}
							}
						},
						{
							"origin": [-0.3125, 1.8319, -1.23123],
							"size": [0.625, 0.9375, 0.375],
							"pivot": [0, 1.57141, 0],
							"rotation": [-5, 60, 0],
							"uv": {
								"north": {"uv": [0, 4], "uv_size": [0.75, 1]},
								"east": {"uv": [7, 10], "uv_size": [0.5, 1]},
								"south": {"uv": [4, 0], "uv_size": [0.75, 1]},
								"west": {"uv": [10, 7], "uv_size": [0.5, 1]},
								"up": {"uv": [15, 14], "uv_size": [0.75, 0.5]},
								"down": {"uv": [15, 15.5], "uv_size": [0.75, -0.5]}
							}
						},
						{
							"origin": [-0.25, 1.13963, -1.3552],
							"size": [0.5, 0.39528, 0.25],
							"pivot": [0, 1.57141, 0],
							"rotation": [36.43495, 60, 0],
							"uv": {
								"north": {"uv": [20, 20], "uv_size": [0.5, 0.5]},
								"east": {"uv": [25, 12], "uv_size": [0.25, 0.5]},
								"south": {"uv": [0, 21], "uv_size": [0.5, 0.5]},
								"west": {"uv": [13, 25], "uv_size": [0.25, 0.5]},
								"up": {"uv": [25, 13], "uv_size": [0.5, 0.25]},
								"down": {"uv": [14, 25.25], "uv_size": [0.5, -0.25]}
							}
						},
						{
							"origin": [-0.25, 1.13963, 1.1052],
							"size": [0.5, 0.39528, 0.25],
							"pivot": [0, 1.57141, 0],
							"rotation": [-36.43495, 60, 0],
							"uv": {
								"north": {"uv": [21, 0], "uv_size": [0.5, 0.5]},
								"east": {"uv": [25, 14], "uv_size": [0.25, 0.5]},
								"south": {"uv": [1, 21], "uv_size": [0.5, 0.5]},
								"west": {"uv": [15, 25], "uv_size": [0.25, 0.5]},
								"up": {"uv": [25, 15], "uv_size": [0.5, 0.25]},
								"down": {"uv": [16, 25.25], "uv_size": [0.5, -0.25]}
							}
						},
						{
							"origin": [-0.3125, 1.8319, 0.85623],
							"size": [0.625, 0.9375, 0.375],
							"pivot": [0, 1.57141, 0],
							"rotation": [5, 60, 0],
							"uv": {
								"north": {"uv": [1, 4], "uv_size": [0.75, 1]},
								"east": {"uv": [21, 1], "uv_size": [0.25, 1]},
								"south": {"uv": [4, 1], "uv_size": [0.75, 1]},
								"west": {"uv": [2, 21], "uv_size": [0.25, 1]},
								"up": {"uv": [23, 0], "uv_size": [0.75, 0.25]},
								"down": {"uv": [1, 23.25], "uv_size": [0.75, -0.25]}
							}
						},
						{
							"origin": [-0.25, 1.10824, 0.77412],
							"size": [0.5, 0.3125, 0.5],
							"pivot": [0, 1.57141, 0],
							"rotation": [-18, 60, 0],
							"uv": {
								"north": {"uv": [25, 16], "uv_size": [0.5, 0.25]},
								"east": {"uv": [17, 25], "uv_size": [0.5, 0.25]},
								"south": {"uv": [25, 17], "uv_size": [0.5, 0.25]},
								"west": {"uv": [18, 25], "uv_size": [0.5, 0.25]},
								"up": {"uv": [21, 2], "uv_size": [0.5, 0.5]},
								"down": {"uv": [3, 21.5], "uv_size": [0.5, -0.5]}
							}
						},
						{
							"origin": [-0.25, 0.73324, 0.77412],
							"size": [0.5, 0.75, 0.375],
							"inflate": -0.0005,
							"pivot": [0, 1.57141, 0],
							"rotation": [-18, 60, 0],
							"uv": {
								"north": {"uv": [0, 16], "uv_size": [0.5, 0.75]},
								"east": {"uv": [16, 0], "uv_size": [0.5, 0.75]},
								"south": {"uv": [1, 16], "uv_size": [0.5, 0.75]},
								"west": {"uv": [16, 1], "uv_size": [0.5, 0.75]},
								"up": {"uv": [21, 3], "uv_size": [0.5, 0.5]},
								"down": {"uv": [4, 21.5], "uv_size": [0.5, -0.5]}
							}
						},
						{
							"origin": [-0.3125, 2.0819, 0.85623],
							"size": [0.625, 0.625, 0.5625],
							"pivot": [0, 1.57141, 0],
							"rotation": [5, 60, 0],
							"uv": {
								"north": {"uv": [1, 9], "uv_size": [0.75, 0.75]},
								"east": {"uv": [2, 16], "uv_size": [0.5, 0.75]},
								"south": {"uv": [9, 1], "uv_size": [0.75, 0.75]},
								"west": {"uv": [16, 2], "uv_size": [0.5, 0.75]},
								"up": {"uv": [3, 16], "uv_size": [0.75, 0.5]},
								"down": {"uv": [16, 3.5], "uv_size": [0.75, -0.5]}
							}
						},
						{
							"origin": [-0.3125, 1.26559, 0.73618],
							"size": [0.625, 0.9375, 0.5625],
							"pivot": [0, 1.57141, 0],
							"rotation": [-7, 60, 0],
							"uv": {
								"north": {"uv": [2, 4], "uv_size": [0.75, 1]},
								"east": {"uv": [8, 10], "uv_size": [0.5, 1]},
								"south": {"uv": [4, 2], "uv_size": [0.75, 1]},
								"west": {"uv": [10, 8], "uv_size": [0.5, 1]},
								"up": {"uv": [4, 16], "uv_size": [0.75, 0.5]},
								"down": {"uv": [16, 4.5], "uv_size": [0.75, -0.5]}
							}
						},
						{
							"origin": [-0.3125, 2.0819, -1.41873],
							"size": [0.625, 0.625, 0.5625],
							"pivot": [0, 1.57141, 0],
							"rotation": [-5, -30, 0],
							"uv": {
								"north": {"uv": [2, 9], "uv_size": [0.75, 0.75]},
								"east": {"uv": [5, 16], "uv_size": [0.5, 0.75]},
								"south": {"uv": [9, 2], "uv_size": [0.75, 0.75]},
								"west": {"uv": [16, 5], "uv_size": [0.5, 0.75]},
								"up": {"uv": [6, 16], "uv_size": [0.75, 0.5]},
								"down": {"uv": [16, 6.5], "uv_size": [0.75, -0.5]}
							}
						},
						{
							"origin": [-0.25, 0.73324, -1.14912],
							"size": [0.5, 0.75, 0.375],
							"inflate": -0.0005,
							"pivot": [0, 1.57141, 0],
							"rotation": [18, -30, 0],
							"uv": {
								"north": {"uv": [7, 16], "uv_size": [0.5, 0.75]},
								"east": {"uv": [16, 7], "uv_size": [0.5, 0.75]},
								"south": {"uv": [8, 16], "uv_size": [0.5, 0.75]},
								"west": {"uv": [16, 8], "uv_size": [0.5, 0.75]},
								"up": {"uv": [21, 4], "uv_size": [0.5, 0.5]},
								"down": {"uv": [5, 21.5], "uv_size": [0.5, -0.5]}
							}
						},
						{
							"origin": [-0.25, 1.10824, -1.27412],
							"size": [0.5, 0.3125, 0.5],
							"pivot": [0, 1.57141, 0],
							"rotation": [18, -30, 0],
							"uv": {
								"north": {"uv": [25, 18], "uv_size": [0.5, 0.25]},
								"east": {"uv": [19, 25], "uv_size": [0.5, 0.25]},
								"south": {"uv": [25, 19], "uv_size": [0.5, 0.25]},
								"west": {"uv": [20, 25], "uv_size": [0.5, 0.25]},
								"up": {"uv": [21, 5], "uv_size": [0.5, 0.5]},
								"down": {"uv": [6, 21.5], "uv_size": [0.5, -0.5]}
							}
						},
						{
							"origin": [-0.3125, 1.8319, -1.23123],
							"size": [0.625, 0.9375, 0.375],
							"pivot": [0, 1.57141, 0],
							"rotation": [-5, -30, 0],
							"uv": {
								"north": {"uv": [3, 4], "uv_size": [0.75, 1]},
								"east": {"uv": [9, 10], "uv_size": [0.5, 1]},
								"south": {"uv": [4, 3], "uv_size": [0.75, 1]},
								"west": {"uv": [10, 9], "uv_size": [0.5, 1]},
								"up": {"uv": [9, 16], "uv_size": [0.75, 0.5]},
								"down": {"uv": [16, 9.5], "uv_size": [0.75, -0.5]}
							}
						},
						{
							"origin": [-0.3125, 1.8319, 0.85623],
							"size": [0.625, 0.9375, 0.375],
							"pivot": [0, 1.57141, 0],
							"rotation": [5, -30, 0],
							"uv": {
								"north": {"uv": [4, 4], "uv_size": [0.75, 1]},
								"east": {"uv": [21, 6], "uv_size": [0.25, 1]},
								"south": {"uv": [0, 5], "uv_size": [0.75, 1]},
								"west": {"uv": [7, 21], "uv_size": [0.25, 1]},
								"up": {"uv": [23, 1], "uv_size": [0.75, 0.25]},
								"down": {"uv": [2, 23.25], "uv_size": [0.75, -0.25]}
							}
						},
						{
							"origin": [-0.25, 1.10824, 0.77412],
							"size": [0.5, 0.3125, 0.5],
							"pivot": [0, 1.57141, 0],
							"rotation": [-18, -30, 0],
							"uv": {
								"north": {"uv": [25, 20], "uv_size": [0.5, 0.25]},
								"east": {"uv": [21, 25], "uv_size": [0.5, 0.25]},
								"south": {"uv": [25, 21], "uv_size": [0.5, 0.25]},
								"west": {"uv": [22, 25], "uv_size": [0.5, 0.25]},
								"up": {"uv": [21, 7], "uv_size": [0.5, 0.5]},
								"down": {"uv": [8, 21.5], "uv_size": [0.5, -0.5]}
							}
						},
						{
							"origin": [-0.25, 0.73324, 0.77412],
							"size": [0.5, 0.75, 0.375],
							"inflate": -0.0005,
							"pivot": [0, 1.57141, 0],
							"rotation": [-18, -30, 0],
							"uv": {
								"north": {"uv": [10, 16], "uv_size": [0.5, 0.75]},
								"east": {"uv": [16, 10], "uv_size": [0.5, 0.75]},
								"south": {"uv": [11, 16], "uv_size": [0.5, 0.75]},
								"west": {"uv": [16, 11], "uv_size": [0.5, 0.75]},
								"up": {"uv": [21, 8], "uv_size": [0.5, 0.5]},
								"down": {"uv": [9, 21.5], "uv_size": [0.5, -0.5]}
							}
						},
						{
							"origin": [-0.3125, 2.0819, 0.85623],
							"size": [0.625, 0.625, 0.5625],
							"pivot": [0, 1.57141, 0],
							"rotation": [5, -30, 0],
							"uv": {
								"north": {"uv": [9, 3], "uv_size": [0.75, 0.75]},
								"east": {"uv": [12, 16], "uv_size": [0.5, 0.75]},
								"south": {"uv": [4, 9], "uv_size": [0.75, 0.75]},
								"west": {"uv": [16, 12], "uv_size": [0.5, 0.75]},
								"up": {"uv": [13, 16], "uv_size": [0.75, 0.5]},
								"down": {"uv": [16, 13.5], "uv_size": [0.75, -0.5]}
							}
						},
						{
							"origin": [-0.3125, 1.26559, -1.29868],
							"size": [0.625, 0.9375, 0.5625],
							"pivot": [0, 1.57141, 0],
							"rotation": [7, -60, 0],
							"uv": {
								"north": {"uv": [5, 0], "uv_size": [0.75, 1]},
								"east": {"uv": [10, 10], "uv_size": [0.5, 1]},
								"south": {"uv": [1, 5], "uv_size": [0.75, 1]},
								"west": {"uv": [0, 11], "uv_size": [0.5, 1]},
								"up": {"uv": [14, 16], "uv_size": [0.75, 0.5]},
								"down": {"uv": [16, 14.5], "uv_size": [0.75, -0.5]}
							}
						},
						{
							"origin": [-0.3125, 2.0819, -1.41873],
							"size": [0.625, 0.625, 0.5625],
							"pivot": [0, 1.57141, 0],
							"rotation": [-5, -60, 0],
							"uv": {
								"north": {"uv": [9, 4], "uv_size": [0.75, 0.75]},
								"east": {"uv": [15, 16], "uv_size": [0.5, 0.75]},
								"south": {"uv": [5, 9], "uv_size": [0.75, 0.75]},
								"west": {"uv": [16, 15], "uv_size": [0.5, 0.75]},
								"up": {"uv": [16, 16], "uv_size": [0.75, 0.5]},
								"down": {"uv": [0, 17.5], "uv_size": [0.75, -0.5]}
							}
						},
						{
							"origin": [-0.25, 0.73324, -1.14912],
							"size": [0.5, 0.75, 0.375],
							"inflate": -0.0005,
							"pivot": [0, 1.57141, 0],
							"rotation": [18, -60, 0],
							"uv": {
								"north": {"uv": [17, 0], "uv_size": [0.5, 0.75]},
								"east": {"uv": [1, 17], "uv_size": [0.5, 0.75]},
								"south": {"uv": [17, 1], "uv_size": [0.5, 0.75]},
								"west": {"uv": [2, 17], "uv_size": [0.5, 0.75]},
								"up": {"uv": [21, 9], "uv_size": [0.5, 0.5]},
								"down": {"uv": [10, 21.5], "uv_size": [0.5, -0.5]}
							}
						},
						{
							"origin": [-0.25, 1.10824, -1.27412],
							"size": [0.5, 0.3125, 0.5],
							"pivot": [0, 1.57141, 0],
							"rotation": [18, -60, 0],
							"uv": {
								"north": {"uv": [25, 22], "uv_size": [0.5, 0.25]},
								"east": {"uv": [23, 25], "uv_size": [0.5, 0.25]},
								"south": {"uv": [25, 23], "uv_size": [0.5, 0.25]},
								"west": {"uv": [24, 25], "uv_size": [0.5, 0.25]},
								"up": {"uv": [21, 10], "uv_size": [0.5, 0.5]},
								"down": {"uv": [11, 21.5], "uv_size": [0.5, -0.5]}
							}
						},
						{
							"origin": [-0.3125, 1.8319, -1.23123],
							"size": [0.625, 0.9375, 0.375],
							"pivot": [0, 1.57141, 0],
							"rotation": [-5, -60, 0],
							"uv": {
								"north": {"uv": [5, 1], "uv_size": [0.75, 1]},
								"east": {"uv": [11, 0], "uv_size": [0.5, 1]},
								"south": {"uv": [2, 5], "uv_size": [0.75, 1]},
								"west": {"uv": [1, 11], "uv_size": [0.5, 1]},
								"up": {"uv": [17, 2], "uv_size": [0.75, 0.5]},
								"down": {"uv": [3, 17.5], "uv_size": [0.75, -0.5]}
							}
						},
						{
							"origin": [-0.25, 1.13963, -1.3552],
							"size": [0.5, 0.39528, 0.25],
							"pivot": [0, 1.57141, 0],
							"rotation": [36.43495, -60, 0],
							"uv": {
								"north": {"uv": [21, 11], "uv_size": [0.5, 0.5]},
								"east": {"uv": [25, 24], "uv_size": [0.25, 0.5]},
								"south": {"uv": [12, 21], "uv_size": [0.5, 0.5]},
								"west": {"uv": [25, 25], "uv_size": [0.25, 0.5]},
								"up": {"uv": [0, 26], "uv_size": [0.5, 0.25]},
								"down": {"uv": [26, 0.25], "uv_size": [0.5, -0.25]}
							}
						},
						{
							"origin": [-0.25, 1.13963, 1.1052],
							"size": [0.5, 0.39528, 0.25],
							"pivot": [0, 1.57141, 0],
							"rotation": [-36.43495, -60, 0],
							"uv": {
								"north": {"uv": [21, 12], "uv_size": [0.5, 0.5]},
								"east": {"uv": [1, 26], "uv_size": [0.25, 0.5]},
								"south": {"uv": [13, 21], "uv_size": [0.5, 0.5]},
								"west": {"uv": [26, 1], "uv_size": [0.25, 0.5]},
								"up": {"uv": [2, 26], "uv_size": [0.5, 0.25]},
								"down": {"uv": [26, 2.25], "uv_size": [0.5, -0.25]}
							}
						},
						{
							"origin": [-0.3125, 1.8319, 0.85623],
							"size": [0.625, 0.9375, 0.375],
							"pivot": [0, 1.57141, 0],
							"rotation": [5, -60, 0],
							"uv": {
								"north": {"uv": [5, 2], "uv_size": [0.75, 1]},
								"east": {"uv": [21, 13], "uv_size": [0.25, 1]},
								"south": {"uv": [3, 5], "uv_size": [0.75, 1]},
								"west": {"uv": [14, 21], "uv_size": [0.25, 1]},
								"up": {"uv": [23, 2], "uv_size": [0.75, 0.25]},
								"down": {"uv": [3, 23.25], "uv_size": [0.75, -0.25]}
							}
						},
						{
							"origin": [-0.25, 1.10824, 0.77412],
							"size": [0.5, 0.3125, 0.5],
							"pivot": [0, 1.57141, 0],
							"rotation": [-18, -60, 0],
							"uv": {
								"north": {"uv": [3, 26], "uv_size": [0.5, 0.25]},
								"east": {"uv": [26, 3], "uv_size": [0.5, 0.25]},
								"south": {"uv": [4, 26], "uv_size": [0.5, 0.25]},
								"west": {"uv": [26, 4], "uv_size": [0.5, 0.25]},
								"up": {"uv": [21, 14], "uv_size": [0.5, 0.5]},
								"down": {"uv": [15, 21.5], "uv_size": [0.5, -0.5]}
							}
						},
						{
							"origin": [-0.25, 0.73324, 0.77412],
							"size": [0.5, 0.75, 0.375],
							"inflate": -0.0005,
							"pivot": [0, 1.57141, 0],
							"rotation": [-18, -60, 0],
							"uv": {
								"north": {"uv": [17, 3], "uv_size": [0.5, 0.75]},
								"east": {"uv": [4, 17], "uv_size": [0.5, 0.75]},
								"south": {"uv": [17, 4], "uv_size": [0.5, 0.75]},
								"west": {"uv": [5, 17], "uv_size": [0.5, 0.75]},
								"up": {"uv": [21, 15], "uv_size": [0.5, 0.5]},
								"down": {"uv": [16, 21.5], "uv_size": [0.5, -0.5]}
							}
						},
						{
							"origin": [-0.3125, 2.0819, 0.85623],
							"size": [0.625, 0.625, 0.5625],
							"pivot": [0, 1.57141, 0],
							"rotation": [5, -60, 0],
							"uv": {
								"north": {"uv": [9, 5], "uv_size": [0.75, 0.75]},
								"east": {"uv": [17, 5], "uv_size": [0.5, 0.75]},
								"south": {"uv": [6, 9], "uv_size": [0.75, 0.75]},
								"west": {"uv": [6, 17], "uv_size": [0.5, 0.75]},
								"up": {"uv": [17, 6], "uv_size": [0.75, 0.5]},
								"down": {"uv": [7, 17.5], "uv_size": [0.75, -0.5]}
							}
						},
						{
							"origin": [-0.3125, 1.26559, 0.73618],
							"size": [0.625, 0.9375, 0.5625],
							"pivot": [0, 1.57141, 0],
							"rotation": [-7, -60, 0],
							"uv": {
								"north": {"uv": [5, 3], "uv_size": [0.75, 1]},
								"east": {"uv": [11, 1], "uv_size": [0.5, 1]},
								"south": {"uv": [4, 5], "uv_size": [0.75, 1]},
								"west": {"uv": [2, 11], "uv_size": [0.5, 1]},
								"up": {"uv": [17, 7], "uv_size": [0.75, 0.5]},
								"down": {"uv": [8, 17.5], "uv_size": [0.75, -0.5]}
							}
						},
						{
							"origin": [-0.3125, 1.26559, -1.29868],
							"size": [0.625, 0.9375, 0.5625],
							"pivot": [0, 1.57141, 0],
							"rotation": [0, -90, 7],
							"uv": {
								"north": {"uv": [5, 4], "uv_size": [0.75, 1]},
								"east": {"uv": [11, 2], "uv_size": [0.5, 1]},
								"south": {"uv": [5, 5], "uv_size": [0.75, 1]},
								"west": {"uv": [3, 11], "uv_size": [0.5, 1]},
								"up": {"uv": [17, 8], "uv_size": [0.75, 0.5]},
								"down": {"uv": [9, 17.5], "uv_size": [0.75, -0.5]}
							}
						},
						{
							"origin": [-0.3125, 2.0819, -1.41873],
							"size": [0.625, 0.625, 0.5625],
							"pivot": [0, 1.57141, 0],
							"rotation": [0, -90, -5],
							"uv": {
								"north": {"uv": [9, 6], "uv_size": [0.75, 0.75]},
								"east": {"uv": [17, 9], "uv_size": [0.5, 0.75]},
								"south": {"uv": [7, 9], "uv_size": [0.75, 0.75]},
								"west": {"uv": [10, 17], "uv_size": [0.5, 0.75]},
								"up": {"uv": [17, 10], "uv_size": [0.75, 0.5]},
								"down": {"uv": [11, 17.5], "uv_size": [0.75, -0.5]}
							}
						},
						{
							"origin": [-0.25, 0.73324, -1.14912],
							"size": [0.5, 0.75, 0.375],
							"inflate": -0.0005,
							"pivot": [0, 1.57141, 0],
							"rotation": [0, -90, 18],
							"uv": {
								"north": {"uv": [17, 11], "uv_size": [0.5, 0.75]},
								"east": {"uv": [12, 17], "uv_size": [0.5, 0.75]},
								"south": {"uv": [17, 12], "uv_size": [0.5, 0.75]},
								"west": {"uv": [13, 17], "uv_size": [0.5, 0.75]},
								"up": {"uv": [21, 16], "uv_size": [0.5, 0.5]},
								"down": {"uv": [17, 21.5], "uv_size": [0.5, -0.5]}
							}
						},
						{
							"origin": [-0.25, 1.10824, -1.27412],
							"size": [0.5, 0.3125, 0.5],
							"pivot": [0, 1.57141, 0],
							"rotation": [0, -90, 18],
							"uv": {
								"north": {"uv": [5, 26], "uv_size": [0.5, 0.25]},
								"east": {"uv": [26, 5], "uv_size": [0.5, 0.25]},
								"south": {"uv": [6, 26], "uv_size": [0.5, 0.25]},
								"west": {"uv": [26, 6], "uv_size": [0.5, 0.25]},
								"up": {"uv": [21, 17], "uv_size": [0.5, 0.5]},
								"down": {"uv": [18, 21.5], "uv_size": [0.5, -0.5]}
							}
						},
						{
							"origin": [-0.3125, 1.8319, -1.23123],
							"size": [0.625, 0.9375, 0.375],
							"pivot": [0, 1.57141, 0],
							"rotation": [0, -90, -5],
							"uv": {
								"north": {"uv": [0, 6], "uv_size": [0.75, 1]},
								"east": {"uv": [11, 3], "uv_size": [0.5, 1]},
								"south": {"uv": [6, 0], "uv_size": [0.75, 1]},
								"west": {"uv": [4, 11], "uv_size": [0.5, 1]},
								"up": {"uv": [17, 13], "uv_size": [0.75, 0.5]},
								"down": {"uv": [14, 17.5], "uv_size": [0.75, -0.5]}
							}
						},
						{
							"origin": [-0.25, 1.13963, -1.3552],
							"size": [0.5, 0.39528, 0.25],
							"pivot": [0, 1.57141, 0],
							"rotation": [0, -90, 36.43495],
							"uv": {
								"north": {"uv": [21, 18], "uv_size": [0.5, 0.5]},
								"east": {"uv": [7, 26], "uv_size": [0.25, 0.5]},
								"south": {"uv": [19, 21], "uv_size": [0.5, 0.5]},
								"west": {"uv": [26, 7], "uv_size": [0.25, 0.5]},
								"up": {"uv": [8, 26], "uv_size": [0.5, 0.25]},
								"down": {"uv": [26, 8.25], "uv_size": [0.5, -0.25]}
							}
						},
						{
							"origin": [-0.25, 1.13963, 1.1052],
							"size": [0.5, 0.39528, 0.25],
							"pivot": [0, 1.57141, 0],
							"rotation": [0, -90, -36.43495],
							"uv": {
								"north": {"uv": [21, 19], "uv_size": [0.5, 0.5]},
								"east": {"uv": [9, 26], "uv_size": [0.25, 0.5]},
								"south": {"uv": [20, 21], "uv_size": [0.5, 0.5]},
								"west": {"uv": [26, 9], "uv_size": [0.25, 0.5]},
								"up": {"uv": [10, 26], "uv_size": [0.5, 0.25]},
								"down": {"uv": [26, 10.25], "uv_size": [0.5, -0.25]}
							}
						},
						{
							"origin": [-0.3125, 1.8319, 0.85623],
							"size": [0.625, 0.9375, 0.375],
							"pivot": [0, 1.57141, 0],
							"rotation": [0, -90, 5],
							"uv": {
								"north": {"uv": [1, 6], "uv_size": [0.75, 1]},
								"east": {"uv": [21, 20], "uv_size": [0.25, 1]},
								"south": {"uv": [6, 1], "uv_size": [0.75, 1]},
								"west": {"uv": [21, 21], "uv_size": [0.25, 1]},
								"up": {"uv": [23, 3], "uv_size": [0.75, 0.25]},
								"down": {"uv": [4, 23.25], "uv_size": [0.75, -0.25]}
							}
						},
						{
							"origin": [-0.25, 1.10824, 0.77412],
							"size": [0.5, 0.3125, 0.5],
							"pivot": [0, 1.57141, 0],
							"rotation": [0, -90, -18],
							"uv": {
								"north": {"uv": [11, 26], "uv_size": [0.5, 0.25]},
								"east": {"uv": [26, 11], "uv_size": [0.5, 0.25]},
								"south": {"uv": [12, 26], "uv_size": [0.5, 0.25]},
								"west": {"uv": [26, 12], "uv_size": [0.5, 0.25]},
								"up": {"uv": [0, 22], "uv_size": [0.5, 0.5]},
								"down": {"uv": [22, 0.5], "uv_size": [0.5, -0.5]}
							}
						},
						{
							"origin": [-0.25, 0.73324, 0.77412],
							"size": [0.5, 0.75, 0.375],
							"inflate": -0.0005,
							"pivot": [0, 1.57141, 0],
							"rotation": [0, -90, -18],
							"uv": {
								"north": {"uv": [17, 14], "uv_size": [0.5, 0.75]},
								"east": {"uv": [15, 17], "uv_size": [0.5, 0.75]},
								"south": {"uv": [17, 15], "uv_size": [0.5, 0.75]},
								"west": {"uv": [16, 17], "uv_size": [0.5, 0.75]},
								"up": {"uv": [1, 22], "uv_size": [0.5, 0.5]},
								"down": {"uv": [22, 1.5], "uv_size": [0.5, -0.5]}
							}
						},
						{
							"origin": [-0.3125, 2.0819, 0.85623],
							"size": [0.625, 0.625, 0.5625],
							"pivot": [0, 1.57141, 0],
							"rotation": [0, -90, 5],
							"uv": {
								"north": {"uv": [9, 7], "uv_size": [0.75, 0.75]},
								"east": {"uv": [17, 16], "uv_size": [0.5, 0.75]},
								"south": {"uv": [8, 9], "uv_size": [0.75, 0.75]},
								"west": {"uv": [17, 17], "uv_size": [0.5, 0.75]},
								"up": {"uv": [0, 18], "uv_size": [0.75, 0.5]},
								"down": {"uv": [18, 0.5], "uv_size": [0.75, -0.5]}
							}
						},
						{
							"origin": [-0.3125, 1.26559, 0.73618],
							"size": [0.625, 0.9375, 0.5625],
							"pivot": [0, 1.57141, 0],
							"rotation": [0, -90, -7],
							"uv": {
								"north": {"uv": [2, 6], "uv_size": [0.75, 1]},
								"east": {"uv": [11, 4], "uv_size": [0.5, 1]},
								"south": {"uv": [6, 2], "uv_size": [0.75, 1]},
								"west": {"uv": [5, 11], "uv_size": [0.5, 1]},
								"up": {"uv": [1, 18], "uv_size": [0.75, 0.5]},
								"down": {"uv": [18, 1.5], "uv_size": [0.75, -0.5]}
							}
						},
						{
							"origin": [-0.6875, 0.21875, -0.28477],
							"size": [1.375, 0.25, 0.56954],
							"inflate": 0.0007,
							"uv": {
								"north": {"uv": [2, 18], "uv_size": [1.5, 0.25]},
								"east": {"uv": [13, 26], "uv_size": [0.5, 0.25]},
								"south": {"uv": [18, 2], "uv_size": [1.5, 0.25]},
								"west": {"uv": [26, 13], "uv_size": [0.5, 0.25]},
								"up": {"uv": [3, 6], "uv_size": [1.5, 0.5]},
								"down": {"uv": [6, 3.5], "uv_size": [1.5, -0.5]}
							}
						},
						{
							"origin": [-0.6875, 0.21875, -0.28477],
							"size": [1.375, 0.25, 0.56954],
							"pivot": [0, 0.34375, 0],
							"rotation": [0, -45, 0],
							"uv": {
								"north": {"uv": [18, 3], "uv_size": [1.5, 0.25]},
								"east": {"uv": [14, 26], "uv_size": [0.5, 0.25]},
								"south": {"uv": [4, 18], "uv_size": [1.5, 0.25]},
								"west": {"uv": [26, 14], "uv_size": [0.5, 0.25]},
								"up": {"uv": [6, 4], "uv_size": [1.5, 0.5]},
								"down": {"uv": [5, 6.5], "uv_size": [1.5, -0.5]}
							}
						},
						{
							"origin": [-0.28477, 0.21875, -0.6875],
							"size": [0.56954, 0.25, 1.375],
							"inflate": 0.0005,
							"uv": {
								"north": {"uv": [15, 26], "uv_size": [0.5, 0.25]},
								"east": {"uv": [18, 4], "uv_size": [1.5, 0.25]},
								"south": {"uv": [26, 15], "uv_size": [0.5, 0.25]},
								"west": {"uv": [18, 5], "uv_size": [1.5, 0.25]},
								"up": {"uv": [0, 7], "uv_size": [0.5, 1.5]},
								"down": {"uv": [7, 1.5], "uv_size": [0.5, -1.5]}
							}
						},
						{
							"origin": [-0.28477, 0.21875, -0.6875],
							"size": [0.56954, 0.25, 1.375],
							"pivot": [0, 0.34375, 0],
							"rotation": [0, -45, 0],
							"uv": {
								"north": {"uv": [16, 26], "uv_size": [0.5, 0.25]},
								"east": {"uv": [6, 18], "uv_size": [1.5, 0.25]},
								"south": {"uv": [26, 16], "uv_size": [0.5, 0.25]},
								"west": {"uv": [18, 6], "uv_size": [1.5, 0.25]},
								"up": {"uv": [1, 7], "uv_size": [0.5, 1.5]},
								"down": {"uv": [2, 8.5], "uv_size": [0.5, -1.5]}
							}
						},
						{
							"origin": [-0.78125, 0.03125, -0.3236],
							"size": [0.125, 0.25, 0.64721],
							"uv": {
								"north": {"uv": [29, 0], "uv_size": [0.25, 0.25]},
								"east": {"uv": [23, 4], "uv_size": [0.75, 0.25]},
								"south": {"uv": [1, 29], "uv_size": [0.25, 0.25]},
								"west": {"uv": [5, 23], "uv_size": [0.75, 0.25]},
								"up": {"uv": [23, 5], "uv_size": [0.25, 0.75]},
								"down": {"uv": [6, 23.75], "uv_size": [0.25, -0.75]}
							}
						},
						{
							"origin": [-0.78125, 0.03125, -0.3236],
							"size": [0.125, 0.25, 0.64721],
							"pivot": [0, 0.125, 0],
							"rotation": [0, -45, 0],
							"uv": {
								"north": {"uv": [29, 1], "uv_size": [0.25, 0.25]},
								"east": {"uv": [23, 6], "uv_size": [0.75, 0.25]},
								"south": {"uv": [2, 29], "uv_size": [0.25, 0.25]},
								"west": {"uv": [7, 23], "uv_size": [0.75, 0.25]},
								"up": {"uv": [23, 7], "uv_size": [0.25, 0.75]},
								"down": {"uv": [8, 23.75], "uv_size": [0.25, -0.75]}
							}
						},
						{
							"origin": [0.65625, 0.03125, -0.3236],
							"size": [0.125, 0.25, 0.64721],
							"uv": {
								"north": {"uv": [29, 2], "uv_size": [0.25, 0.25]},
								"east": {"uv": [23, 8], "uv_size": [0.75, 0.25]},
								"south": {"uv": [3, 29], "uv_size": [0.25, 0.25]},
								"west": {"uv": [9, 23], "uv_size": [0.75, 0.25]},
								"up": {"uv": [23, 9], "uv_size": [0.25, 0.75]},
								"down": {"uv": [10, 23.75], "uv_size": [0.25, -0.75]}
							}
						},
						{
							"origin": [0.65625, 0.03125, -0.3236],
							"size": [0.125, 0.25, 0.64721],
							"pivot": [0, 0.125, 0],
							"rotation": [0, -45, 0],
							"uv": {
								"north": {"uv": [29, 3], "uv_size": [0.25, 0.25]},
								"east": {"uv": [23, 10], "uv_size": [0.75, 0.25]},
								"south": {"uv": [4, 29], "uv_size": [0.25, 0.25]},
								"west": {"uv": [11, 23], "uv_size": [0.75, 0.25]},
								"up": {"uv": [23, 11], "uv_size": [0.25, 0.75]},
								"down": {"uv": [12, 23.75], "uv_size": [0.25, -0.75]}
							}
						},
						{
							"origin": [-0.3236, 0.03125, 0.65625],
							"size": [0.64721, 0.25, 0.125],
							"uv": {
								"north": {"uv": [23, 12], "uv_size": [0.75, 0.25]},
								"east": {"uv": [29, 4], "uv_size": [0.25, 0.25]},
								"south": {"uv": [13, 23], "uv_size": [0.75, 0.25]},
								"west": {"uv": [5, 29], "uv_size": [0.25, 0.25]},
								"up": {"uv": [23, 13], "uv_size": [0.75, 0.25]},
								"down": {"uv": [14, 23.25], "uv_size": [0.75, -0.25]}
							}
						},
						{
							"origin": [-0.3236, 0.03125, 0.65625],
							"size": [0.20971, 0.25, 0.125],
							"pivot": [0, 0.125, 0],
							"rotation": [0, -45, 0],
							"uv": {
								"north": {"uv": [29, 5], "uv_size": [0.25, 0.25]},
								"east": {"uv": [6, 29], "uv_size": [0.25, 0.25]},
								"south": {"uv": [29, 6], "uv_size": [0.25, 0.25]},
								"west": {"uv": [7, 29], "uv_size": [0.25, 0.25]},
								"up": {"uv": [29, 7], "uv_size": [0.25, 0.25]},
								"down": {"uv": [8, 29.25], "uv_size": [0.25, -0.25]}
							}
						},
						{
							"origin": [0.1139, 0.03125, 0.65625],
							"size": [0.20971, 0.25, 0.125],
							"pivot": [0, 0.125, 0],
							"rotation": [0, -45, 0],
							"uv": {
								"north": {"uv": [29, 8], "uv_size": [0.25, 0.25]},
								"east": {"uv": [9, 29], "uv_size": [0.25, 0.25]},
								"south": {"uv": [29, 9], "uv_size": [0.25, 0.25]},
								"west": {"uv": [10, 29], "uv_size": [0.25, 0.25]},
								"up": {"uv": [29, 10], "uv_size": [0.25, 0.25]},
								"down": {"uv": [11, 29.25], "uv_size": [0.25, -0.25]}
							}
						},
						{
							"origin": [-0.3236, 0.03125, -0.78125],
							"size": [0.64721, 0.25, 0.125],
							"uv": {
								"north": {"uv": [23, 14], "uv_size": [0.75, 0.25]},
								"east": {"uv": [29, 11], "uv_size": [0.25, 0.25]},
								"south": {"uv": [15, 23], "uv_size": [0.75, 0.25]},
								"west": {"uv": [12, 29], "uv_size": [0.25, 0.25]},
								"up": {"uv": [23, 15], "uv_size": [0.75, 0.25]},
								"down": {"uv": [16, 23.25], "uv_size": [0.75, -0.25]}
							}
						},
						{
							"origin": [0.1139, 0.03125, -0.78125],
							"size": [0.20971, 0.25, 0.125],
							"pivot": [0, 0.125, 0],
							"rotation": [0, -45, 0],
							"uv": {
								"north": {"uv": [29, 12], "uv_size": [0.25, 0.25]},
								"east": {"uv": [13, 29], "uv_size": [0.25, 0.25]},
								"south": {"uv": [29, 13], "uv_size": [0.25, 0.25]},
								"west": {"uv": [14, 29], "uv_size": [0.25, 0.25]},
								"up": {"uv": [29, 14], "uv_size": [0.25, 0.25]},
								"down": {"uv": [15, 29.25], "uv_size": [0.25, -0.25]}
							}
						},
						{
							"origin": [-0.3236, 0.03125, -0.78125],
							"size": [0.20971, 0.25, 0.125],
							"pivot": [0, 0.125, 0],
							"rotation": [0, -45, 0],
							"uv": {
								"north": {"uv": [29, 15], "uv_size": [0.25, 0.25]},
								"east": {"uv": [16, 29], "uv_size": [0.25, 0.25]},
								"south": {"uv": [29, 16], "uv_size": [0.25, 0.25]},
								"west": {"uv": [17, 29], "uv_size": [0.25, 0.25]},
								"up": {"uv": [29, 17], "uv_size": [0.25, 0.25]},
								"down": {"uv": [18, 29.25], "uv_size": [0.25, -0.25]}
							}
						},
						{
							"origin": [0.375, 3.3125, -0.3125],
							"size": [0.125, 1.125, 0.4375],
							"uv": {
								"north": {"uv": [18, 17], "uv_size": [0.25, 1.25]},
								"east": {"uv": [7, 7], "uv_size": [0.5, 1.25]},
								"south": {"uv": [0, 19], "uv_size": [0.25, 1.25]},
								"west": {"uv": [8, 0], "uv_size": [0.5, 1.25]},
								"up": {"uv": [17, 26], "uv_size": [0.25, 0.5]},
								"down": {"uv": [26, 17.5], "uv_size": [0.25, -0.5]}
							}
						},
						{
							"origin": [0.375, 3.5625, -0.9375],
							"size": [0.125, 0.5, 0.625],
							"inflate": -0.0005,
							"pivot": [0.5, 4.0625, -0.3125],
							"rotation": [45, 0, 0],
							"uv": {
								"north": {"uv": [18, 26], "uv_size": [0.25, 0.5]},
								"east": {"uv": [18, 7], "uv_size": [0.75, 0.5]},
								"south": {"uv": [26, 18], "uv_size": [0.25, 0.5]},
								"west": {"uv": [8, 18], "uv_size": [0.75, 0.5]},
								"up": {"uv": [23, 16], "uv_size": [0.25, 0.75]},
								"down": {"uv": [17, 23.75], "uv_size": [0.25, -0.75]}
							}
						},
						{
							"origin": [0.375, 3.45895, -0.97855],
							"size": [0.125, 0.25, 0.3125],
							"pivot": [0.5, 3.70895, -0.66605],
							"rotation": [22.5, 0, 0],
							"uv": {
								"north": {"uv": [29, 18], "uv_size": [0.25, 0.25]},
								"east": {"uv": [19, 29], "uv_size": [0.25, 0.25]},
								"south": {"uv": [29, 19], "uv_size": [0.25, 0.25]},
								"west": {"uv": [20, 29], "uv_size": [0.25, 0.25]},
								"up": {"uv": [29, 20], "uv_size": [0.25, 0.25]},
								"down": {"uv": [21, 29.25], "uv_size": [0.25, -0.25]}
							}
						},
						{
							"origin": [-0.5, 3.5625, -0.9375],
							"size": [0.125, 0.5, 0.625],
							"inflate": -0.0005,
							"pivot": [-0.5, 4.0625, -0.3125],
							"rotation": [45, 0, 0],
							"uv": {
								"north": {"uv": [19, 26], "uv_size": [0.25, 0.5]},
								"east": {"uv": [18, 8], "uv_size": [0.75, 0.5]},
								"south": {"uv": [26, 19], "uv_size": [0.25, 0.5]},
								"west": {"uv": [9, 18], "uv_size": [0.75, 0.5]},
								"up": {"uv": [23, 17], "uv_size": [0.25, 0.75]},
								"down": {"uv": [18, 23.75], "uv_size": [0.25, -0.75]}
							}
						},
						{
							"origin": [-0.5, 3.45895, -0.97855],
							"size": [0.125, 0.25, 0.3125],
							"pivot": [-0.5, 3.70895, -0.66605],
							"rotation": [22.5, 0, 0],
							"uv": {
								"north": {"uv": [29, 21], "uv_size": [0.25, 0.25]},
								"east": {"uv": [22, 29], "uv_size": [0.25, 0.25]},
								"south": {"uv": [29, 22], "uv_size": [0.25, 0.25]},
								"west": {"uv": [23, 29], "uv_size": [0.25, 0.25]},
								"up": {"uv": [29, 23], "uv_size": [0.25, 0.25]},
								"down": {"uv": [24, 29.25], "uv_size": [0.25, -0.25]}
							}
						},
						{
							"origin": [0.375, 3.3125, 0.125],
							"size": [0.125, 0.9375, 0.5],
							"uv": {
								"north": {"uv": [2, 22], "uv_size": [0.25, 1]},
								"east": {"uv": [11, 5], "uv_size": [0.5, 1]},
								"west": {"uv": [6, 11], "uv_size": [0.5, 1]},
								"up": {"uv": [20, 26], "uv_size": [0.25, 0.5]},
								"down": {"uv": [26, 20.5], "uv_size": [0.25, -0.5]}
							}
						},
						{
							"origin": [0.375, 4.25, 0.25],
							"size": [0.125, 0.1875, 0.25],
							"uv": {
								"north": {"uv": [29, 24], "uv_size": [0.25, 0.25]},
								"east": {"uv": [25, 29], "uv_size": [0.25, 0.25]},
								"west": {"uv": [29, 25], "uv_size": [0.25, 0.25]},
								"up": {"uv": [26, 29], "uv_size": [0.25, 0.25]},
								"down": {"uv": [29, 26.25], "uv_size": [0.25, -0.25]}
							}
						},
						{
							"origin": [0.375, 4.25, 0.5],
							"size": [0.125, 0.0625, 0.125],
							"uv": {
								"east": {"uv": [27, 29], "uv_size": [0.25, 0.25]},
								"south": {"uv": [29, 27], "uv_size": [0.25, 0.25]},
								"west": {"uv": [28, 29], "uv_size": [0.25, 0.25]},
								"down": {"uv": [29, 28.25], "uv_size": [0.25, -0.25]}
							}
						},
						{
							"origin": [0.375, 4.3125, 0.5],
							"size": [0.125, 0.17678, 0.125],
							"inflate": -0.0005,
							"pivot": [1.0625, 4.3125, 0.625],
							"rotation": [45, 0, 0],
							"uv": {
								"north": {"uv": [29, 29], "uv_size": [0.25, 0.25]},
								"east": {"uv": [0, 30], "uv_size": [0.25, 0.25]},
								"south": {"uv": [30, 0], "uv_size": [0.25, 0.25]},
								"west": {"uv": [1, 30], "uv_size": [0.25, 0.25]},
								"up": {"uv": [30, 1], "uv_size": [0.25, 0.25]},
								"down": {"uv": [2, 30.25], "uv_size": [0.25, -0.25]}
							}
						},
						{
							"origin": [0.375, 4.0499, 0.52739],
							"size": [0.125, 0.2001, 0.09761],
							"inflate": -0.0005,
							"pivot": [1.0625, 4.25, 0.625],
							"rotation": [38.65981, 0, 0],
							"uv": {
								"north": {"uv": [30, 2], "uv_size": [0.25, 0.25]},
								"east": {"uv": [3, 30], "uv_size": [0.25, 0.25]},
								"south": {"uv": [30, 3], "uv_size": [0.25, 0.25]},
								"west": {"uv": [4, 30], "uv_size": [0.25, 0.25]},
								"up": {"uv": [30, 4], "uv_size": [0.25, 0.25]},
								"down": {"uv": [5, 30.25], "uv_size": [0.25, -0.25]}
							}
						},
						{
							"origin": [0.375, 3.3125, 0.625],
							"size": [0.125, 0.78125, 0.125],
							"uv": {
								"north": {"uv": [23, 18], "uv_size": [0.25, 0.75]},
								"east": {"uv": [19, 23], "uv_size": [0.25, 0.75]},
								"west": {"uv": [23, 19], "uv_size": [0.25, 0.75]},
								"down": {"uv": [30, 5.25], "uv_size": [0.25, -0.25]}
							}
						},
						{
							"origin": [0.375, 3.85299, 0.75],
							"size": [0.125, 0.24076, 0.39961],
							"inflate": -0.0005,
							"pivot": [0.5, 4.09375, 0.75],
							"rotation": [-15.62488, 0, 0],
							"uv": {
								"north": {"uv": [6, 30], "uv_size": [0.25, 0.25]},
								"east": {"uv": [21, 26], "uv_size": [0.5, 0.25]},
								"west": {"uv": [26, 21], "uv_size": [0.5, 0.25]},
								"up": {"uv": [22, 26], "uv_size": [0.25, 0.5]},
								"down": {"uv": [26, 22.5], "uv_size": [0.25, -0.5]}
							}
						},
						{
							"origin": [0.375, 3.75515, 1.13484],
							"size": [0.125, 0.23097, 0.16526],
							"inflate": -0.001,
							"pivot": [1.0625, 3.98612, 1.13484],
							"rotation": [-59.48615, 0, 0],
							"uv": {
								"north": {"uv": [30, 6], "uv_size": [0.25, 0.25]},
								"east": {"uv": [7, 30], "uv_size": [0.25, 0.25]},
								"south": {"uv": [30, 7], "uv_size": [0.25, 0.25]},
								"west": {"uv": [8, 30], "uv_size": [0.25, 0.25]},
								"up": {"uv": [30, 8], "uv_size": [0.25, 0.25]},
								"down": {"uv": [9, 30.25], "uv_size": [0.25, -0.25]}
							}
						},
						{
							"origin": [0.375, 3.0625, 0.75],
							"size": [0.125, 0.78125, 0.46875],
							"uv": {
								"north": {"uv": [20, 23], "uv_size": [0.25, 0.75]},
								"east": {"uv": [18, 9], "uv_size": [0.5, 0.75]},
								"south": {"uv": [23, 20], "uv_size": [0.25, 0.75]},
								"west": {"uv": [10, 18], "uv_size": [0.5, 0.75]},
								"down": {"uv": [23, 26.5], "uv_size": [0.25, -0.5]}
							}
						},
						{
							"origin": [-0.5, 4.0499, 0.52739],
							"size": [0.125, 0.2001, 0.09761],
							"inflate": -0.0005,
							"pivot": [-1.0625, 4.25, 0.625],
							"rotation": [38.65981, 0, 0],
							"uv": {
								"north": {"uv": [30, 9], "uv_size": [0.25, 0.25]},
								"east": {"uv": [10, 30], "uv_size": [0.25, 0.25]},
								"south": {"uv": [30, 10], "uv_size": [0.25, 0.25]},
								"west": {"uv": [11, 30], "uv_size": [0.25, 0.25]},
								"up": {"uv": [30, 11], "uv_size": [0.25, 0.25]},
								"down": {"uv": [12, 30.25], "uv_size": [0.25, -0.25]}
							}
						},
						{
							"origin": [-0.5, 3.85299, 0.75],
							"size": [0.125, 0.24076, 0.39961],
							"inflate": -0.0005,
							"pivot": [-0.375, 4.09375, 0.75],
							"rotation": [-15.62488, 0, 0],
							"uv": {
								"north": {"uv": [30, 12], "uv_size": [0.25, 0.25]},
								"east": {"uv": [26, 23], "uv_size": [0.5, 0.25]},
								"west": {"uv": [24, 26], "uv_size": [0.5, 0.25]},
								"up": {"uv": [26, 24], "uv_size": [0.25, 0.5]},
								"down": {"uv": [25, 26.5], "uv_size": [0.25, -0.5]}
							}
						},
						{
							"origin": [-0.5, 3.75515, 1.13484],
							"size": [0.125, 0.23097, 0.16526],
							"inflate": -0.001,
							"pivot": [-1.0625, 3.98612, 1.13484],
							"rotation": [-59.48615, 0, 0],
							"uv": {
								"north": {"uv": [13, 30], "uv_size": [0.25, 0.25]},
								"east": {"uv": [30, 13], "uv_size": [0.25, 0.25]},
								"south": {"uv": [14, 30], "uv_size": [0.25, 0.25]},
								"west": {"uv": [30, 14], "uv_size": [0.25, 0.25]},
								"up": {"uv": [15, 30], "uv_size": [0.25, 0.25]},
								"down": {"uv": [30, 15.25], "uv_size": [0.25, -0.25]}
							}
						},
						{
							"origin": [-0.5, 3.0625, 0.75],
							"size": [0.125, 0.78125, 0.46875],
							"uv": {
								"north": {"uv": [21, 23], "uv_size": [0.25, 0.75]},
								"east": {"uv": [18, 10], "uv_size": [0.5, 0.75]},
								"south": {"uv": [23, 21], "uv_size": [0.25, 0.75]},
								"west": {"uv": [11, 18], "uv_size": [0.5, 0.75]},
								"down": {"uv": [26, 25.5], "uv_size": [0.25, -0.5]}
							}
						},
						{
							"origin": [-0.5, 3.3125, 0.625],
							"size": [0.125, 0.78125, 0.125],
							"uv": {
								"north": {"uv": [22, 23], "uv_size": [0.25, 0.75]},
								"east": {"uv": [23, 22], "uv_size": [0.25, 0.75]},
								"west": {"uv": [23, 23], "uv_size": [0.25, 0.75]},
								"down": {"uv": [16, 30.25], "uv_size": [0.25, -0.25]}
							}
						},
						{
							"origin": [-0.5, 4.25, 0.25],
							"size": [0.125, 0.1875, 0.25],
							"uv": {
								"north": {"uv": [30, 16], "uv_size": [0.25, 0.25]},
								"east": {"uv": [17, 30], "uv_size": [0.25, 0.25]},
								"west": {"uv": [30, 17], "uv_size": [0.25, 0.25]},
								"up": {"uv": [18, 30], "uv_size": [0.25, 0.25]},
								"down": {"uv": [30, 18.25], "uv_size": [0.25, -0.25]}
							}
						},
						{
							"origin": [-0.5, 4.3125, 0.5],
							"size": [0.125, 0.17678, 0.125],
							"inflate": -0.0005,
							"pivot": [-1.0625, 4.3125, 0.625],
							"rotation": [45, 0, 0],
							"uv": {
								"north": {"uv": [19, 30], "uv_size": [0.25, 0.25]},
								"east": {"uv": [30, 19], "uv_size": [0.25, 0.25]},
								"south": {"uv": [20, 30], "uv_size": [0.25, 0.25]},
								"west": {"uv": [30, 20], "uv_size": [0.25, 0.25]},
								"up": {"uv": [21, 30], "uv_size": [0.25, 0.25]},
								"down": {"uv": [30, 21.25], "uv_size": [0.25, -0.25]}
							}
						},
						{
							"origin": [-0.5, 4.25, 0.5],
							"size": [0.125, 0.0625, 0.125],
							"uv": {
								"east": {"uv": [22, 30], "uv_size": [0.25, 0.25]},
								"south": {"uv": [30, 22], "uv_size": [0.25, 0.25]},
								"west": {"uv": [23, 30], "uv_size": [0.25, 0.25]},
								"down": {"uv": [30, 23.25], "uv_size": [0.25, -0.25]}
							}
						},
						{
							"origin": [-0.5, 3.3125, -0.3125],
							"size": [0.125, 1.125, 0.4375],
							"uv": {
								"north": {"uv": [19, 0], "uv_size": [0.25, 1.25]},
								"east": {"uv": [8, 2], "uv_size": [0.5, 1.25]},
								"south": {"uv": [1, 19], "uv_size": [0.25, 1.25]},
								"west": {"uv": [3, 8], "uv_size": [0.5, 1.25]},
								"up": {"uv": [26, 26], "uv_size": [0.25, 0.5]},
								"down": {"uv": [0, 27.5], "uv_size": [0.25, -0.5]}
							}
						},
						{
							"origin": [-0.5, 3.3125, 0.125],
							"size": [0.125, 0.9375, 0.5],
							"uv": {
								"north": {"uv": [22, 2], "uv_size": [0.25, 1]},
								"east": {"uv": [11, 6], "uv_size": [0.5, 1]},
								"west": {"uv": [7, 11], "uv_size": [0.5, 1]},
								"up": {"uv": [27, 0], "uv_size": [0.25, 0.5]},
								"down": {"uv": [1, 27.5], "uv_size": [0.25, -0.5]}
							}
						},
						{
							"origin": [-0.4375, 3.47164, -1.07558],
							"size": [0.1875, 0.3125, 0.36244],
							"inflate": 0.0005,
							"pivot": [0, 3.65914, -0.89436],
							"rotation": [42.5, 0, 0],
							"uv": {
								"east": {"uv": [24, 30], "uv_size": [0.25, 0.25]},
								"west": {"uv": [30, 24], "uv_size": [0.25, 0.25]},
								"up": {"uv": [25, 30], "uv_size": [0.25, 0.25]},
								"down": {"uv": [30, 25.25], "uv_size": [0.25, -0.25]}
							}
						},
						{
							"origin": [-0.4375, 3.47164, -1.07558],
							"size": [0.1875, 0.3125, 0.36244],
							"pivot": [0, 3.65914, -0.89436],
							"rotation": [52.3436, -31.4218, -34.0426],
							"uv": {
								"east": {"uv": [26, 30], "uv_size": [0.25, 0.25]},
								"west": {"uv": [30, 26], "uv_size": [0.25, 0.25]},
								"up": {"uv": [27, 30], "uv_size": [0.25, 0.25]},
								"down": {"uv": [30, 27.25], "uv_size": [0.25, -0.25]}
							}
						},
						{
							"origin": [-0.25, 3.53414, -1.1537],
							"size": [0.5, 0.1875, 0.51869],
							"pivot": [0, 3.65914, -0.89436],
							"rotation": [42.5, 0, 0],
							"uv": {
								"north": {"uv": [27, 1], "uv_size": [0.5, 0.25]},
								"east": {"uv": [2, 27], "uv_size": [0.5, 0.25]},
								"south": {"uv": [27, 2], "uv_size": [0.5, 0.25]},
								"west": {"uv": [3, 27], "uv_size": [0.5, 0.25]},
								"up": {"uv": [3, 22], "uv_size": [0.5, 0.5]},
								"down": {"uv": [22, 3.5], "uv_size": [0.5, -0.5]}
							}
						},
						{
							"origin": [0.25, 3.47164, -1.07558],
							"size": [0.1875, 0.3125, 0.36244],
							"inflate": 0.0005,
							"pivot": [0, 3.65914, -0.89436],
							"rotation": [42.5, 0, 0],
							"uv": {
								"east": {"uv": [28, 30], "uv_size": [0.25, 0.25]},
								"west": {"uv": [30, 28], "uv_size": [0.25, 0.25]},
								"up": {"uv": [29, 30], "uv_size": [0.25, 0.25]},
								"down": {"uv": [30, 29.25], "uv_size": [0.25, -0.25]}
							}
						},
						{
							"origin": [0.25, 3.47164, -1.07558],
							"size": [0.1875, 0.3125, 0.36244],
							"pivot": [0, 3.65914, -0.89436],
							"rotation": [52.3436, -31.4218, -34.0426],
							"uv": {
								"east": {"uv": [30, 30], "uv_size": [0.25, 0.25]},
								"west": {"uv": [0, 31], "uv_size": [0.25, 0.25]},
								"up": {"uv": [31, 0], "uv_size": [0.25, 0.25]},
								"down": {"uv": [1, 31.25], "uv_size": [0.25, -0.25]}
							}
						},
						{
							"origin": [-0.18122, 3.64222, -0.7593],
							"size": [0.36244, 0.3125, 0.1875],
							"inflate": 0.0005,
							"pivot": [-0.18122, 3.95472, -0.5718],
							"rotation": [82.5, 0, 0],
							"uv": {
								"north": {"uv": [31, 1], "uv_size": [0.25, 0.25]},
								"east": {"uv": [2, 31], "uv_size": [0.25, 0.25]},
								"south": {"uv": [31, 2], "uv_size": [0.25, 0.25]},
								"west": {"uv": [3, 31], "uv_size": [0.25, 0.25]},
								"up": {"uv": [31, 3], "uv_size": [0.25, 0.25]},
								"down": {"uv": [4, 31.25], "uv_size": [0.25, -0.25]}
							}
						},
						{
							"origin": [-0.00902, 3.58179, -0.7593],
							"size": [0.19024, 0.37292, 0.1875],
							"pivot": [0.18122, 3.95472, -0.5718],
							"rotation": [80.578, 37.1248, -5.7195],
							"uv": {
								"north": {"uv": [31, 4], "uv_size": [0.25, 0.25]},
								"east": {"uv": [5, 31], "uv_size": [0.25, 0.25]},
								"south": {"uv": [31, 5], "uv_size": [0.25, 0.25]},
								"west": {"uv": [6, 31], "uv_size": [0.25, 0.25]},
								"up": {"uv": [31, 6], "uv_size": [0.25, 0.25]},
								"down": {"uv": [7, 31.25], "uv_size": [0.25, -0.25]}
							}
						},
						{
							"origin": [-0.18122, 3.58179, -0.7593],
							"size": [0.19024, 0.37292, 0.1875],
							"pivot": [-0.18122, 3.95472, -0.5718],
							"rotation": [80.578, -37.1248, 5.7195],
							"uv": {
								"north": {"uv": [31, 7], "uv_size": [0.25, 0.25]},
								"east": {"uv": [8, 31], "uv_size": [0.25, 0.25]},
								"south": {"uv": [31, 8], "uv_size": [0.25, 0.25]},
								"west": {"uv": [9, 31], "uv_size": [0.25, 0.25]},
								"up": {"uv": [31, 9], "uv_size": [0.25, 0.25]},
								"down": {"uv": [10, 31.25], "uv_size": [0.25, -0.25]}
							}
						},
						{
							"origin": [-0.18122, 3.47164, -0.64436],
							"size": [0.36244, 0.3125, 0.1875],
							"inflate": 0.0005,
							"pivot": [0, 3.65914, -0.89436],
							"rotation": [42.5, 0, 0],
							"uv": {
								"north": {"uv": [31, 10], "uv_size": [0.25, 0.25]},
								"south": {"uv": [11, 31], "uv_size": [0.25, 0.25]},
								"up": {"uv": [31, 11], "uv_size": [0.25, 0.25]},
								"down": {"uv": [12, 31.25], "uv_size": [0.25, -0.25]}
							}
						},
						{
							"origin": [-0.18122, 3.47164, -0.64436],
							"size": [0.36244, 0.3125, 0.1875],
							"pivot": [0, 3.65914, -0.89436],
							"rotation": [52.3436, -31.4218, -34.0426],
							"uv": {
								"north": {"uv": [31, 12], "uv_size": [0.25, 0.25]},
								"south": {"uv": [13, 31], "uv_size": [0.25, 0.25]},
								"up": {"uv": [31, 13], "uv_size": [0.25, 0.25]},
								"down": {"uv": [14, 31.25], "uv_size": [0.25, -0.25]}
							}
						},
						{
							"origin": [-0.18122, 3.47164, -1.33186],
							"size": [0.36244, 0.3125, 0.1875],
							"inflate": 0.0005,
							"pivot": [0, 3.65914, -0.89436],
							"rotation": [42.5, 0, 0],
							"uv": {
								"north": {"uv": [31, 14], "uv_size": [0.25, 0.25]},
								"south": {"uv": [15, 31], "uv_size": [0.25, 0.25]},
								"up": {"uv": [31, 15], "uv_size": [0.25, 0.25]},
								"down": {"uv": [16, 31.25], "uv_size": [0.25, -0.25]}
							}
						},
						{
							"origin": [-0.18122, 3.47164, -1.33186],
							"size": [0.36244, 0.3125, 0.1875],
							"pivot": [0, 3.65914, -0.89436],
							"rotation": [52.3436, -31.4218, -34.0426],
							"uv": {
								"north": {"uv": [31, 16], "uv_size": [0.25, 0.25]},
								"south": {"uv": [17, 31], "uv_size": [0.25, 0.25]},
								"up": {"uv": [31, 17], "uv_size": [0.25, 0.25]},
								"down": {"uv": [18, 31.25], "uv_size": [0.25, -0.25]}
							}
						},
						{
							"origin": [-0.73205, 3.375, -0.73205],
							"size": [0.27027, 0.25, 0.5],
							"pivot": [-0.73205, 3.625, -0.73205],
							"rotation": [20, 30, 0],
							"uv": {
								"north": {"uv": [31, 18], "uv_size": [0.25, 0.25]},
								"east": {"uv": [27, 3], "uv_size": [0.5, 0.25]},
								"south": {"uv": [19, 31], "uv_size": [0.25, 0.25]},
								"west": {"uv": [4, 27], "uv_size": [0.5, 0.25]},
								"up": {"uv": [27, 4], "uv_size": [0.25, 0.5]},
								"down": {"uv": [5, 27.5], "uv_size": [0.25, -0.5]}
							}
						},
						{
							"origin": [-1.26795, 3.375, -0.73205],
							"size": [0.5359, 0.25, 0.5],
							"pivot": [-0.73205, 3.625, -0.73205],
							"rotation": [17.5, 60, 0],
							"uv": {
								"north": {"uv": [27, 5], "uv_size": [0.5, 0.25]},
								"east": {"uv": [6, 27], "uv_size": [0.5, 0.25]},
								"south": {"uv": [27, 6], "uv_size": [0.5, 0.25]},
								"west": {"uv": [7, 27], "uv_size": [0.5, 0.25]},
								"up": {"uv": [4, 22], "uv_size": [0.5, 0.5]},
								"down": {"uv": [22, 4.5], "uv_size": [0.5, -0.5]}
							}
						},
						{
							"origin": [-0.37732, 3.375, -1],
							"size": [0.75465, 0.25, 0.75],
							"pivot": [-0.26795, 3.625, -1],
							"rotation": [17.5, 0, 0],
							"uv": {
								"north": {"uv": [0, 24], "uv_size": [0.75, 0.25]},
								"east": {"uv": [24, 0], "uv_size": [0.75, 0.25]},
								"south": {"uv": [1, 24], "uv_size": [0.75, 0.25]},
								"west": {"uv": [24, 1], "uv_size": [0.75, 0.25]},
								"up": {"uv": [9, 8], "uv_size": [0.75, 0.75]},
								"down": {"uv": [9, 9.75], "uv_size": [0.75, -0.75]}
							}
						},
						{
							"origin": [-0.92885, 3.375, 1],
							"size": [0.7859, 0.25, 0.75],
							"pivot": [-0.26795, 3.625, 1],
							"rotation": [-162.5, 0, 180],
							"uv": {
								"north": {"uv": [2, 24], "uv_size": [0.75, 0.25]},
								"east": {"uv": [24, 2], "uv_size": [0.75, 0.25]},
								"south": {"uv": [3, 24], "uv_size": [0.75, 0.25]},
								"west": {"uv": [24, 3], "uv_size": [0.75, 0.25]},
								"up": {"uv": [0, 10], "uv_size": [0.75, 0.75]},
								"down": {"uv": [10, 0.75], "uv_size": [0.75, -0.75]}
							}
						},
						{
							"origin": [-1.5359, 3.375, -0.26795],
							"size": [0.5359, 0.25, 0.5625],
							"pivot": [-1, 3.625, -0.26795],
							"rotation": [0, 90, -20],
							"uv": {
								"north": {"uv": [27, 7], "uv_size": [0.5, 0.25]},
								"east": {"uv": [8, 27], "uv_size": [0.5, 0.25]},
								"south": {"uv": [27, 8], "uv_size": [0.5, 0.25]},
								"west": {"uv": [9, 27], "uv_size": [0.5, 0.25]},
								"up": {"uv": [5, 22], "uv_size": [0.5, 0.5]},
								"down": {"uv": [22, 5.5], "uv_size": [0.5, -0.5]}
							}
						},
						{
							"origin": [-1.5359, 3.375, 0.26795],
							"size": [0.5359, 0.25, 0.5],
							"pivot": [-1, 3.625, 0.26795],
							"rotation": [-162.5, 60, -180],
							"uv": {
								"north": {"uv": [27, 9], "uv_size": [0.5, 0.25]},
								"east": {"uv": [10, 27], "uv_size": [0.5, 0.25]},
								"south": {"uv": [27, 10], "uv_size": [0.5, 0.25]},
								"west": {"uv": [11, 27], "uv_size": [0.5, 0.25]},
								"up": {"uv": [6, 22], "uv_size": [0.5, 0.5]},
								"down": {"uv": [22, 6.5], "uv_size": [0.5, -0.5]}
							}
						},
						{
							"origin": [-1.00232, 3.375, 0.73205],
							"size": [0.27027, 0.25, 0.5],
							"pivot": [-0.73205, 3.625, 0.73205],
							"rotation": [-160, 30, -180],
							"uv": {
								"north": {"uv": [31, 19], "uv_size": [0.25, 0.25]},
								"east": {"uv": [27, 11], "uv_size": [0.5, 0.25]},
								"south": {"uv": [20, 31], "uv_size": [0.25, 0.25]},
								"west": {"uv": [12, 27], "uv_size": [0.5, 0.25]},
								"up": {"uv": [27, 12], "uv_size": [0.25, 0.5]},
								"down": {"uv": [13, 27.5], "uv_size": [0.25, -0.5]}
							}
						},
						{
							"origin": [0.73205, 3.375, 0.73205],
							"size": [0.27027, 0.25, 0.5],
							"pivot": [0.73205, 3.625, 0.73205],
							"rotation": [-160, -30, 180],
							"uv": {
								"north": {"uv": [31, 20], "uv_size": [0.25, 0.25]},
								"east": {"uv": [27, 13], "uv_size": [0.5, 0.25]},
								"south": {"uv": [21, 31], "uv_size": [0.25, 0.25]},
								"west": {"uv": [14, 27], "uv_size": [0.5, 0.25]},
								"up": {"uv": [27, 14], "uv_size": [0.25, 0.5]},
								"down": {"uv": [15, 27.5], "uv_size": [0.25, -0.5]}
							}
						},
						{
							"origin": [1, 3.375, 0.26795],
							"size": [0.5359, 0.25, 0.5],
							"pivot": [1, 3.625, 0.26795],
							"rotation": [-162.5, -60, 180],
							"uv": {
								"north": {"uv": [27, 15], "uv_size": [0.5, 0.25]},
								"east": {"uv": [16, 27], "uv_size": [0.5, 0.25]},
								"south": {"uv": [27, 16], "uv_size": [0.5, 0.25]},
								"west": {"uv": [17, 27], "uv_size": [0.5, 0.25]},
								"up": {"uv": [7, 22], "uv_size": [0.5, 0.5]},
								"down": {"uv": [22, 7.5], "uv_size": [0.5, -0.5]}
							}
						},
						{
							"origin": [1, 3.375, -0.26795],
							"size": [0.5359, 0.25, 0.5625],
							"pivot": [1, 3.625, -0.26795],
							"rotation": [0, -90, 20],
							"uv": {
								"north": {"uv": [27, 17], "uv_size": [0.5, 0.25]},
								"east": {"uv": [18, 27], "uv_size": [0.5, 0.25]},
								"south": {"uv": [27, 18], "uv_size": [0.5, 0.25]},
								"west": {"uv": [19, 27], "uv_size": [0.5, 0.25]},
								"up": {"uv": [8, 22], "uv_size": [0.5, 0.5]},
								"down": {"uv": [22, 8.5], "uv_size": [0.5, -0.5]}
							}
						},
						{
							"origin": [0.73205, 3.375, -0.73205],
							"size": [0.5359, 0.25, 0.5],
							"pivot": [0.73205, 3.625, -0.73205],
							"rotation": [17.5, -60, 0],
							"uv": {
								"north": {"uv": [27, 19], "uv_size": [0.5, 0.25]},
								"east": {"uv": [20, 27], "uv_size": [0.5, 0.25]},
								"south": {"uv": [27, 20], "uv_size": [0.5, 0.25]},
								"west": {"uv": [21, 27], "uv_size": [0.5, 0.25]},
								"up": {"uv": [9, 22], "uv_size": [0.5, 0.5]},
								"down": {"uv": [22, 9.5], "uv_size": [0.5, -0.5]}
							}
						},
						{
							"origin": [0.46178, 3.375, -0.73205],
							"size": [0.27027, 0.25, 0.5],
							"pivot": [0.73205, 3.625, -0.73205],
							"rotation": [20, -30, 0],
							"uv": {
								"north": {"uv": [31, 21], "uv_size": [0.25, 0.25]},
								"east": {"uv": [27, 21], "uv_size": [0.5, 0.25]},
								"south": {"uv": [22, 31], "uv_size": [0.25, 0.25]},
								"west": {"uv": [22, 27], "uv_size": [0.5, 0.25]},
								"up": {"uv": [27, 22], "uv_size": [0.25, 0.5]},
								"down": {"uv": [23, 27.5], "uv_size": [0.25, -0.5]}
							}
						},
						{
							"origin": [-0.09375, 3.8125, -0.15625],
							"size": [0.25, 0.4375, 0.25],
							"pivot": [0.03125, 4.17188, -0.03125],
							"rotation": [0, 45, 0],
							"uv": {
								"north": {"uv": [27, 23], "uv_size": [0.25, 0.5]},
								"east": {"uv": [24, 27], "uv_size": [0.25, 0.5]},
								"south": {"uv": [27, 24], "uv_size": [0.25, 0.5]},
								"west": {"uv": [25, 27], "uv_size": [0.25, 0.5]},
								"up": {"uv": [31, 22], "uv_size": [0.25, 0.25]},
								"down": {"uv": [23, 31.25], "uv_size": [0.25, -0.25]}
							}
						},
						{
							"origin": [-0.125, 4.25, -0.1875],
							"size": [0.3125, 0.125, 0.3125],
							"pivot": [0.03125, 4.17188, -0.03125],
							"rotation": [0, 45, 0],
							"uv": {
								"north": {"uv": [31, 23], "uv_size": [0.25, 0.25]},
								"east": {"uv": [24, 31], "uv_size": [0.25, 0.25]},
								"south": {"uv": [31, 24], "uv_size": [0.25, 0.25]},
								"west": {"uv": [25, 31], "uv_size": [0.25, 0.25]},
								"up": {"uv": [31, 25], "uv_size": [0.25, 0.25]},
								"down": {"uv": [26, 31.25], "uv_size": [0.25, -0.25]}
							}
						},
						{
							"origin": [-0.39295, 3.0625, -0.28471],
							"size": [0.7859, 0.85053, 0.56942],
							"inflate": 0.0005,
							"uv": {
								"north": {"uv": [1, 10], "uv_size": [0.75, 0.75]},
								"east": {"uv": [18, 11], "uv_size": [0.5, 0.75]},
								"south": {"uv": [10, 1], "uv_size": [0.75, 0.75]},
								"west": {"uv": [12, 18], "uv_size": [0.5, 0.75]},
								"up": {"uv": [18, 12], "uv_size": [0.75, 0.5]},
								"down": {"uv": [13, 18.5], "uv_size": [0.75, -0.5]}
							}
						},
						{
							"origin": [-0.3125, 1.26559, -1.29868],
							"size": [0.625, 0.9375, 0.5625],
							"pivot": [0, 1.57141, 0],
							"rotation": [7, 30, 0],
							"uv": {
								"north": {"uv": [6, 5], "uv_size": [0.75, 1]},
								"east": {"uv": [11, 7], "uv_size": [0.5, 1]},
								"south": {"uv": [7, 2], "uv_size": [0.75, 1]},
								"west": {"uv": [8, 11], "uv_size": [0.5, 1]},
								"up": {"uv": [18, 13], "uv_size": [0.75, 0.5]},
								"down": {"uv": [14, 18.5], "uv_size": [0.75, -0.5]}
							}
						},
						{
							"origin": [-0.25, 1.13963, -1.3552],
							"size": [0.5, 0.39528, 0.25],
							"pivot": [0, 1.57141, 0],
							"rotation": [36.43495, 30, 0],
							"uv": {
								"north": {"uv": [10, 22], "uv_size": [0.5, 0.5]},
								"east": {"uv": [27, 25], "uv_size": [0.25, 0.5]},
								"south": {"uv": [22, 10], "uv_size": [0.5, 0.5]},
								"west": {"uv": [26, 27], "uv_size": [0.25, 0.5]},
								"up": {"uv": [27, 26], "uv_size": [0.5, 0.25]},
								"down": {"uv": [27, 27.25], "uv_size": [0.5, -0.25]}
							}
						},
						{
							"origin": [-0.25, 1.13963, 1.1052],
							"size": [0.5, 0.39528, 0.25],
							"pivot": [0, 1.57141, 0],
							"rotation": [-36.43495, 30, 0],
							"uv": {
								"north": {"uv": [11, 22], "uv_size": [0.5, 0.5]},
								"east": {"uv": [0, 28], "uv_size": [0.25, 0.5]},
								"south": {"uv": [22, 11], "uv_size": [0.5, 0.5]},
								"west": {"uv": [28, 0], "uv_size": [0.25, 0.5]},
								"up": {"uv": [1, 28], "uv_size": [0.5, 0.25]},
								"down": {"uv": [28, 1.25], "uv_size": [0.5, -0.25]}
							}
						},
						{
							"origin": [-0.3125, 1.26559, 0.73618],
							"size": [0.625, 0.9375, 0.5625],
							"pivot": [0, 1.57141, 0],
							"rotation": [-7, 30, 0],
							"uv": {
								"north": {"uv": [3, 7], "uv_size": [0.75, 1]},
								"east": {"uv": [11, 8], "uv_size": [0.5, 1]},
								"south": {"uv": [4, 7], "uv_size": [0.75, 1]},
								"west": {"uv": [9, 11], "uv_size": [0.5, 1]},
								"up": {"uv": [18, 14], "uv_size": [0.75, 0.5]},
								"down": {"uv": [15, 18.5], "uv_size": [0.75, -0.5]}
							}
						},
						{
							"origin": [-0.3125, 1.26559, -1.29868],
							"size": [0.625, 0.9375, 0.5625],
							"pivot": [0, 1.57141, 0],
							"rotation": [7, -30, 0],
							"uv": {
								"north": {"uv": [5, 7], "uv_size": [0.75, 1]},
								"east": {"uv": [11, 9], "uv_size": [0.5, 1]},
								"south": {"uv": [7, 5], "uv_size": [0.75, 1]},
								"west": {"uv": [10, 11], "uv_size": [0.5, 1]},
								"up": {"uv": [18, 15], "uv_size": [0.75, 0.5]},
								"down": {"uv": [16, 18.5], "uv_size": [0.75, -0.5]}
							}
						},
						{
							"origin": [-0.25, 1.13963, -1.3552],
							"size": [0.5, 0.39528, 0.25],
							"pivot": [0, 1.57141, 0],
							"rotation": [36.43495, -30, 0],
							"uv": {
								"north": {"uv": [12, 22], "uv_size": [0.5, 0.5]},
								"east": {"uv": [2, 28], "uv_size": [0.25, 0.5]},
								"south": {"uv": [22, 12], "uv_size": [0.5, 0.5]},
								"west": {"uv": [28, 2], "uv_size": [0.25, 0.5]},
								"up": {"uv": [3, 28], "uv_size": [0.5, 0.25]},
								"down": {"uv": [28, 3.25], "uv_size": [0.5, -0.25]}
							}
						},
						{
							"origin": [-0.25, 1.13963, 1.1052],
							"size": [0.5, 0.39528, 0.25],
							"pivot": [0, 1.57141, 0],
							"rotation": [-36.43495, -30, 0],
							"uv": {
								"north": {"uv": [13, 22], "uv_size": [0.5, 0.5]},
								"east": {"uv": [4, 28], "uv_size": [0.25, 0.5]},
								"south": {"uv": [22, 13], "uv_size": [0.5, 0.5]},
								"west": {"uv": [28, 4], "uv_size": [0.25, 0.5]},
								"up": {"uv": [5, 28], "uv_size": [0.5, 0.25]},
								"down": {"uv": [28, 5.25], "uv_size": [0.5, -0.25]}
							}
						},
						{
							"origin": [-0.3125, 1.26559, 0.73618],
							"size": [0.625, 0.9375, 0.5625],
							"pivot": [0, 1.57141, 0],
							"rotation": [-7, -30, 0],
							"uv": {
								"north": {"uv": [6, 7], "uv_size": [0.75, 1]},
								"east": {"uv": [11, 10], "uv_size": [0.5, 1]},
								"south": {"uv": [7, 6], "uv_size": [0.75, 1]},
								"west": {"uv": [11, 11], "uv_size": [0.5, 1]},
								"up": {"uv": [18, 16], "uv_size": [0.75, 0.5]},
								"down": {"uv": [17, 18.5], "uv_size": [0.75, -0.5]}
							}
						}
					]
				},
				{
					"name": "lever",
					"parent": "body",
					"pivot": [0, 4.31462, 0.18553],
					"cubes": [
						{
							"origin": [-0.3125, 4.04191, 0.48952],
							"size": [0.625, 0.12992, 0.44444],
							"pivot": [0, 4.04191, 0.54333],
							"rotation": [-37.5, 0, 0],
							"uv": {
								"north": {"uv": [14, 22], "uv_size": [0.75, 0.25]},
								"east": {"uv": [4, 24], "uv_size": [0.5, 0.25]},
								"south": {"uv": [22, 14], "uv_size": [0.75, 0.25]},
								"west": {"uv": [24, 4], "uv_size": [0.5, 0.25]},
								"up": {"uv": [0, 12], "uv_size": [0.75, 0.5]},
								"down": {"uv": [12, 0.5], "uv_size": [0.75, -0.5]}
							}
						},
						{
							"origin": [-0.25, 4.1875, 0],
							"size": [0.5, 0.14063, 0.5625],
							"pivot": [0, 4.1875, 0],
							"rotation": [-15, 0, 0],
							"uv": {
								"north": {"uv": [5, 24], "uv_size": [0.5, 0.25]},
								"east": {"uv": [24, 5], "uv_size": [0.5, 0.25]},
								"south": {"uv": [6, 24], "uv_size": [0.5, 0.25]},
								"west": {"uv": [24, 6], "uv_size": [0.5, 0.25]},
								"up": {"uv": [8, 19], "uv_size": [0.5, 0.5]},
								"down": {"uv": [19, 8.5], "uv_size": [0.5, -0.5]}
							}
						},
						{
							"origin": [0.25, 4.21877, 0.62421],
							"size": [0.0625, 0.125, 0.4375],
							"inflate": -0.0005,
							"pivot": [0, 4.34377, 0.62421],
							"rotation": [-60, 0, 0],
							"uv": {
								"north": {"uv": [22, 28], "uv_size": [0.25, 0.25]},
								"east": {"uv": [7, 24], "uv_size": [0.5, 0.25]},
								"south": {"uv": [28, 22], "uv_size": [0.25, 0.25]},
								"west": {"uv": [24, 7], "uv_size": [0.5, 0.25]},
								"up": {"uv": [8, 24], "uv_size": [0.25, 0.5]},
								"down": {"uv": [24, 8.5], "uv_size": [0.25, -0.5]}
							}
						},
						{
							"origin": [0.25, 4.1875, 0],
							"size": [0.0625, 0.3125, 0.5625],
							"pivot": [0, 4.1875, 0],
							"rotation": [-15, 0, 0],
							"uv": {
								"north": {"uv": [23, 28], "uv_size": [0.25, 0.25]},
								"east": {"uv": [9, 24], "uv_size": [0.5, 0.25]},
								"west": {"uv": [24, 9], "uv_size": [0.5, 0.25]},
								"down": {"uv": [10, 24.5], "uv_size": [0.25, -0.5]}
							}
						},
						{
							"origin": [-0.3125, 4.1875, 0],
							"size": [0.0625, 0.3125, 0.5625],
							"pivot": [-0.5625, 4.1875, 0],
							"rotation": [-15, 0, 0],
							"uv": {
								"north": {"uv": [28, 23], "uv_size": [0.25, 0.25]},
								"east": {"uv": [24, 10], "uv_size": [0.5, 0.25]},
								"west": {"uv": [11, 24], "uv_size": [0.5, 0.25]},
								"down": {"uv": [24, 11.5], "uv_size": [0.25, -0.5]}
							}
						},
						{
							"origin": [-0.3125, 4.22202, 0.20005],
							"size": [0.0625, 0.12175, 0.42417],
							"inflate": -0.0002,
							"pivot": [-0.5625, 4.34377, 0.62421],
							"rotation": [-27.5, 0, 0],
							"uv": {
								"east": {"uv": [12, 24], "uv_size": [0.5, 0.25]},
								"west": {"uv": [24, 12], "uv_size": [0.5, 0.25]},
								"up": {"uv": [13, 24], "uv_size": [0.25, 0.5]},
								"down": {"uv": [24, 13.5], "uv_size": [0.25, -0.5]}
							}
						},
						{
							"origin": [-0.3125, 4.21877, 0.62421],
							"size": [0.0625, 0.125, 0.4375],
							"inflate": -0.0005,
							"pivot": [-0.5625, 4.34377, 0.62421],
							"rotation": [-60, 0, 0],
							"uv": {
								"north": {"uv": [24, 28], "uv_size": [0.25, 0.25]},
								"east": {"uv": [14, 24], "uv_size": [0.5, 0.25]},
								"south": {"uv": [28, 24], "uv_size": [0.25, 0.25]},
								"west": {"uv": [24, 14], "uv_size": [0.5, 0.25]},
								"up": {"uv": [15, 24], "uv_size": [0.25, 0.5]},
								"down": {"uv": [24, 15.5], "uv_size": [0.25, -0.5]}
							}
						},
						{
							"origin": [-0.3125, 4.41788, 0.07348],
							"size": [0.0625, 0.12175, 0.17449],
							"inflate": -0.0005,
							"pivot": [-0.5625, 4.53962, 0.24797],
							"rotation": [16.74475, 0, 0],
							"uv": {
								"east": {"uv": [25, 28], "uv_size": [0.25, 0.25]},
								"west": {"uv": [28, 25], "uv_size": [0.25, 0.25]},
								"up": {"uv": [26, 28], "uv_size": [0.25, 0.25]}
							}
						},
						{
							"origin": [0.25, 4.22202, 0.20005],
							"size": [0.0625, 0.12175, 0.42417],
							"inflate": -0.0002,
							"pivot": [0, 4.34377, 0.62421],
							"rotation": [-27.5, 0, 0],
							"uv": {
								"east": {"uv": [16, 24], "uv_size": [0.5, 0.25]},
								"west": {"uv": [24, 16], "uv_size": [0.5, 0.25]},
								"up": {"uv": [17, 24], "uv_size": [0.25, 0.5]},
								"down": {"uv": [24, 17.5], "uv_size": [0.25, -0.5]}
							}
						},
						{
							"origin": [0.25, 4.41788, 0.07348],
							"size": [0.0625, 0.12175, 0.17449],
							"inflate": -0.0005,
							"pivot": [0, 4.53962, 0.24797],
							"rotation": [16.74475, 0, 0],
							"uv": {
								"east": {"uv": [28, 26], "uv_size": [0.25, 0.25]},
								"west": {"uv": [27, 28], "uv_size": [0.25, 0.25]},
								"up": {"uv": [28, 27], "uv_size": [0.25, 0.25]}
							}
						},
						{
							"origin": [-0.3125, 3.81363, 0.81667],
							"size": [0.625, 0.12861, 0.46167],
							"pivot": [0, 3.81363, 0.84084],
							"rotation": [-55, 0, 0],
							"uv": {
								"north": {"uv": [15, 22], "uv_size": [0.75, 0.25]},
								"east": {"uv": [18, 24], "uv_size": [0.5, 0.25]},
								"south": {"uv": [22, 15], "uv_size": [0.75, 0.25]},
								"west": {"uv": [24, 18], "uv_size": [0.5, 0.25]},
								"up": {"uv": [1, 12], "uv_size": [0.75, 0.5]},
								"down": {"uv": [12, 1.5], "uv_size": [0.75, -0.5]}
							}
						},
						{
							"origin": [-0.3125, 3.46652, 1.19713],
							"size": [0.625, 0.0625, 0.60417],
							"pivot": [0.3125, 3.52902, 1.19713],
							"rotation": [-78.21403, 0, 0],
							"uv": {
								"north": {"uv": [16, 22], "uv_size": [0.75, 0.25]},
								"east": {"uv": [19, 24], "uv_size": [0.5, 0.25]},
								"south": {"uv": [22, 16], "uv_size": [0.75, 0.25]},
								"west": {"uv": [24, 19], "uv_size": [0.5, 0.25]},
								"up": {"uv": [2, 12], "uv_size": [0.75, 0.5]},
								"down": {"uv": [12, 2.5], "uv_size": [0.75, -0.5]}
							}
						},
						{
							"origin": [-0.3125, 2.91878, 1.25007],
							"size": [0.625, 0.06155, 0.57335],
							"pivot": [0, 2.91878, 1.26093],
							"rotation": [-82.5, 0, 0],
							"uv": {
								"north": {"uv": [17, 22], "uv_size": [0.75, 0.25]},
								"east": {"uv": [20, 24], "uv_size": [0.5, 0.25]},
								"south": {"uv": [22, 17], "uv_size": [0.75, 0.25]},
								"west": {"uv": [24, 20], "uv_size": [0.5, 0.25]},
								"up": {"uv": [3, 12], "uv_size": [0.75, 0.5]},
								"down": {"uv": [12, 3.5], "uv_size": [0.75, -0.5]}
							}
						},
						{
							"origin": [-0.3125, 2.24425, 1.45894],
							"size": [0.625, 0.06156, 0.62488],
							"pivot": [0, 2.36925, 1.45881],
							"rotation": [-90, 0, 0],
							"uv": {
								"north": {"uv": [18, 22], "uv_size": [0.75, 0.25]},
								"east": {"uv": [21, 24], "uv_size": [0.5, 0.25]},
								"south": {"uv": [22, 18], "uv_size": [0.75, 0.25]},
								"west": {"uv": [24, 21], "uv_size": [0.5, 0.25]},
								"up": {"uv": [4, 12], "uv_size": [0.75, 0.5]},
								"down": {"uv": [12, 4.5], "uv_size": [0.75, -0.5]}
							}
						},
						{
							"origin": [-0.3125, 1.68175, 1.39631],
							"size": [0.625, 0.0625, 0.875],
							"pivot": [0, 1.74425, 1.39631],
							"rotation": [-100, 0, 0],
							"uv": {
								"north": {"uv": [19, 22], "uv_size": [0.75, 0.25]},
								"east": {"uv": [9, 19], "uv_size": [1, 0.25]},
								"south": {"uv": [22, 19], "uv_size": [0.75, 0.25]},
								"west": {"uv": [19, 9], "uv_size": [1, 0.25]},
								"up": {"uv": [0, 0], "uv_size": [0.75, 1]},
								"down": {"uv": [0, 2], "uv_size": [0.75, -1]}
							}
						},
						{
							"origin": [-0.3125, 3.45525, 1.04491],
							"size": [0.625, 0.0625, 0.60937],
							"inflate": 0.0005,
							"pivot": [0, 3.45525, 1.09178],
							"rotation": [-72.5, 0, 0],
							"uv": {
								"north": {"uv": [20, 22], "uv_size": [0.75, 0.25]},
								"east": {"uv": [22, 24], "uv_size": [0.5, 0.25]},
								"south": {"uv": [22, 20], "uv_size": [0.75, 0.25]},
								"west": {"uv": [24, 22], "uv_size": [0.5, 0.25]},
								"up": {"uv": [5, 12], "uv_size": [0.75, 0.5]},
								"down": {"uv": [12, 5.5], "uv_size": [0.75, -0.5]}
							}
						},
						{
							"origin": [-0.46875, 4.25, 0.125],
							"size": [0.9375, 0.125, 0.125],
							"pivot": [0, 4.3125, 0.1875],
							"rotation": [-45, 0, 0],
							"uv": {
								"north": {"uv": [10, 19], "uv_size": [1, 0.25]},
								"east": {"uv": [28, 28], "uv_size": [0.25, 0.25]},
								"south": {"uv": [19, 10], "uv_size": [1, 0.25]},
								"west": {"uv": [0, 29], "uv_size": [0.25, 0.25]},
								"up": {"uv": [11, 19], "uv_size": [1, 0.25]},
								"down": {"uv": [19, 11.25], "uv_size": [1, -0.25]}
							}
						}
					]
				},
				{
					"name": "rightHand",
					"parent": "r",
					"pivot": [6, 18.93684, 8.04313]
				},
				{
					"name": "righthand_pos",
					"parent": "rightHand",
					"pivot": [0, 7.93684, 8.04313],
					"cubes": [
						{
							"origin": [4, 7.93684, 6.04313],
							"size": [3, 12, 4],
							"uv": {
								"north": {"uv": [0, 0], "uv_size": [4, 12]},
								"east": {"uv": [4, 0], "uv_size": [4, 12]},
								"south": {"uv": [8, 0], "uv_size": [4, 12]},
								"west": {"uv": [0, 12], "uv_size": [4, 12]},
								"up": {"uv": [12, 0], "uv_size": [4, 4]},
								"down": {"uv": [4, 16], "uv_size": [4, -4]}
							}
						}
					]
				},
				{
					"name": "l",
					"parent": "root",
					"pivot": [0, 0, 0]
				},
				{
					"name": "leftHand",
					"parent": "l",
					"pivot": [-6, 18.93684, 8.04313]
				},
				{
					"name": "lefthand_pos",
					"parent": "leftHand",
					"pivot": [0, 7.93684, 8.04313],
					"cubes": [
						{
							"origin": [-7, 7.93684, 6.04313],
							"size": [3, 12, 4],
							"uv": {
								"north": {"uv": [0, 0], "uv_size": [4, 12]},
								"east": {"uv": [4, 0], "uv_size": [4, 12]},
								"south": {"uv": [8, 0], "uv_size": [4, 12]},
								"west": {"uv": [0, 12], "uv_size": [4, 12]},
								"up": {"uv": [12, 0], "uv_size": [4, 4]},
								"down": {"uv": [4, 16], "uv_size": [4, -4]}
							}
						}
					]
				},
				{
					"name": "camera",
					"pivot": [5, 7, 12]
				},
				{
					"name": "idle_view",
					"pivot": [5, 7, 12]
				}
			]
		}
	]
}