{
	"format_version": "1.12.0",
	"minecraft:geometry": [
		{
			"description": {
				"identifier": "geometry.unknown",
				"texture_width": 32,
				"texture_height": 32,
				"visible_bounds_width": 3,
				"visible_bounds_height": 2.5,
				"visible_bounds_offset": [0, 0.75, 0]
			},
			"bones": [
				{
					"name": "bb_main",
					"pivot": [0, 0, 0]
				},
				{
					"name": "root",
					"pivot": [0, 6, 0]
				},
				{
					"name": "r",
					"parent": "root",
					"pivot": [0, 4, 0]
				},
				{
					"name": "pullcord",
					"parent": "r",
					"pivot": [0, 2.77748, 0],
					"cubes": [
						{
							"origin": [-0.25, 0.28125, -0.3125],
							"size": [0.5, 0.8125, 0.8125],
							"pivot": [0, 0.59375, 0],
							"rotation": [45, 0, 0],
							"uv": {
								"north": {"uv": [8, 26], "uv_size": [0.5, 0.75]},
								"east": {"uv": [16, 4], "uv_size": [0.75, 0.75]},
								"south": {"uv": [16, 26], "uv_size": [0.5, 0.75]},
								"west": {"uv": [25, 6], "uv_size": [0.75, 0.75]},
								"up": {"uv": [19, 26], "uv_size": [0.5, 0.75]},
								"down": {"uv": [26, 19.75], "uv_size": [0.5, -0.75]}
							}
						},
						{
							"origin": [0.25, 1.15625, -0.09375],
							"size": [0.1875, 3.9375, 0.1875],
							"pivot": [0.4375, 1.15625, 0.09375],
							"rotation": [0, 0, -5],
							"uv": {
								"north": {"uv": [9, 23], "uv_size": [0.25, 4]},
								"east": {"uv": [23, 9], "uv_size": [0.25, 4]},
								"south": {"uv": [12, 23], "uv_size": [0.25, 4]},
								"west": {"uv": [13, 23], "uv_size": [0.25, 4]},
								"up": {"uv": [30, 11], "uv_size": [0.25, 0.25]}
							}
						},
						{
							"origin": [-0.4375, 1.15625, -0.09375],
							"size": [0.1875, 3.9375, 0.1875],
							"pivot": [-0.4375, 1.15625, 0.09375],
							"rotation": [0, 0, 5],
							"uv": {
								"north": {"uv": [14, 23], "uv_size": [0.25, 4]},
								"east": {"uv": [15, 23], "uv_size": [0.25, 4]},
								"south": {"uv": [17, 23], "uv_size": [0.25, 4]},
								"west": {"uv": [18, 23], "uv_size": [0.25, 4]},
								"up": {"uv": [12, 30], "uv_size": [0.25, 0.25]}
							}
						},
						{
							"origin": [-0.4375, 0.65625, -0.09375],
							"size": [0.875, 0.5, 0.1875],
							"uv": {
								"north": {"uv": [19, 25], "uv_size": [1, 0.5]},
								"east": {"uv": [30, 9], "uv_size": [0.25, 0.5]},
								"south": {"uv": [25, 19], "uv_size": [1, 0.5]},
								"west": {"uv": [10, 30], "uv_size": [0.25, 0.5]},
								"down": {"uv": [11, 27.25], "uv_size": [1, -0.25]}
							}
						}
					]
				},
				{
					"name": "cap",
					"parent": "r",
					"pivot": [0, 0.25, 0],
					"cubes": [
						{
							"origin": [-0.35598, 0.6875, 0.7969],
							"size": [0.71195, 0.1875, 0.0625],
							"uv": {
								"north": {"uv": [28, 8], "uv_size": [0.75, 0.25]},
								"south": {"uv": [9, 28], "uv_size": [0.75, 0.25]},
								"up": {"uv": [28, 9], "uv_size": [0.75, 0.25]},
								"down": {"uv": [10, 28.25], "uv_size": [0.75, -0.25]}
							}
						},
						{
							"origin": [0.7969, 0.6875, -0.35598],
							"size": [0.0625, 0.1875, 0.71195],
							"pivot": [0, 0.625, 0],
							"rotation": [0, -45, 0],
							"uv": {
								"east": {"uv": [28, 10], "uv_size": [0.75, 0.25]},
								"west": {"uv": [11, 28], "uv_size": [0.75, 0.25]},
								"up": {"uv": [28, 11], "uv_size": [0.25, 0.75]},
								"down": {"uv": [12, 28.75], "uv_size": [0.25, -0.75]}
							}
						},
						{
							"origin": [0.7969, 0.6875, -0.35598],
							"size": [0.0625, 0.1875, 0.71195],
							"uv": {
								"east": {"uv": [28, 12], "uv_size": [0.75, 0.25]},
								"west": {"uv": [13, 28], "uv_size": [0.75, 0.25]},
								"up": {"uv": [28, 13], "uv_size": [0.25, 0.75]},
								"down": {"uv": [14, 28.75], "uv_size": [0.25, -0.75]}
							}
						},
						{
							"origin": [-0.35598, 0.6875, -0.8594],
							"size": [0.71195, 0.1875, 0.0625],
							"uv": {
								"north": {"uv": [28, 14], "uv_size": [0.75, 0.25]},
								"south": {"uv": [15, 28], "uv_size": [0.75, 0.25]},
								"up": {"uv": [28, 15], "uv_size": [0.75, 0.25]},
								"down": {"uv": [16, 28.25], "uv_size": [0.75, -0.25]}
							}
						},
						{
							"origin": [-0.35598, 0.6875, -0.8594],
							"size": [0.71195, 0.1875, 0.0625],
							"pivot": [0, 0.625, 0],
							"rotation": [0, -45, 0],
							"uv": {
								"north": {"uv": [28, 16], "uv_size": [0.75, 0.25]},
								"south": {"uv": [17, 28], "uv_size": [0.75, 0.25]},
								"up": {"uv": [28, 17], "uv_size": [0.75, 0.25]},
								"down": {"uv": [18, 28.25], "uv_size": [0.75, -0.25]}
							}
						},
						{
							"origin": [-0.35598, 0.6875, -0.8594],
							"size": [0.71195, 0.1875, 0.0625],
							"pivot": [0, 0.625, 0],
							"rotation": [0, 45, 0],
							"uv": {
								"north": {"uv": [28, 18], "uv_size": [0.75, 0.25]},
								"south": {"uv": [19, 28], "uv_size": [0.75, 0.25]},
								"up": {"uv": [28, 19], "uv_size": [0.75, 0.25]},
								"down": {"uv": [20, 28.25], "uv_size": [0.75, -0.25]}
							}
						},
						{
							"origin": [-0.8594, 0.6875, -0.35598],
							"size": [0.0625, 0.1875, 0.71195],
							"uv": {
								"east": {"uv": [28, 20], "uv_size": [0.75, 0.25]},
								"west": {"uv": [21, 28], "uv_size": [0.75, 0.25]},
								"up": {"uv": [28, 21], "uv_size": [0.25, 0.75]},
								"down": {"uv": [22, 28.75], "uv_size": [0.25, -0.75]}
							}
						},
						{
							"origin": [-0.8594, 0.6875, -0.35598],
							"size": [0.0625, 0.1875, 0.71195],
							"pivot": [0, 0.625, 0],
							"rotation": [0, 45, 0],
							"uv": {
								"east": {"uv": [28, 22], "uv_size": [0.75, 0.25]},
								"west": {"uv": [23, 28], "uv_size": [0.75, 0.25]},
								"up": {"uv": [28, 23], "uv_size": [0.25, 0.75]},
								"down": {"uv": [24, 28.75], "uv_size": [0.25, -0.75]}
							}
						},
						{
							"origin": [-0.8594, 0.125, -0.85598],
							"size": [1.7188, 0.25, 1.71195],
							"pivot": [0, 0.25, 0],
							"rotation": [0, 45, 0],
							"uv": {
								"north": {"uv": [10, 26], "uv_size": [1.75, 0.25]},
								"east": {"uv": [26, 11], "uv_size": [1.75, 0.25]},
								"south": {"uv": [26, 12], "uv_size": [1.75, 0.25]},
								"west": {"uv": [26, 13], "uv_size": [1.75, 0.25]},
								"up": {"uv": [2, 15], "uv_size": [1.75, 1.75]},
								"down": {"uv": [4, 16.75], "uv_size": [1.75, -1.75]}
							}
						},
						{
							"origin": [-0.8594, 0.125, -0.85598],
							"size": [1.7188, 0.25, 1.71195],
							"inflate": 0.0005,
							"uv": {
								"north": {"uv": [26, 14], "uv_size": [1.75, 0.25]},
								"east": {"uv": [26, 15], "uv_size": [1.75, 0.25]},
								"south": {"uv": [26, 17], "uv_size": [1.75, 0.25]},
								"west": {"uv": [26, 18], "uv_size": [1.75, 0.25]},
								"up": {"uv": [15, 5], "uv_size": [1.75, 1.75]},
								"down": {"uv": [6, 16.75], "uv_size": [1.75, -1.75]}
							}
						},
						{
							"origin": [0.2031, 0, 0.20652],
							"size": [0.3438, 0.125, 0.33695],
							"uv": {
								"north": {"uv": [30, 12], "uv_size": [0.25, 0.25]},
								"east": {"uv": [13, 30], "uv_size": [0.25, 0.25]},
								"south": {"uv": [30, 13], "uv_size": [0.25, 0.25]},
								"west": {"uv": [14, 30], "uv_size": [0.25, 0.25]},
								"down": {"uv": [30, 14.25], "uv_size": [0.25, -0.25]}
							}
						},
						{
							"origin": [-0.6094, 0, -0.60598],
							"size": [0.3438, 0.125, 0.33695],
							"uv": {
								"north": {"uv": [15, 30], "uv_size": [0.25, 0.25]},
								"east": {"uv": [30, 15], "uv_size": [0.25, 0.25]},
								"south": {"uv": [16, 30], "uv_size": [0.25, 0.25]},
								"west": {"uv": [30, 16], "uv_size": [0.25, 0.25]},
								"down": {"uv": [17, 30.25], "uv_size": [0.25, -0.25]}
							}
						},
						{
							"origin": [-0.82815, 0.375, -0.34303],
							"size": [1.6563, 0.3125, 0.68606],
							"uv": {
								"east": {"uv": [28, 24], "uv_size": [0.75, 0.25]},
								"west": {"uv": [25, 28], "uv_size": [0.75, 0.25]},
								"up": {"uv": [21, 14], "uv_size": [1.75, 0.75]}
							}
						},
						{
							"origin": [-0.82815, 0.375, -0.34303],
							"size": [1.6563, 0.3125, 0.68606],
							"pivot": [0, 0.5625, 0],
							"rotation": [0, -45, 0],
							"uv": {
								"east": {"uv": [28, 25], "uv_size": [0.75, 0.25]},
								"west": {"uv": [26, 28], "uv_size": [0.75, 0.25]},
								"up": {"uv": [21, 15], "uv_size": [1.75, 0.75]},
								"down": {"uv": [21, 16.75], "uv_size": [1.75, -0.75]}
							}
						},
						{
							"origin": [-0.34303, 0.375, -0.82815],
							"size": [0.68606, 0.3125, 1.6563],
							"uv": {
								"north": {"uv": [28, 26], "uv_size": [0.75, 0.25]},
								"south": {"uv": [27, 28], "uv_size": [0.75, 0.25]},
								"up": {"uv": [17, 21], "uv_size": [0.75, 1.75]}
							}
						},
						{
							"origin": [-0.34303, 0.375, -0.82815],
							"size": [0.68606, 0.3125, 1.6563],
							"pivot": [0, 0.5625, 0],
							"rotation": [0, -45, 0],
							"uv": {
								"north": {"uv": [28, 27], "uv_size": [0.75, 0.25]},
								"south": {"uv": [28, 28], "uv_size": [0.75, 0.25]},
								"up": {"uv": [21, 17], "uv_size": [0.75, 1.75]},
								"down": {"uv": [18, 22.75], "uv_size": [0.75, -1.75]}
							}
						},
						{
							"origin": [-0.35598, 0.46875, -0.8594],
							"size": [0.71195, 0.125, 1.7188],
							"pivot": [0, 0.5625, 0],
							"rotation": [0, -45, 0],
							"uv": {
								"north": {"uv": [0, 29], "uv_size": [0.75, 0.25]},
								"south": {"uv": [29, 0], "uv_size": [0.75, 0.25]},
								"up": {"uv": [19, 21], "uv_size": [0.75, 1.75]},
								"down": {"uv": [21, 20.75], "uv_size": [0.75, -1.75]}
							}
						},
						{
							"origin": [-0.35598, 0.46875, -0.8594],
							"size": [0.71195, 0.125, 1.7188],
							"uv": {
								"north": {"uv": [1, 29], "uv_size": [0.75, 0.25]},
								"south": {"uv": [29, 1], "uv_size": [0.75, 0.25]},
								"up": {"uv": [20, 21], "uv_size": [0.75, 1.75]},
								"down": {"uv": [21, 22.75], "uv_size": [0.75, -1.75]}
							}
						},
						{
							"origin": [-0.8594, 0.46875, -0.35598],
							"size": [1.7188, 0.125, 0.71195],
							"pivot": [0, 0.5625, 0],
							"rotation": [0, -45, 0],
							"uv": {
								"east": {"uv": [2, 29], "uv_size": [0.75, 0.25]},
								"west": {"uv": [29, 2], "uv_size": [0.75, 0.25]},
								"up": {"uv": [22, 0], "uv_size": [1.75, 0.75]},
								"down": {"uv": [22, 1.75], "uv_size": [1.75, -0.75]}
							}
						},
						{
							"origin": [-0.8594, 0.46875, -0.35598],
							"size": [1.7188, 0.125, 0.71195],
							"uv": {
								"east": {"uv": [3, 29], "uv_size": [0.75, 0.25]},
								"west": {"uv": [29, 3], "uv_size": [0.75, 0.25]},
								"up": {"uv": [22, 2], "uv_size": [1.75, 0.75]},
								"down": {"uv": [22, 3.75], "uv_size": [1.75, -0.75]}
							}
						}
					]
				},
				{
					"name": "body",
					"parent": "r",
					"pivot": [0, 0.25, 0],
					"cubes": [
						{
							"origin": [-0.875, 6.875, -0.36244],
							"size": [1.75, 3.75, 0.72487],
							"uv": {
								"east": {"uv": [15, 7], "uv_size": [0.75, 3.75]},
								"west": {"uv": [8, 15], "uv_size": [0.75, 3.75]},
								"up": {"uv": [22, 4], "uv_size": [1.75, 0.75]},
								"down": {"uv": [22, 5.75], "uv_size": [1.75, -0.75]}
							}
						},
						{
							"origin": [-0.875, 6.875, -0.36244],
							"size": [1.75, 3.75, 0.72487],
							"pivot": [0, 8.75, 0],
							"rotation": [0, -45, 0],
							"uv": {
								"east": {"uv": [9, 15], "uv_size": [0.75, 3.75]},
								"west": {"uv": [10, 15], "uv_size": [0.75, 3.75]},
								"up": {"uv": [8, 22], "uv_size": [1.75, 0.75]},
								"down": {"uv": [22, 8.75], "uv_size": [1.75, -0.75]}
							}
						},
						{
							"origin": [-0.36244, 6.875, -0.875],
							"size": [0.72487, 3.75, 1.75],
							"uv": {
								"north": {"uv": [11, 15], "uv_size": [0.75, 3.75]},
								"south": {"uv": [15, 11], "uv_size": [0.75, 3.75]},
								"up": {"uv": [22, 9], "uv_size": [0.75, 1.75]},
								"down": {"uv": [10, 23.75], "uv_size": [0.75, -1.75]}
							}
						},
						{
							"origin": [0.375, 3.99005, -0.36244],
							"size": [0.5, 2.88495, 0.41237],
							"pivot": [0.875, 6.875, -0.36244],
							"rotation": [1.83969, 0, 4.44738],
							"uv": {
								"east": {"uv": [9, 19], "uv_size": [0.5, 3]},
								"west": {"uv": [10, 19], "uv_size": [0.5, 3]},
								"up": {"uv": [12, 27], "uv_size": [0.5, 0.5]},
								"down": {"uv": [13, 27.5], "uv_size": [0.5, -0.5]}
							}
						},
						{
							"origin": [0.375, 3.99005, -0.04994],
							"size": [0.5, 2.88495, 0.41237],
							"inflate": 0.0005,
							"pivot": [0.875, 6.875, 0.36244],
							"rotation": [-1.83969, 0, 4.44738],
							"uv": {
								"east": {"uv": [11, 19], "uv_size": [0.5, 3]},
								"west": {"uv": [12, 19], "uv_size": [0.5, 3]},
								"up": {"uv": [14, 27], "uv_size": [0.5, 0.5]},
								"down": {"uv": [15, 27.5], "uv_size": [0.5, -0.5]}
							}
						},
						{
							"origin": [0.375, 3.99005, 0.36244],
							"size": [0.5, 2.88495, 0.41237],
							"pivot": [0.875, 6.875, 0.36244],
							"rotation": [-2.59436, -44.82774, 6.27698],
							"uv": {
								"east": {"uv": [19, 12], "uv_size": [0.5, 3]},
								"west": {"uv": [13, 19], "uv_size": [0.5, 3]},
								"up": {"uv": [16, 27], "uv_size": [0.5, 0.5]},
								"down": {"uv": [27, 16.5], "uv_size": [0.5, -0.5]}
							}
						},
						{
							"origin": [-0.13756, 3.99005, 0.46263],
							"size": [0.5, 2.88495, 0.41237],
							"inflate": 0.0005,
							"pivot": [0.36244, 6.875, 0.875],
							"rotation": [-6.27373, -44.82774, 6.27698],
							"uv": {
								"west": {"uv": [14, 19], "uv_size": [0.5, 3]},
								"up": {"uv": [17, 27], "uv_size": [0.5, 0.5]},
								"down": {"uv": [18, 27.5], "uv_size": [0.5, -0.5]}
							}
						},
						{
							"origin": [-0.04994, 3.99005, 0.375],
							"size": [0.41237, 2.88495, 0.5],
							"pivot": [0.36244, 6.875, 0.875],
							"rotation": [-4.4451, 0.14263, 1.83415],
							"uv": {
								"north": {"uv": [15, 19], "uv_size": [0.5, 3]},
								"south": {"uv": [19, 15], "uv_size": [0.5, 3]},
								"up": {"uv": [19, 27], "uv_size": [0.5, 0.5]},
								"down": {"uv": [27, 19.5], "uv_size": [0.5, -0.5]}
							}
						},
						{
							"origin": [-0.36244, 3.99005, 0.375],
							"size": [0.41237, 2.88495, 0.5],
							"inflate": 0.0005,
							"pivot": [-0.36244, 6.875, 0.875],
							"rotation": [-4.4451, -0.14263, -1.83415],
							"uv": {
								"north": {"uv": [16, 19], "uv_size": [0.5, 3]},
								"south": {"uv": [19, 18], "uv_size": [0.5, 3]},
								"up": {"uv": [20, 27], "uv_size": [0.5, 0.5]},
								"down": {"uv": [27, 20.5], "uv_size": [0.5, -0.5]}
							}
						},
						{
							"origin": [0.375, 3.99005, -0.77481],
							"size": [0.5, 2.88495, 0.41237],
							"inflate": 0.0005,
							"pivot": [0.875, 6.875, -0.36244],
							"rotation": [2.59436, 44.82774, 6.27698],
							"uv": {
								"east": {"uv": [0, 20], "uv_size": [0.5, 3]},
								"west": {"uv": [20, 0], "uv_size": [0.5, 3]},
								"up": {"uv": [21, 27], "uv_size": [0.5, 0.5]},
								"down": {"uv": [27, 21.5], "uv_size": [0.5, -0.5]}
							}
						},
						{
							"origin": [-0.13756, 3.99005, -0.875],
							"size": [0.5, 2.88495, 0.41237],
							"pivot": [0.36244, 6.875, -0.875],
							"rotation": [6.27373, 44.82774, 6.27698],
							"uv": {
								"west": {"uv": [1, 20], "uv_size": [0.5, 3]},
								"up": {"uv": [22, 27], "uv_size": [0.5, 0.5]},
								"down": {"uv": [27, 22.5], "uv_size": [0.5, -0.5]}
							}
						},
						{
							"origin": [-0.875, 3.99005, -0.77481],
							"size": [0.5, 2.88495, 0.41237],
							"pivot": [-0.875, 6.875, -0.36244],
							"rotation": [2.59436, -44.82774, -6.27698],
							"uv": {
								"east": {"uv": [20, 3], "uv_size": [0.5, 3]},
								"west": {"uv": [20, 6], "uv_size": [0.5, 3]},
								"up": {"uv": [23, 27], "uv_size": [0.5, 0.5]},
								"down": {"uv": [27, 23.5], "uv_size": [0.5, -0.5]}
							}
						},
						{
							"origin": [-0.36244, 3.99005, -0.875],
							"size": [0.5, 2.88495, 0.41237],
							"inflate": 0.0005,
							"pivot": [-0.36244, 6.875, -0.875],
							"rotation": [6.27373, -44.82774, -6.27698],
							"uv": {
								"east": {"uv": [7, 20], "uv_size": [0.5, 3]},
								"up": {"uv": [24, 27], "uv_size": [0.5, 0.5]},
								"down": {"uv": [27, 24.5], "uv_size": [0.5, -0.5]}
							}
						},
						{
							"origin": [-0.875, 3.99005, -0.36244],
							"size": [0.5, 2.88495, 0.41237],
							"inflate": 0.0005,
							"pivot": [-0.875, 6.875, -0.36244],
							"rotation": [1.83969, 0, -4.44738],
							"uv": {
								"east": {"uv": [20, 9], "uv_size": [0.5, 3]},
								"west": {"uv": [20, 12], "uv_size": [0.5, 3]},
								"up": {"uv": [25, 27], "uv_size": [0.5, 0.5]},
								"down": {"uv": [27, 25.5], "uv_size": [0.5, -0.5]}
							}
						},
						{
							"origin": [-0.875, 3.99005, -0.04994],
							"size": [0.5, 2.88495, 0.41237],
							"pivot": [-0.875, 6.875, 0.36244],
							"rotation": [-1.83969, 0, -4.44738],
							"uv": {
								"east": {"uv": [20, 15], "uv_size": [0.5, 3]},
								"west": {"uv": [20, 18], "uv_size": [0.5, 3]},
								"up": {"uv": [26, 27], "uv_size": [0.5, 0.5]},
								"down": {"uv": [27, 26.5], "uv_size": [0.5, -0.5]}
							}
						},
						{
							"origin": [-0.36244, 3.99005, 0.46263],
							"size": [0.5, 2.88495, 0.41237],
							"pivot": [-0.36244, 6.875, 0.875],
							"rotation": [-6.27373, 44.82774, -6.27698],
							"uv": {
								"east": {"uv": [21, 0], "uv_size": [0.5, 3]},
								"up": {"uv": [27, 27], "uv_size": [0.5, 0.5]},
								"down": {"uv": [0, 28.5], "uv_size": [0.5, -0.5]}
							}
						},
						{
							"origin": [-0.875, 3.99005, 0.36244],
							"size": [0.5, 2.88495, 0.41237],
							"inflate": 0.0005,
							"pivot": [-0.875, 6.875, 0.36244],
							"rotation": [-2.59436, 44.82774, -6.27698],
							"uv": {
								"east": {"uv": [2, 21], "uv_size": [0.5, 3]},
								"west": {"uv": [3, 21], "uv_size": [0.5, 3]},
								"up": {"uv": [28, 0], "uv_size": [0.5, 0.5]},
								"down": {"uv": [1, 28.5], "uv_size": [0.5, -0.5]}
							}
						},
						{
							"origin": [-0.36244, 3.99005, -0.875],
							"size": [0.41237, 2.88495, 0.5],
							"pivot": [-0.36244, 6.875, -0.875],
							"rotation": [4.4451, 0.14263, -1.83415],
							"uv": {
								"north": {"uv": [21, 3], "uv_size": [0.5, 3]},
								"south": {"uv": [4, 21], "uv_size": [0.5, 3]},
								"up": {"uv": [28, 1], "uv_size": [0.5, 0.5]},
								"down": {"uv": [2, 28.5], "uv_size": [0.5, -0.5]}
							}
						},
						{
							"origin": [-0.04994, 3.99005, -0.875],
							"size": [0.41237, 2.88495, 0.5],
							"inflate": 0.0005,
							"pivot": [0.36244, 6.875, -0.875],
							"rotation": [4.4451, -0.14263, 1.83415],
							"uv": {
								"north": {"uv": [5, 21], "uv_size": [0.5, 3]},
								"south": {"uv": [6, 21], "uv_size": [0.5, 3]},
								"up": {"uv": [28, 2], "uv_size": [0.5, 0.5]},
								"down": {"uv": [3, 28.5], "uv_size": [0.5, -0.5]}
							}
						},
						{
							"origin": [-0.36244, 6.875, -0.875],
							"size": [0.72487, 3.75, 1.75],
							"pivot": [0, 8.75, 0],
							"rotation": [0, -45, 0],
							"uv": {
								"north": {"uv": [12, 15], "uv_size": [0.75, 3.75]},
								"south": {"uv": [13, 15], "uv_size": [0.75, 3.75]},
								"up": {"uv": [11, 22], "uv_size": [0.75, 1.75]},
								"down": {"uv": [22, 12.75], "uv_size": [0.75, -1.75]}
							}
						},
						{
							"origin": [-0.65625, 2.5625, -0.27183],
							"size": [1.3125, 1.5, 0.54366],
							"uv": {
								"east": {"uv": [10, 24], "uv_size": [0.5, 1.5]},
								"west": {"uv": [11, 24], "uv_size": [0.5, 1.5]},
								"up": {"uv": [24, 15], "uv_size": [1.25, 0.5]}
							}
						},
						{
							"origin": [-0.65625, 2.5625, -0.27183],
							"size": [1.3125, 1.5, 0.54366],
							"pivot": [0, 3.25, 0],
							"rotation": [0, -45, 0],
							"uv": {
								"east": {"uv": [24, 11], "uv_size": [0.5, 1.5]},
								"west": {"uv": [24, 13], "uv_size": [0.5, 1.5]},
								"up": {"uv": [24, 23], "uv_size": [1.25, 0.5]},
								"down": {"uv": [24, 24.5], "uv_size": [1.25, -0.5]}
							}
						},
						{
							"origin": [-0.27183, 2.5625, -0.65625],
							"size": [0.54366, 1.5, 1.3125],
							"uv": {
								"north": {"uv": [16, 24], "uv_size": [0.5, 1.5]},
								"south": {"uv": [24, 17], "uv_size": [0.5, 1.5]},
								"up": {"uv": [1, 25], "uv_size": [0.5, 1.25]},
								"down": {"uv": [2, 26.25], "uv_size": [0.5, -1.25]}
							}
						},
						{
							"origin": [0.15625, 1.98396, 0.27183],
							"size": [0.5, 0.64104, 0.35616],
							"pivot": [0.65625, 2.5625, 0.27183],
							"rotation": [7.105, -43.65137, -17.44635],
							"uv": {
								"east": {"uv": [4, 29], "uv_size": [0.25, 0.75]},
								"west": {"uv": [29, 4], "uv_size": [0.25, 0.75]}
							}
						},
						{
							"origin": [-0.22817, 1.98396, 0.30009],
							"size": [0.5, 0.64104, 0.35616],
							"inflate": 0.0005,
							"pivot": [0.27183, 2.5625, 0.65625],
							"rotation": [17.37411, -43.65137, -17.44635],
							"uv": {
								"west": {"uv": [5, 29], "uv_size": [0.25, 0.75]}
							}
						},
						{
							"origin": [0.15625, 1.98396, -0.27183],
							"size": [0.5, 0.64104, 0.35616],
							"pivot": [0.65625, 2.5625, -0.27183],
							"rotation": [-5.13455, 0, -12.52881],
							"uv": {
								"east": {"uv": [29, 5], "uv_size": [0.25, 0.75]},
								"west": {"uv": [6, 29], "uv_size": [0.25, 0.75]}
							}
						},
						{
							"origin": [0.15625, 1.98396, -0.08433],
							"size": [0.5, 0.64104, 0.35616],
							"inflate": 0.0005,
							"pivot": [0.65625, 2.5625, 0.27183],
							"rotation": [5.13455, 0, -12.52881],
							"uv": {
								"east": {"uv": [29, 6], "uv_size": [0.25, 0.75]},
								"west": {"uv": [7, 29], "uv_size": [0.25, 0.75]}
							}
						},
						{
							"origin": [-0.65625, 1.98396, -0.27183],
							"size": [0.5, 0.64104, 0.35616],
							"inflate": 0.0005,
							"pivot": [-0.65625, 2.5625, -0.27183],
							"rotation": [-5.13455, 0, 12.52881],
							"uv": {
								"east": {"uv": [29, 7], "uv_size": [0.25, 0.75]},
								"west": {"uv": [8, 29], "uv_size": [0.25, 0.75]}
							}
						},
						{
							"origin": [-0.65625, 1.98396, -0.08433],
							"size": [0.5, 0.64104, 0.35616],
							"pivot": [-0.65625, 2.5625, 0.27183],
							"rotation": [5.13455, 0, 12.52881],
							"uv": {
								"east": {"uv": [29, 8], "uv_size": [0.25, 0.75]},
								"west": {"uv": [9, 29], "uv_size": [0.25, 0.75]}
							}
						},
						{
							"origin": [-0.65625, 1.98396, 0.27183],
							"size": [0.5, 0.64104, 0.35616],
							"inflate": 0.0005,
							"pivot": [-0.65625, 2.5625, 0.27183],
							"rotation": [7.105, 43.65137, 17.44635],
							"uv": {
								"east": {"uv": [29, 9], "uv_size": [0.25, 0.75]},
								"west": {"uv": [10, 29], "uv_size": [0.25, 0.75]}
							}
						},
						{
							"origin": [-0.27183, 1.98396, 0.30009],
							"size": [0.5, 0.64104, 0.35616],
							"pivot": [-0.27183, 2.5625, 0.65625],
							"rotation": [17.37411, 43.65137, 17.44635],
							"uv": {
								"east": {"uv": [29, 10], "uv_size": [0.25, 0.75]}
							}
						},
						{
							"origin": [-0.08433, 1.98396, 0.15625],
							"size": [0.35616, 0.64104, 0.5],
							"pivot": [0.27183, 2.5625, 0.65625],
							"rotation": [12.48011, 1.11242, -5.01292],
							"uv": {
								"north": {"uv": [11, 29], "uv_size": [0.25, 0.75]},
								"south": {"uv": [29, 11], "uv_size": [0.25, 0.75]}
							}
						},
						{
							"origin": [-0.27183, 1.98396, 0.15625],
							"size": [0.35616, 0.64104, 0.5],
							"inflate": 0.0005,
							"pivot": [-0.27183, 2.5625, 0.65625],
							"rotation": [12.48011, -1.11242, 5.01292],
							"uv": {
								"north": {"uv": [12, 29], "uv_size": [0.25, 0.75]},
								"south": {"uv": [29, 12], "uv_size": [0.25, 0.75]}
							}
						},
						{
							"origin": [-0.65625, 1.98396, -0.62798],
							"size": [0.5, 0.64104, 0.35616],
							"pivot": [-0.65625, 2.5625, -0.27183],
							"rotation": [-7.105, -43.65137, 17.44635],
							"uv": {
								"east": {"uv": [13, 29], "uv_size": [0.25, 0.75]},
								"west": {"uv": [29, 13], "uv_size": [0.25, 0.75]}
							}
						},
						{
							"origin": [-0.27183, 1.98396, -0.65625],
							"size": [0.35616, 0.64104, 0.5],
							"pivot": [-0.27183, 2.5625, -0.65625],
							"rotation": [-12.48011, 1.11242, 5.01292],
							"uv": {
								"north": {"uv": [14, 29], "uv_size": [0.25, 0.75]},
								"south": {"uv": [29, 14], "uv_size": [0.25, 0.75]}
							}
						},
						{
							"origin": [-0.08433, 1.98396, -0.65625],
							"size": [0.35616, 0.64104, 0.5],
							"inflate": 0.0005,
							"pivot": [0.27183, 2.5625, -0.65625],
							"rotation": [-12.48011, -1.11242, -5.01292],
							"uv": {
								"north": {"uv": [15, 29], "uv_size": [0.25, 0.75]},
								"south": {"uv": [29, 15], "uv_size": [0.25, 0.75]}
							}
						},
						{
							"origin": [-0.27183, 1.98396, -0.65625],
							"size": [0.5, 0.64104, 0.35616],
							"inflate": 0.0005,
							"pivot": [-0.27183, 2.5625, -0.65625],
							"rotation": [-17.37411, -43.65137, 17.44635],
							"uv": {
								"east": {"uv": [16, 29], "uv_size": [0.25, 0.75]}
							}
						},
						{
							"origin": [0.15625, 1.98396, -0.62798],
							"size": [0.5, 0.64104, 0.35616],
							"inflate": 0.0005,
							"pivot": [0.65625, 2.5625, -0.27183],
							"rotation": [-7.105, 43.65137, -17.44635],
							"uv": {
								"east": {"uv": [29, 16], "uv_size": [0.25, 0.75]},
								"west": {"uv": [17, 29], "uv_size": [0.25, 0.75]}
							}
						},
						{
							"origin": [-0.22817, 1.98396, -0.65625],
							"size": [0.5, 0.64104, 0.35616],
							"pivot": [0.27183, 2.5625, -0.65625],
							"rotation": [-17.37411, 43.65137, -17.44635],
							"uv": {
								"west": {"uv": [29, 17], "uv_size": [0.25, 0.75]}
							}
						},
						{
							"origin": [-0.27183, 2.5625, -0.65625],
							"size": [0.54366, 1.5, 1.3125],
							"pivot": [0, 3.25, 0],
							"rotation": [0, -45, 0],
							"uv": {
								"north": {"uv": [24, 19], "uv_size": [0.5, 1.5]},
								"south": {"uv": [24, 21], "uv_size": [0.5, 1.5]},
								"up": {"uv": [3, 25], "uv_size": [0.5, 1.25]},
								"down": {"uv": [4, 26.25], "uv_size": [0.5, -1.25]}
							}
						},
						{
							"origin": [-0.78125, 1.1875, -0.3236],
							"size": [1.5625, 0.8125, 0.64721],
							"uv": {
								"east": {"uv": [7, 25], "uv_size": [0.75, 0.75]},
								"west": {"uv": [8, 25], "uv_size": [0.75, 0.75]},
								"up": {"uv": [0, 23], "uv_size": [1.5, 0.75]}
							}
						},
						{
							"origin": [-0.78125, 1.1875, -0.3236],
							"size": [1.5625, 0.8125, 0.64721],
							"pivot": [0, 1.59375, 0],
							"rotation": [0, -45, 0],
							"uv": {
								"east": {"uv": [25, 11], "uv_size": [0.75, 0.75]},
								"west": {"uv": [25, 12], "uv_size": [0.75, 0.75]},
								"up": {"uv": [23, 6], "uv_size": [1.5, 0.75]}
							}
						},
						{
							"origin": [-0.3236, 1.1875, -0.78125],
							"size": [0.64721, 0.8125, 1.5625],
							"uv": {
								"north": {"uv": [25, 13], "uv_size": [0.75, 0.75]},
								"south": {"uv": [25, 14], "uv_size": [0.75, 0.75]},
								"up": {"uv": [7, 23], "uv_size": [0.75, 1.5]}
							}
						},
						{
							"origin": [-0.3236, 1.1875, -0.78125],
							"size": [0.64721, 0.8125, 1.5625],
							"pivot": [0, 1.59375, 0],
							"rotation": [0, -45, 0],
							"uv": {
								"north": {"uv": [25, 17], "uv_size": [0.75, 0.75]},
								"south": {"uv": [25, 18], "uv_size": [0.75, 0.75]},
								"up": {"uv": [8, 23], "uv_size": [0.75, 1.5]}
							}
						},
						{
							"origin": [-0.82815, 0.875, -0.34303],
							"size": [1.6563, 0.3125, 0.68606],
							"uv": {
								"east": {"uv": [18, 29], "uv_size": [0.75, 0.25]},
								"west": {"uv": [29, 18], "uv_size": [0.75, 0.25]},
								"up": {"uv": [12, 22], "uv_size": [1.75, 0.75]},
								"down": {"uv": [22, 13.75], "uv_size": [1.75, -0.75]}
							}
						},
						{
							"origin": [-0.82815, 0.875, -0.34303],
							"size": [1.6563, 0.3125, 0.68606],
							"pivot": [0, 1.03125, 0],
							"rotation": [0, -45, 0],
							"uv": {
								"east": {"uv": [19, 29], "uv_size": [0.75, 0.25]},
								"west": {"uv": [29, 19], "uv_size": [0.75, 0.25]},
								"up": {"uv": [14, 22], "uv_size": [1.75, 0.75]},
								"down": {"uv": [22, 17.75], "uv_size": [1.75, -0.75]}
							}
						},
						{
							"origin": [-0.34303, 0.875, -0.82815],
							"size": [0.68606, 0.3125, 1.6563],
							"uv": {
								"north": {"uv": [20, 29], "uv_size": [0.75, 0.25]},
								"south": {"uv": [29, 20], "uv_size": [0.75, 0.25]},
								"up": {"uv": [16, 22], "uv_size": [0.75, 1.75]},
								"down": {"uv": [22, 19.75], "uv_size": [0.75, -1.75]}
							}
						},
						{
							"origin": [-0.34303, 0.875, -0.82815],
							"size": [0.68606, 0.3125, 1.6563],
							"pivot": [0, 1.03125, 0],
							"rotation": [0, -45, 0],
							"uv": {
								"north": {"uv": [21, 29], "uv_size": [0.75, 0.25]},
								"south": {"uv": [29, 21], "uv_size": [0.75, 0.25]},
								"up": {"uv": [22, 20], "uv_size": [0.75, 1.75]},
								"down": {"uv": [22, 23.75], "uv_size": [0.75, -1.75]}
							}
						},
						{
							"origin": [-0.8125, 10.625, -0.33655],
							"size": [1.625, 0.125, 0.6731],
							"uv": {
								"east": {"uv": [22, 29], "uv_size": [0.75, 0.25]},
								"west": {"uv": [29, 22], "uv_size": [0.75, 0.25]}
							}
						},
						{
							"origin": [-0.8125, 10.625, -0.33655],
							"size": [1.625, 0.125, 0.6731],
							"pivot": [0, 10.6875, 0],
							"rotation": [0, -45, 0],
							"uv": {
								"east": {"uv": [23, 29], "uv_size": [0.75, 0.25]},
								"west": {"uv": [29, 23], "uv_size": [0.75, 0.25]}
							}
						},
						{
							"origin": [-0.33655, 10.625, -0.8125],
							"size": [0.6731, 0.125, 1.625],
							"uv": {
								"north": {"uv": [22.75, 30], "uv_size": [0.6731, 0.125]},
								"south": {"uv": [24, 29], "uv_size": [0.75, 0.25]}
							}
						},
						{
							"origin": [-0.33655, 10.625, -0.8125],
							"size": [0.6731, 0.125, 1.625],
							"pivot": [0, 10.6875, 0],
							"rotation": [0, -45, 0],
							"uv": {
								"north": {"uv": [29, 24], "uv_size": [0.75, 0.25]},
								"south": {"uv": [25, 29], "uv_size": [0.75, 0.25]}
							}
						},
						{
							"origin": [-0.9375, 10.75, -0.38833],
							"size": [1.875, 1.1875, 0.77665],
							"uv": {
								"east": {"uv": [23, 14], "uv_size": [0.75, 1.25]},
								"west": {"uv": [23, 18], "uv_size": [0.75, 1.25]},
								"up": {"uv": [18, 6], "uv_size": [2, 0.75]},
								"down": {"uv": [18, 7.75], "uv_size": [2, -0.75]}
							}
						},
						{
							"origin": [-0.9375, 10.75, -0.38833],
							"size": [1.875, 1.1875, 0.77665],
							"pivot": [0, 11.34375, 0],
							"rotation": [0, -45, 0],
							"uv": {
								"east": {"uv": [19, 23], "uv_size": [0.75, 1.25]},
								"west": {"uv": [20, 23], "uv_size": [0.75, 1.25]},
								"up": {"uv": [21, 6], "uv_size": [2, 0.75]},
								"down": {"uv": [21, 7.75], "uv_size": [2, -0.75]}
							}
						},
						{
							"origin": [-0.38833, 10.75, -0.9375],
							"size": [0.77665, 1.1875, 1.875],
							"uv": {
								"north": {"uv": [23, 20], "uv_size": [0.75, 1.25]},
								"south": {"uv": [21, 23], "uv_size": [0.75, 1.25]},
								"down": {"uv": [21, 10], "uv_size": [0.75, -2]}
							}
						},
						{
							"origin": [-0.38833, 10.75, -0.9375],
							"size": [0.77665, 1.1875, 1.875],
							"pivot": [0, 11.34375, 0],
							"rotation": [0, -45, 0],
							"uv": {
								"north": {"uv": [23, 22], "uv_size": [0.75, 1.25]},
								"south": {"uv": [0, 24], "uv_size": [0.75, 1.25]},
								"up": {"uv": [21, 10], "uv_size": [0.75, 2]},
								"down": {"uv": [21, 14], "uv_size": [0.75, -2]}
							}
						},
						{
							"origin": [-1.09375, 11.5, -0.45305],
							"size": [2.1875, 0.1875, 0.90609],
							"uv": {
								"east": {"uv": [28, 3], "uv_size": [1, 0.25]},
								"west": {"uv": [4, 28], "uv_size": [1, 0.25]},
								"up": {"uv": [17, 8], "uv_size": [2.25, 1]},
								"down": {"uv": [17, 10], "uv_size": [2.25, -1]}
							}
						},
						{
							"origin": [-1.09375, 11.5, -0.45305],
							"size": [2.1875, 0.1875, 0.90609],
							"pivot": [0, 11.59375, 0],
							"rotation": [0, -45, 0],
							"uv": {
								"east": {"uv": [28, 4], "uv_size": [1, 0.25]},
								"west": {"uv": [5, 28], "uv_size": [1, 0.25]},
								"up": {"uv": [17, 10], "uv_size": [2.25, 1]},
								"down": {"uv": [17, 12], "uv_size": [2.25, -1]}
							}
						},
						{
							"origin": [-0.45305, 11.5, -1.09375],
							"size": [0.90609, 0.1875, 2.1875],
							"uv": {
								"north": {"uv": [28, 5], "uv_size": [1, 0.25]},
								"south": {"uv": [6, 28], "uv_size": [1, 0.25]},
								"up": {"uv": [7, 17], "uv_size": [1, 2.25]},
								"down": {"uv": [17, 14.25], "uv_size": [1, -2.25]}
							}
						},
						{
							"origin": [-0.45305, 11.5, -1.09375],
							"size": [0.90609, 0.1875, 2.1875],
							"pivot": [0, 11.59375, 0],
							"rotation": [0, -45, 0],
							"uv": {
								"north": {"uv": [28, 6], "uv_size": [1, 0.25]},
								"south": {"uv": [7, 28], "uv_size": [1, 0.25]},
								"up": {"uv": [17, 15], "uv_size": [1, 2.25]},
								"down": {"uv": [18, 2.25], "uv_size": [1, -2.25]}
							}
						},
						{
							"origin": [-0.38518, 12.125, -1.4375],
							"size": [0.77035, 4.5, 2.875],
							"pivot": [0, 15.625, 0],
							"rotation": [-180, -60, 180],
							"uv": {
								"north": {"uv": [12, 0], "uv_size": [0.75, 4.5]},
								"east": {"uv": [0, 0], "uv_size": [3, 4.5]},
								"south": {"uv": [12, 5], "uv_size": [0.75, 4.5]},
								"west": {"uv": [3, 0], "uv_size": [3, 4.5]},
								"up": {"uv": [18, 3], "uv_size": [0.75, 3]}
							}
						},
						{
							"origin": [-0.38518, 12.125, -1.4375],
							"size": [0.77035, 4.5, 2.875],
							"inflate": -0.0005,
							"pivot": [0, 15.625, 0],
							"rotation": [0, -90, 0],
							"uv": {
								"north": {"uv": [12, 10], "uv_size": [0.75, 4.5]},
								"east": {"uv": [0, 5], "uv_size": [3, 4.5]},
								"south": {"uv": [13, 0], "uv_size": [0.75, 4.5]},
								"west": {"uv": [3, 5], "uv_size": [3, 4.5]},
								"up": {"uv": [18, 12], "uv_size": [0.75, 3]}
							}
						},
						{
							"origin": [-0.38518, 12.125, -1.4375],
							"size": [0.77035, 4.5, 2.875],
							"inflate": 0.0002,
							"pivot": [0, 15.625, 0],
							"rotation": [0, -60, 0],
							"uv": {
								"north": {"uv": [13, 5], "uv_size": [0.75, 4.5]},
								"east": {"uv": [6, 0], "uv_size": [3, 4.5]},
								"south": {"uv": [13, 10], "uv_size": [0.75, 4.5]},
								"west": {"uv": [6, 5], "uv_size": [3, 4.5]},
								"up": {"uv": [18, 15], "uv_size": [0.75, 3]}
							}
						},
						{
							"origin": [-0.38518, 12.125, -1.4375],
							"size": [0.77035, 4.5, 2.875],
							"inflate": -0.0005,
							"pivot": [0, 15.625, 0],
							"rotation": [0, -30, 0],
							"uv": {
								"north": {"uv": [14, 0], "uv_size": [0.75, 4.5]},
								"east": {"uv": [9, 0], "uv_size": [3, 4.5]},
								"south": {"uv": [14, 5], "uv_size": [0.75, 4.5]},
								"west": {"uv": [9, 5], "uv_size": [3, 4.5]},
								"up": {"uv": [17, 18], "uv_size": [0.75, 3]}
							}
						},
						{
							"origin": [-0.38518, 12.125, -1.4375],
							"size": [0.77035, 4.5, 2.875],
							"inflate": 0.0005,
							"uv": {
								"north": {"uv": [14, 10], "uv_size": [0.75, 4.5]},
								"east": {"uv": [0, 10], "uv_size": [3, 4.5]},
								"south": {"uv": [0, 15], "uv_size": [0.75, 4.5]},
								"west": {"uv": [3, 10], "uv_size": [3, 4.5]},
								"up": {"uv": [18, 18], "uv_size": [0.75, 3]}
							}
						},
						{
							"origin": [-0.43542, 11.9375, -1.625],
							"size": [0.87083, 0.1875, 3.25],
							"pivot": [0, 11.125, 0],
							"rotation": [-180, -60, 180],
							"uv": {
								"north": {"uv": [29, 25], "uv_size": [0.75, 0.25]},
								"east": {"uv": [23, 7], "uv_size": [3.25, 0.25]},
								"south": {"uv": [26, 29], "uv_size": [0.75, 0.25]},
								"west": {"uv": [23, 16], "uv_size": [3.25, 0.25]},
								"up": {"uv": [14, 15], "uv_size": [0.75, 3.25]},
								"down": {"uv": [15, 18.25], "uv_size": [0.75, -3.25]}
							}
						},
						{
							"origin": [-0.43542, 11.9375, -1.625],
							"size": [0.87083, 0.1875, 3.25],
							"inflate": -0.0005,
							"pivot": [0, 11.125, 0],
							"rotation": [0, -90, 0],
							"uv": {
								"north": {"uv": [29, 26], "uv_size": [0.75, 0.25]},
								"east": {"uv": [24, 0], "uv_size": [3.25, 0.25]},
								"south": {"uv": [27, 29], "uv_size": [0.75, 0.25]},
								"west": {"uv": [1, 24], "uv_size": [3.25, 0.25]},
								"up": {"uv": [16, 0], "uv_size": [0.75, 3.25]},
								"down": {"uv": [16, 10.25], "uv_size": [0.75, -3.25]}
							}
						},
						{
							"origin": [-0.43542, 11.9375, -1.625],
							"size": [0.87083, 0.1875, 3.25],
							"pivot": [0, 11.125, 0],
							"rotation": [0, -60, 0],
							"uv": {
								"north": {"uv": [29, 27], "uv_size": [0.75, 0.25]},
								"east": {"uv": [24, 1], "uv_size": [3.25, 0.25]},
								"south": {"uv": [28, 29], "uv_size": [0.75, 0.25]},
								"west": {"uv": [24, 2], "uv_size": [3.25, 0.25]},
								"up": {"uv": [16, 11], "uv_size": [0.75, 3.25]},
								"down": {"uv": [16, 18.25], "uv_size": [0.75, -3.25]}
							}
						},
						{
							"origin": [-0.43542, 11.9375, -1.625],
							"size": [0.87083, 0.1875, 3.25],
							"inflate": -0.0005,
							"pivot": [0, 11.125, 0],
							"rotation": [0, -30, 0],
							"uv": {
								"north": {"uv": [29, 28], "uv_size": [0.75, 0.25]},
								"east": {"uv": [24, 3], "uv_size": [3.25, 0.25]},
								"south": {"uv": [29, 29], "uv_size": [0.75, 0.25]},
								"west": {"uv": [24, 4], "uv_size": [3.25, 0.25]},
								"up": {"uv": [17, 0], "uv_size": [0.75, 3.25]},
								"down": {"uv": [2, 20.25], "uv_size": [0.75, -3.25]}
							}
						},
						{
							"origin": [-0.43542, 11.9375, -1.625],
							"size": [0.87083, 0.1875, 3.25],
							"uv": {
								"north": {"uv": [0, 30], "uv_size": [0.75, 0.25]},
								"east": {"uv": [24, 5], "uv_size": [3.25, 0.25]},
								"south": {"uv": [30, 0], "uv_size": [0.75, 0.25]},
								"west": {"uv": [24, 8], "uv_size": [3.25, 0.25]},
								"up": {"uv": [3, 17], "uv_size": [0.75, 3.25]},
								"down": {"uv": [4, 20.25], "uv_size": [0.75, -3.25]}
							}
						},
						{
							"origin": [-0.7813, 0.4375, -0.32363],
							"size": [0.125, 0.4375, 0.64725],
							"uv": {
								"east": {"uv": [20, 26], "uv_size": [0.75, 0.5]},
								"west": {"uv": [21, 26], "uv_size": [0.75, 0.5]},
								"down": {"uv": [1, 30.75], "uv_size": [0.25, -0.75]}
							}
						},
						{
							"origin": [-0.7813, 0.4375, -0.32363],
							"size": [0.125, 0.4375, 0.64725],
							"pivot": [0, 0.65625, 0],
							"rotation": [0, -45, 0],
							"uv": {
								"east": {"uv": [26, 23], "uv_size": [0.75, 0.5]},
								"west": {"uv": [24, 26], "uv_size": [0.75, 0.5]},
								"down": {"uv": [30, 1.75], "uv_size": [0.25, -0.75]}
							}
						},
						{
							"origin": [0.6563, 0.4375, -0.32363],
							"size": [0.125, 0.4375, 0.64725],
							"uv": {
								"east": {"uv": [26, 24], "uv_size": [0.75, 0.5]},
								"west": {"uv": [25, 26], "uv_size": [0.75, 0.5]},
								"down": {"uv": [2, 30.75], "uv_size": [0.25, -0.75]}
							}
						},
						{
							"origin": [0.6563, 0.4375, -0.32363],
							"size": [0.125, 0.4375, 0.64725],
							"pivot": [0, 0.65625, 0],
							"rotation": [0, -45, 0],
							"uv": {
								"east": {"uv": [26, 25], "uv_size": [0.75, 0.5]},
								"west": {"uv": [26, 26], "uv_size": [0.75, 0.5]},
								"down": {"uv": [30, 2.75], "uv_size": [0.25, -0.75]}
							}
						},
						{
							"origin": [-0.32363, 0.4375, 0.6563],
							"size": [0.64725, 0.4375, 0.125],
							"uv": {
								"north": {"uv": [1, 27], "uv_size": [0.75, 0.5]},
								"south": {"uv": [2, 27], "uv_size": [0.75, 0.5]},
								"down": {"uv": [3, 30.25], "uv_size": [0.75, -0.25]}
							}
						},
						{
							"origin": [-0.32363, 0.4375, 0.6563],
							"size": [0.64725, 0.4375, 0.125],
							"pivot": [0, 0.65625, 0],
							"rotation": [0, -45, 0],
							"uv": {
								"north": {"uv": [3, 27], "uv_size": [0.75, 0.5]},
								"south": {"uv": [4, 27], "uv_size": [0.75, 0.5]},
								"down": {"uv": [30, 3.25], "uv_size": [0.75, -0.25]}
							}
						},
						{
							"origin": [-0.32363, 0.4375, -0.7813],
							"size": [0.64725, 0.4375, 0.125],
							"uv": {
								"north": {"uv": [27, 7], "uv_size": [0.75, 0.5]},
								"south": {"uv": [8, 27], "uv_size": [0.75, 0.5]},
								"down": {"uv": [4, 30.25], "uv_size": [0.75, -0.25]}
							}
						},
						{
							"origin": [-0.32363, 0.4375, -0.7813],
							"size": [0.64725, 0.4375, 0.125],
							"pivot": [0, 0.65625, 0],
							"rotation": [0, -45, 0],
							"uv": {
								"north": {"uv": [9, 27], "uv_size": [0.75, 0.5]},
								"south": {"uv": [10, 27], "uv_size": [0.75, 0.5]},
								"down": {"uv": [30, 4.25], "uv_size": [0.75, -0.25]}
							}
						},
						{
							"origin": [-1, 11.13794, -0.09375],
							"size": [2, 0.1875, 0.1875],
							"pivot": [0, 11.23169, 0],
							"rotation": [-45, 0, 0],
							"uv": {
								"north": {"uv": [20, 25], "uv_size": [2, 0.25]},
								"east": {"uv": [30, 17], "uv_size": [0.25, 0.25]},
								"south": {"uv": [25, 20], "uv_size": [2, 0.25]},
								"west": {"uv": [18, 30], "uv_size": [0.25, 0.25]},
								"up": {"uv": [25, 21], "uv_size": [2, 0.25]},
								"down": {"uv": [25, 22.25], "uv_size": [2, -0.25]}
							}
						},
						{
							"origin": [-0.09375, 11.13794, -1],
							"size": [0.1875, 0.1875, 2],
							"pivot": [0, 11.23169, 0],
							"rotation": [0, 0, 45],
							"uv": {
								"north": {"uv": [30, 18], "uv_size": [0.25, 0.25]},
								"east": {"uv": [24, 25], "uv_size": [2, 0.25]},
								"south": {"uv": [19, 30], "uv_size": [0.25, 0.25]},
								"west": {"uv": [26, 6], "uv_size": [2, 0.25]},
								"up": {"uv": [0, 26], "uv_size": [0.25, 2]},
								"down": {"uv": [7, 28], "uv_size": [0.25, -2]}
							}
						},
						{
							"origin": [-0.375, 13.125, 2.0625],
							"size": [0.75, 2.9375, 0.0625],
							"inflate": 0.0005,
							"uv": {
								"north": {"uv": [19, 0], "uv_size": [0.75, 3]},
								"east": {"uv": [22, 24], "uv_size": [0.25, 3]},
								"south": {"uv": [19, 3], "uv_size": [0.75, 3]},
								"west": {"uv": [23, 24], "uv_size": [0.25, 3]}
							}
						},
						{
							"origin": [-0.375, 12.59467, 2.0625],
							"size": [0.53033, 0.53033, 0.0625],
							"pivot": [-0.375, 13.125, 2.125],
							"rotation": [0, 0, -45],
							"uv": {
								"north": {"uv": [28, 7], "uv_size": [0.5, 0.5]},
								"east": {"uv": [30, 10], "uv_size": [0.25, 0.5]},
								"south": {"uv": [8, 28], "uv_size": [0.5, 0.5]},
								"down": {"uv": [11, 30.25], "uv_size": [0.5, -0.25]}
							}
						},
						{
							"origin": [-0.375, 16.1875, 1.625],
							"size": [0.75, 0.0625, 0.3125],
							"inflate": 0.0005,
							"uv": {
								"east": {"uv": [30, 19], "uv_size": [0.25, 0.25]},
								"west": {"uv": [20, 30], "uv_size": [0.25, 0.25]},
								"up": {"uv": [5, 30], "uv_size": [0.75, 0.25]},
								"down": {"uv": [30, 5.25], "uv_size": [0.75, -0.25]}
							}
						},
						{
							"origin": [-0.375, 16.1875, 1.35983],
							"size": [0.75, 0.0625, 0.26517],
							"pivot": [0.375, 16.25, 1.625],
							"rotation": [45, 0, 0],
							"uv": {
								"east": {"uv": [30, 20], "uv_size": [0.25, 0.25]},
								"west": {"uv": [21, 30], "uv_size": [0.25, 0.25]},
								"up": {"uv": [6, 30], "uv_size": [0.75, 0.25]},
								"down": {"uv": [30, 6.25], "uv_size": [0.75, -0.25]}
							}
						},
						{
							"origin": [-0.375, 16.1875, 1.9375],
							"size": [0.75, 0.0625, 0.26517],
							"pivot": [0.375, 16.25, 1.9375],
							"rotation": [-45, 0, 0],
							"uv": {
								"east": {"uv": [30, 21], "uv_size": [0.25, 0.25]},
								"west": {"uv": [22, 30], "uv_size": [0.25, 0.25]},
								"up": {"uv": [7, 30], "uv_size": [0.75, 0.25]},
								"down": {"uv": [30, 7.25], "uv_size": [0.75, -0.25]}
							}
						},
						{
							"origin": [-0.375, 12.875, 1.4375],
							"size": [0.75, 3.1875, 0.0625],
							"inflate": 0.0005,
							"uv": {
								"east": {"uv": [5, 24], "uv_size": [0.25, 3.25]},
								"south": {"uv": [17, 4], "uv_size": [0.75, 3.25]},
								"west": {"uv": [6, 24], "uv_size": [0.25, 3.25]},
								"down": {"uv": [8, 30.25], "uv_size": [0.75, -0.25]}
							}
						},
						{
							"origin": [-0.38518, 12.125, -1.4375],
							"size": [0.77035, 4.5, 2.875],
							"inflate": -0.0005,
							"pivot": [0, 15.625, 0],
							"rotation": [-180, -30, 180],
							"uv": {
								"north": {"uv": [15, 0], "uv_size": [0.75, 4.5]},
								"east": {"uv": [6, 10], "uv_size": [3, 4.5]},
								"south": {"uv": [1, 15], "uv_size": [0.75, 4.5]},
								"west": {"uv": [9, 10], "uv_size": [3, 4.5]},
								"up": {"uv": [8, 19], "uv_size": [0.75, 3]}
							}
						},
						{
							"origin": [-0.43542, 11.9375, -1.625],
							"size": [0.87083, 0.1875, 3.25],
							"inflate": -0.0005,
							"pivot": [0, 11.125, 0],
							"rotation": [-180, -30, 180],
							"uv": {
								"north": {"uv": [30, 8], "uv_size": [0.75, 0.25]},
								"east": {"uv": [24, 9], "uv_size": [3.25, 0.25]},
								"south": {"uv": [9, 30], "uv_size": [0.75, 0.25]},
								"west": {"uv": [24, 10], "uv_size": [3.25, 0.25]},
								"up": {"uv": [5, 17], "uv_size": [0.75, 3.25]},
								"down": {"uv": [6, 20.25], "uv_size": [0.75, -3.25]}
							}
						}
					]
				},
				{
					"name": "octagon",
					"parent": "body",
					"pivot": [0, 0.5625, -2]
				},
				{
					"name": "rightHand",
					"parent": "r",
					"pivot": [6, 18.93684, 8.04313]
				},
				{
					"name": "righthand_pos",
					"parent": "rightHand",
					"pivot": [0, 7.93684, 8.04313],
					"cubes": [
						{
							"origin": [4, 7.93684, 6.04313],
							"size": [3, 12, 4],
							"uv": {
								"north": {"uv": [0, 0], "uv_size": [4, 12]},
								"east": {"uv": [4, 0], "uv_size": [4, 12]},
								"south": {"uv": [8, 0], "uv_size": [4, 12]},
								"west": {"uv": [0, 12], "uv_size": [4, 12]},
								"up": {"uv": [12, 0], "uv_size": [4, 4]},
								"down": {"uv": [4, 16], "uv_size": [4, -4]}
							}
						}
					]
				},
				{
					"name": "leftHand",
					"parent": "root",
					"pivot": [-6, 18.93684, 8.04313]
				},
				{
					"name": "lefthand_pos",
					"parent": "leftHand",
					"pivot": [0, 7.93684, 8.04313],
					"cubes": [
						{
							"origin": [-7, 7.93684, 6.04313],
							"size": [3, 12, 4],
							"uv": {
								"north": {"uv": [0, 0], "uv_size": [4, 12]},
								"east": {"uv": [4, 0], "uv_size": [4, 12]},
								"south": {"uv": [8, 0], "uv_size": [4, 12]},
								"west": {"uv": [0, 12], "uv_size": [4, 12]},
								"up": {"uv": [12, 0], "uv_size": [4, 4]},
								"down": {"uv": [4, 16], "uv_size": [4, -4]}
							}
						}
					]
				},
				{
					"name": "camera",
					"pivot": [5, 9, 14]
				},
				{
					"name": "idle_view",
					"pivot": [5, 9, 14]
				}
			]
		}
	]
}