{
	"format_version": "1.12.0",
	"minecraft:geometry": [
		{
			"description": {
				"identifier": "geometry.unknown",
				"texture_width": 64,
				"texture_height": 64,
				"visible_bounds_width": 4,
				"visible_bounds_height": 2.5,
				"visible_bounds_offset": [0, 0.75, 0]
			},
			"bones": [
				{
					"name": "bb_main",
					"pivot": [0, 0, 0]
				},
				{
					"name": "root",
					"pivot": [0, 6, 0]
				},
				{
					"name": "r",
					"parent": "root",
					"pivot": [0, 4, 0]
				},
				{
					"name": "pullcord",
					"parent": "r",
					"pivot": [0, 2.77748, 0],
					"cubes": [
						{
							"origin": [-0.25, 0.28125, -0.3125],
							"size": [0.5, 0.8125, 0.8125],
							"pivot": [0, 0.59375, 0],
							"rotation": [45, 0, 0],
							"uv": {
								"north": {"uv": [28, 54], "uv_size": [0.5, 0.75]},
								"east": {"uv": [11, 52], "uv_size": [0.75, 0.75]},
								"south": {"uv": [29, 54], "uv_size": [0.5, 0.75]},
								"west": {"uv": [12, 52], "uv_size": [0.75, 0.75]},
								"up": {"uv": [30, 54], "uv_size": [0.5, 0.75]},
								"down": {"uv": [54, 30.75], "uv_size": [0.5, -0.75]}
							}
						},
						{
							"origin": [0.25, 1.15625, -0.09375],
							"size": [0.1875, 3.9375, 0.1875],
							"pivot": [0.4375, 1.15625, 0.09375],
							"rotation": [0, 0, -5],
							"uv": {
								"north": {"uv": [6, 49], "uv_size": [0.25, 4]},
								"east": {"uv": [9, 49], "uv_size": [0.25, 4]},
								"south": {"uv": [10, 49], "uv_size": [0.25, 4]},
								"west": {"uv": [13, 49], "uv_size": [0.25, 4]},
								"up": {"uv": [51, 57], "uv_size": [0.25, 0.25]}
							}
						},
						{
							"origin": [-0.4375, 1.15625, -0.09375],
							"size": [0.1875, 3.9375, 0.1875],
							"pivot": [-0.4375, 1.15625, 0.09375],
							"rotation": [0, 0, 5],
							"uv": {
								"north": {"uv": [14, 49], "uv_size": [0.25, 4]},
								"east": {"uv": [18, 49], "uv_size": [0.25, 4]},
								"south": {"uv": [20, 49], "uv_size": [0.25, 4]},
								"west": {"uv": [21, 49], "uv_size": [0.25, 4]},
								"up": {"uv": [57, 51], "uv_size": [0.25, 0.25]}
							}
						},
						{
							"origin": [-0.4375, 0.65625, -0.09375],
							"size": [0.875, 0.5, 0.1875],
							"uv": {
								"north": {"uv": [17, 52], "uv_size": [1, 0.5]},
								"east": {"uv": [43, 57], "uv_size": [0.25, 0.5]},
								"south": {"uv": [19, 52], "uv_size": [1, 0.5]},
								"west": {"uv": [57, 43], "uv_size": [0.25, 0.5]},
								"down": {"uv": [36, 55.25], "uv_size": [1, -0.25]}
							}
						}
					]
				},
				{
					"name": "cap",
					"parent": "r",
					"pivot": [0, 0.25, 0],
					"cubes": [
						{
							"origin": [-0.35598, 0.6875, 0.7969],
							"size": [0.71195, 0.1875, 0.0625],
							"uv": {
								"north": {"uv": [2, 57], "uv_size": [0.75, 0.25]},
								"south": {"uv": [3, 57], "uv_size": [0.75, 0.25]},
								"up": {"uv": [4, 57], "uv_size": [0.75, 0.25]},
								"down": {"uv": [5, 57.25], "uv_size": [0.75, -0.25]}
							}
						},
						{
							"origin": [0.7969, 0.6875, -0.35598],
							"size": [0.0625, 0.1875, 0.71195],
							"pivot": [0, 0.625, 0],
							"rotation": [0, -45, 0],
							"uv": {
								"east": {"uv": [8, 56], "uv_size": [0.75, 0.25]},
								"west": {"uv": [56, 8], "uv_size": [0.75, 0.25]},
								"up": {"uv": [9, 56], "uv_size": [0.25, 0.75]},
								"down": {"uv": [56, 9.75], "uv_size": [0.25, -0.75]}
							}
						},
						{
							"origin": [0.7969, 0.6875, -0.35598],
							"size": [0.0625, 0.1875, 0.71195],
							"uv": {
								"east": {"uv": [10, 56], "uv_size": [0.75, 0.25]},
								"west": {"uv": [56, 10], "uv_size": [0.75, 0.25]},
								"up": {"uv": [11, 56], "uv_size": [0.25, 0.75]},
								"down": {"uv": [56, 11.75], "uv_size": [0.25, -0.75]}
							}
						},
						{
							"origin": [-0.35598, 0.6875, -0.8594],
							"size": [0.71195, 0.1875, 0.0625],
							"uv": {
								"north": {"uv": [5, 56], "uv_size": [0.75, 0.25]},
								"south": {"uv": [6, 56], "uv_size": [0.75, 0.25]},
								"up": {"uv": [56, 6], "uv_size": [0.75, 0.25]},
								"down": {"uv": [7, 56.25], "uv_size": [0.75, -0.25]}
							}
						},
						{
							"origin": [-0.35598, 0.6875, -0.8594],
							"size": [0.71195, 0.1875, 0.0625],
							"pivot": [0, 0.625, 0],
							"rotation": [0, -45, 0],
							"uv": {
								"north": {"uv": [56, 1], "uv_size": [0.75, 0.25]},
								"south": {"uv": [2, 56], "uv_size": [0.75, 0.25]},
								"up": {"uv": [3, 56], "uv_size": [0.75, 0.25]},
								"down": {"uv": [4, 56.25], "uv_size": [0.75, -0.25]}
							}
						},
						{
							"origin": [-0.35598, 0.6875, -0.8594],
							"size": [0.71195, 0.1875, 0.0625],
							"pivot": [0, 0.625, 0],
							"rotation": [0, 45, 0],
							"uv": {
								"north": {"uv": [0, 57], "uv_size": [0.75, 0.25]},
								"south": {"uv": [57, 0], "uv_size": [0.75, 0.25]},
								"up": {"uv": [1, 57], "uv_size": [0.75, 0.25]},
								"down": {"uv": [57, 1.25], "uv_size": [0.75, -0.25]}
							}
						},
						{
							"origin": [-0.8594, 0.6875, -0.35598],
							"size": [0.0625, 0.1875, 0.71195],
							"uv": {
								"east": {"uv": [56, 54], "uv_size": [0.75, 0.25]},
								"west": {"uv": [55, 56], "uv_size": [0.75, 0.25]},
								"up": {"uv": [56, 55], "uv_size": [0.25, 0.75]},
								"down": {"uv": [56, 56.75], "uv_size": [0.25, -0.75]}
							}
						},
						{
							"origin": [-0.8594, 0.6875, -0.35598],
							"size": [0.0625, 0.1875, 0.71195],
							"pivot": [0, 0.625, 0],
							"rotation": [0, 45, 0],
							"uv": {
								"east": {"uv": [56, 52], "uv_size": [0.75, 0.25]},
								"west": {"uv": [53, 56], "uv_size": [0.75, 0.25]},
								"up": {"uv": [56, 53], "uv_size": [0.25, 0.75]},
								"down": {"uv": [54, 56.75], "uv_size": [0.25, -0.75]}
							}
						},
						{
							"origin": [-0.8594, 0.125, -0.85598],
							"size": [1.7188, 0.25, 1.71195],
							"pivot": [0, 0.25, 0],
							"rotation": [0, 45, 0],
							"uv": {
								"north": {"uv": [54, 17], "uv_size": [1.75, 0.25]},
								"east": {"uv": [18, 54], "uv_size": [1.75, 0.25]},
								"south": {"uv": [54, 18], "uv_size": [1.75, 0.25]},
								"west": {"uv": [54, 19], "uv_size": [1.75, 0.25]},
								"up": {"uv": [40, 15], "uv_size": [1.75, 1.75]},
								"down": {"uv": [17, 41.75], "uv_size": [1.75, -1.75]}
							}
						},
						{
							"origin": [-0.8594, 0.125, -0.85598],
							"size": [1.7188, 0.25, 1.71195],
							"inflate": 0.0005,
							"uv": {
								"north": {"uv": [14, 54], "uv_size": [1.75, 0.25]},
								"east": {"uv": [54, 15], "uv_size": [1.75, 0.25]},
								"south": {"uv": [16, 54], "uv_size": [1.75, 0.25]},
								"west": {"uv": [54, 16], "uv_size": [1.75, 0.25]},
								"up": {"uv": [13, 40], "uv_size": [1.75, 1.75]},
								"down": {"uv": [15, 41.75], "uv_size": [1.75, -1.75]}
							}
						},
						{
							"origin": [0.2031, 0, 0.20652],
							"size": [0.3438, 0.125, 0.33695],
							"uv": {
								"north": {"uv": [46, 57], "uv_size": [0.25, 0.25]},
								"east": {"uv": [57, 46], "uv_size": [0.25, 0.25]},
								"south": {"uv": [47, 57], "uv_size": [0.25, 0.25]},
								"west": {"uv": [57, 47], "uv_size": [0.25, 0.25]},
								"down": {"uv": [48, 57.25], "uv_size": [0.25, -0.25]}
							}
						},
						{
							"origin": [-0.6094, 0, -0.60598],
							"size": [0.3438, 0.125, 0.33695],
							"uv": {
								"north": {"uv": [57, 48], "uv_size": [0.25, 0.25]},
								"east": {"uv": [49, 57], "uv_size": [0.25, 0.25]},
								"south": {"uv": [57, 49], "uv_size": [0.25, 0.25]},
								"west": {"uv": [50, 57], "uv_size": [0.25, 0.25]},
								"down": {"uv": [57, 50.25], "uv_size": [0.25, -0.25]}
							}
						},
						{
							"origin": [-0.82815, 0.375, -0.34303],
							"size": [1.6563, 0.3125, 0.68606],
							"uv": {
								"east": {"uv": [46, 56], "uv_size": [0.75, 0.25]},
								"west": {"uv": [47, 56], "uv_size": [0.75, 0.25]},
								"up": {"uv": [48, 42], "uv_size": [1.75, 0.75]}
							}
						},
						{
							"origin": [-0.82815, 0.375, -0.34303],
							"size": [1.6563, 0.3125, 0.68606],
							"pivot": [0, 0.5625, 0],
							"rotation": [0, -45, 0],
							"uv": {
								"east": {"uv": [44, 56], "uv_size": [0.75, 0.25]},
								"west": {"uv": [45, 56], "uv_size": [0.75, 0.25]},
								"up": {"uv": [48, 41], "uv_size": [1.75, 0.75]},
								"down": {"uv": [42, 48.75], "uv_size": [1.75, -0.75]}
							}
						},
						{
							"origin": [-0.34303, 0.375, -0.82815],
							"size": [0.68606, 0.3125, 1.6563],
							"uv": {
								"north": {"uv": [43, 56], "uv_size": [0.75, 0.25]},
								"south": {"uv": [56, 43], "uv_size": [0.75, 0.25]},
								"up": {"uv": [41, 48], "uv_size": [0.75, 1.75]}
							}
						},
						{
							"origin": [-0.34303, 0.375, -0.82815],
							"size": [0.68606, 0.3125, 1.6563],
							"pivot": [0, 0.5625, 0],
							"rotation": [0, -45, 0],
							"uv": {
								"north": {"uv": [42, 56], "uv_size": [0.75, 0.25]},
								"south": {"uv": [56, 42], "uv_size": [0.75, 0.25]},
								"up": {"uv": [48, 39], "uv_size": [0.75, 1.75]},
								"down": {"uv": [40, 49.75], "uv_size": [0.75, -1.75]}
							}
						},
						{
							"origin": [-0.35598, 0.46875, -0.8594],
							"size": [0.71195, 0.125, 1.7188],
							"pivot": [0, 0.5625, 0],
							"rotation": [0, -45, 0],
							"uv": {
								"north": {"uv": [48, 56], "uv_size": [0.75, 0.25]},
								"south": {"uv": [49, 56], "uv_size": [0.75, 0.25]},
								"up": {"uv": [44, 48], "uv_size": [0.75, 1.75]},
								"down": {"uv": [45, 49.75], "uv_size": [0.75, -1.75]}
							}
						},
						{
							"origin": [-0.35598, 0.46875, -0.8594],
							"size": [0.71195, 0.125, 1.7188],
							"uv": {
								"north": {"uv": [56, 49], "uv_size": [0.75, 0.25]},
								"south": {"uv": [50, 56], "uv_size": [0.75, 0.25]},
								"up": {"uv": [46, 48], "uv_size": [0.75, 1.75]},
								"down": {"uv": [48, 47.75], "uv_size": [0.75, -1.75]}
							}
						},
						{
							"origin": [-0.8594, 0.46875, -0.35598],
							"size": [1.7188, 0.125, 0.71195],
							"pivot": [0, 0.5625, 0],
							"rotation": [0, -45, 0],
							"uv": {
								"east": {"uv": [56, 50], "uv_size": [0.75, 0.25]},
								"west": {"uv": [51, 56], "uv_size": [0.75, 0.25]},
								"up": {"uv": [48, 43], "uv_size": [1.75, 0.75]},
								"down": {"uv": [47, 48.75], "uv_size": [1.75, -0.75]}
							}
						},
						{
							"origin": [-0.8594, 0.46875, -0.35598],
							"size": [1.7188, 0.125, 0.71195],
							"uv": {
								"east": {"uv": [56, 51], "uv_size": [0.75, 0.25]},
								"west": {"uv": [52, 56], "uv_size": [0.75, 0.25]},
								"up": {"uv": [49, 0], "uv_size": [1.75, 0.75]},
								"down": {"uv": [49, 1.75], "uv_size": [1.75, -0.75]}
							}
						}
					]
				},
				{
					"name": "body",
					"parent": "r",
					"pivot": [0, 0.25, 0],
					"cubes": [
						{
							"origin": [-0.875, 6.875, -0.36244],
							"size": [1.75, 3.75, 0.72487],
							"uv": {
								"east": {"uv": [23, 40], "uv_size": [0.75, 3.75]},
								"west": {"uv": [24, 40], "uv_size": [0.75, 3.75]},
								"up": {"uv": [48, 31], "uv_size": [1.75, 0.75]},
								"down": {"uv": [48, 32.75], "uv_size": [1.75, -0.75]}
							}
						},
						{
							"origin": [-0.875, 6.875, -0.36244],
							"size": [1.75, 3.75, 0.72487],
							"pivot": [0, 8.75, 0],
							"rotation": [0, -45, 0],
							"uv": {
								"east": {"uv": [40, 21], "uv_size": [0.75, 3.75]},
								"west": {"uv": [22, 40], "uv_size": [0.75, 3.75]},
								"up": {"uv": [48, 30], "uv_size": [1.75, 0.75]},
								"down": {"uv": [31, 48.75], "uv_size": [1.75, -0.75]}
							}
						},
						{
							"origin": [-0.36244, 6.875, -0.875],
							"size": [0.72487, 3.75, 1.75],
							"uv": {
								"north": {"uv": [20, 40], "uv_size": [0.75, 3.75]},
								"south": {"uv": [21, 40], "uv_size": [0.75, 3.75]},
								"up": {"uv": [29, 48], "uv_size": [0.75, 1.75]},
								"down": {"uv": [30, 49.75], "uv_size": [0.75, -1.75]}
							}
						},
						{
							"origin": [0.375, 3.99005, -0.36244],
							"size": [0.5, 2.88495, 0.41237],
							"pivot": [0.875, 6.875, -0.36244],
							"rotation": [1.83969, 0, 4.44738],
							"uv": {
								"east": {"uv": [46, 29], "uv_size": [0.5, 3]},
								"west": {"uv": [46, 32], "uv_size": [0.5, 3]},
								"up": {"uv": [20, 55], "uv_size": [0.5, 0.5]},
								"down": {"uv": [55, 20.5], "uv_size": [0.5, -0.5]}
							}
						},
						{
							"origin": [0.375, 3.99005, -0.04994],
							"size": [0.5, 2.88495, 0.41237],
							"inflate": 0.0005,
							"pivot": [0.875, 6.875, 0.36244],
							"rotation": [-1.83969, 0, 4.44738],
							"uv": {
								"east": {"uv": [47, 0], "uv_size": [0.5, 3]},
								"west": {"uv": [47, 3], "uv_size": [0.5, 3]},
								"up": {"uv": [23, 55], "uv_size": [0.5, 0.5]},
								"down": {"uv": [55, 23.5], "uv_size": [0.5, -0.5]}
							}
						},
						{
							"origin": [0.375, 3.99005, 0.36244],
							"size": [0.5, 2.88495, 0.41237],
							"pivot": [0.875, 6.875, 0.36244],
							"rotation": [-2.59436, -44.82774, 6.27698],
							"uv": {
								"east": {"uv": [46, 23], "uv_size": [0.5, 3]},
								"west": {"uv": [46, 26], "uv_size": [0.5, 3]},
								"up": {"uv": [18, 55], "uv_size": [0.5, 0.5]},
								"down": {"uv": [19, 55.5], "uv_size": [0.5, -0.5]}
							}
						},
						{
							"origin": [-0.13756, 3.99005, 0.46263],
							"size": [0.5, 2.88495, 0.41237],
							"inflate": 0.0005,
							"pivot": [0.36244, 6.875, 0.875],
							"rotation": [-6.27373, -44.82774, 6.27698],
							"uv": {
								"west": {"uv": [46, 45], "uv_size": [0.5, 3]},
								"up": {"uv": [22, 55], "uv_size": [0.5, 0.5]},
								"down": {"uv": [55, 22.5], "uv_size": [0.5, -0.5]}
							}
						},
						{
							"origin": [-0.04994, 3.99005, 0.375],
							"size": [0.41237, 2.88495, 0.5],
							"pivot": [0.36244, 6.875, 0.875],
							"rotation": [-4.4451, 0.14263, 1.83415],
							"uv": {
								"north": {"uv": [18, 46], "uv_size": [0.5, 3]},
								"south": {"uv": [46, 20], "uv_size": [0.5, 3]},
								"up": {"uv": [16, 55], "uv_size": [0.5, 0.5]},
								"down": {"uv": [17, 55.5], "uv_size": [0.5, -0.5]}
							}
						},
						{
							"origin": [-0.36244, 3.99005, 0.375],
							"size": [0.41237, 2.88495, 0.5],
							"inflate": 0.0005,
							"pivot": [-0.36244, 6.875, 0.875],
							"rotation": [-4.4451, -0.14263, -1.83415],
							"uv": {
								"north": {"uv": [46, 35], "uv_size": [0.5, 3]},
								"south": {"uv": [46, 42], "uv_size": [0.5, 3]},
								"up": {"uv": [21, 55], "uv_size": [0.5, 0.5]},
								"down": {"uv": [55, 21.5], "uv_size": [0.5, -0.5]}
							}
						},
						{
							"origin": [0.375, 3.99005, -0.77481],
							"size": [0.5, 2.88495, 0.41237],
							"inflate": 0.0005,
							"pivot": [0.875, 6.875, -0.36244],
							"rotation": [2.59436, 44.82774, 6.27698],
							"uv": {
								"east": {"uv": [47, 20], "uv_size": [0.5, 3]},
								"west": {"uv": [47, 23], "uv_size": [0.5, 3]},
								"up": {"uv": [27, 55], "uv_size": [0.5, 0.5]},
								"down": {"uv": [55, 27.5], "uv_size": [0.5, -0.5]}
							}
						},
						{
							"origin": [-0.13756, 3.99005, -0.875],
							"size": [0.5, 2.88495, 0.41237],
							"pivot": [0.36244, 6.875, -0.875],
							"rotation": [6.27373, 44.82774, 6.27698],
							"uv": {
								"west": {"uv": [17, 47], "uv_size": [0.5, 3]},
								"up": {"uv": [26, 55], "uv_size": [0.5, 0.5]},
								"down": {"uv": [55, 26.5], "uv_size": [0.5, -0.5]}
							}
						},
						{
							"origin": [-0.875, 3.99005, -0.77481],
							"size": [0.5, 2.88495, 0.41237],
							"pivot": [-0.875, 6.875, -0.36244],
							"rotation": [2.59436, -44.82774, -6.27698],
							"uv": {
								"east": {"uv": [39, 47], "uv_size": [0.5, 3]},
								"west": {"uv": [47, 41], "uv_size": [0.5, 3]},
								"up": {"uv": [35, 55], "uv_size": [0.5, 0.5]},
								"down": {"uv": [55, 35.5], "uv_size": [0.5, -0.5]}
							}
						},
						{
							"origin": [-0.36244, 3.99005, -0.875],
							"size": [0.5, 2.88495, 0.41237],
							"inflate": 0.0005,
							"pivot": [-0.36244, 6.875, -0.875],
							"rotation": [6.27373, -44.82774, -6.27698],
							"uv": {
								"east": {"uv": [47, 38], "uv_size": [0.5, 3]},
								"up": {"uv": [33, 55], "uv_size": [0.5, 0.5]},
								"down": {"uv": [34, 55.5], "uv_size": [0.5, -0.5]}
							}
						},
						{
							"origin": [-0.875, 3.99005, -0.36244],
							"size": [0.5, 2.88495, 0.41237],
							"inflate": 0.0005,
							"pivot": [-0.875, 6.875, -0.36244],
							"rotation": [1.83969, 0, -4.44738],
							"uv": {
								"east": {"uv": [37, 47], "uv_size": [0.5, 3]},
								"west": {"uv": [38, 47], "uv_size": [0.5, 3]},
								"up": {"uv": [32, 55], "uv_size": [0.5, 0.5]},
								"down": {"uv": [55, 32.5], "uv_size": [0.5, -0.5]}
							}
						},
						{
							"origin": [-0.875, 3.99005, -0.04994],
							"size": [0.5, 2.88495, 0.41237],
							"pivot": [-0.875, 6.875, 0.36244],
							"rotation": [-1.83969, 0, -4.44738],
							"uv": {
								"east": {"uv": [47, 35], "uv_size": [0.5, 3]},
								"west": {"uv": [36, 47], "uv_size": [0.5, 3]},
								"up": {"uv": [31, 55], "uv_size": [0.5, 0.5]},
								"down": {"uv": [55, 31.5], "uv_size": [0.5, -0.5]}
							}
						},
						{
							"origin": [-0.36244, 3.99005, 0.46263],
							"size": [0.5, 2.88495, 0.41237],
							"pivot": [-0.36244, 6.875, 0.875],
							"rotation": [-6.27373, 44.82774, -6.27698],
							"uv": {
								"east": {"uv": [47, 32], "uv_size": [0.5, 3]},
								"up": {"uv": [30, 55], "uv_size": [0.5, 0.5]},
								"down": {"uv": [55, 30.5], "uv_size": [0.5, -0.5]}
							}
						},
						{
							"origin": [-0.875, 3.99005, 0.36244],
							"size": [0.5, 2.88495, 0.41237],
							"inflate": 0.0005,
							"pivot": [-0.875, 6.875, 0.36244],
							"rotation": [-2.59436, 44.82774, -6.27698],
							"uv": {
								"east": {"uv": [47, 26], "uv_size": [0.5, 3]},
								"west": {"uv": [47, 29], "uv_size": [0.5, 3]},
								"up": {"uv": [28, 55], "uv_size": [0.5, 0.5]},
								"down": {"uv": [29, 55.5], "uv_size": [0.5, -0.5]}
							}
						},
						{
							"origin": [-0.36244, 3.99005, -0.875],
							"size": [0.41237, 2.88495, 0.5],
							"pivot": [-0.36244, 6.875, -0.875],
							"rotation": [4.4451, 0.14263, -1.83415],
							"uv": {
								"north": {"uv": [47, 12], "uv_size": [0.5, 3]},
								"south": {"uv": [16, 47], "uv_size": [0.5, 3]},
								"up": {"uv": [25, 55], "uv_size": [0.5, 0.5]},
								"down": {"uv": [55, 25.5], "uv_size": [0.5, -0.5]}
							}
						},
						{
							"origin": [-0.04994, 3.99005, -0.875],
							"size": [0.41237, 2.88495, 0.5],
							"inflate": 0.0005,
							"pivot": [0.36244, 6.875, -0.875],
							"rotation": [4.4451, -0.14263, 1.83415],
							"uv": {
								"north": {"uv": [47, 6], "uv_size": [0.5, 3]},
								"south": {"uv": [47, 9], "uv_size": [0.5, 3]},
								"up": {"uv": [24, 55], "uv_size": [0.5, 0.5]},
								"down": {"uv": [55, 24.5], "uv_size": [0.5, -0.5]}
							}
						},
						{
							"origin": [-0.36244, 6.875, -0.875],
							"size": [0.72487, 3.75, 1.75],
							"pivot": [0, 8.75, 0],
							"rotation": [0, -45, 0],
							"uv": {
								"north": {"uv": [40, 17], "uv_size": [0.75, 3.75]},
								"south": {"uv": [19, 40], "uv_size": [0.75, 3.75]},
								"up": {"uv": [28, 48], "uv_size": [0.75, 1.75]},
								"down": {"uv": [48, 29.75], "uv_size": [0.75, -1.75]}
							}
						},
						{
							"origin": [-0.65625, 2.5625, -0.27183],
							"size": [1.3125, 1.5, 0.54366],
							"uv": {
								"east": {"uv": [15, 50], "uv_size": [0.5, 1.5]},
								"west": {"uv": [16, 50], "uv_size": [0.5, 1.5]},
								"up": {"uv": [0, 50], "uv_size": [1.25, 0.5]}
							}
						},
						{
							"origin": [-0.65625, 2.5625, -0.27183],
							"size": [1.3125, 1.5, 0.54366],
							"pivot": [0, 3.25, 0],
							"rotation": [0, -45, 0],
							"uv": {
								"east": {"uv": [11, 50], "uv_size": [0.5, 1.5]},
								"west": {"uv": [12, 50], "uv_size": [0.5, 1.5]},
								"up": {"uv": [31, 49], "uv_size": [1.25, 0.5]},
								"down": {"uv": [42, 49.5], "uv_size": [1.25, -0.5]}
							}
						},
						{
							"origin": [-0.27183, 2.5625, -0.65625],
							"size": [0.54366, 1.5, 1.3125],
							"uv": {
								"north": {"uv": [7, 50], "uv_size": [0.5, 1.5]},
								"south": {"uv": [8, 50], "uv_size": [0.5, 1.5]},
								"up": {"uv": [8, 54], "uv_size": [0.5, 1.25]},
								"down": {"uv": [54, 9.25], "uv_size": [0.5, -1.25]}
							}
						},
						{
							"origin": [0.15625, 1.98396, 0.27183],
							"size": [0.5, 0.64104, 0.35616],
							"pivot": [0.65625, 2.5625, 0.27183],
							"rotation": [7.105, -43.65137, -17.44635],
							"uv": {
								"east": {"uv": [23, 56], "uv_size": [0.25, 0.75]},
								"west": {"uv": [56, 23], "uv_size": [0.25, 0.75]}
							}
						},
						{
							"origin": [-0.22817, 1.98396, 0.30009],
							"size": [0.5, 0.64104, 0.35616],
							"inflate": 0.0005,
							"pivot": [0.27183, 2.5625, 0.65625],
							"rotation": [17.37411, -43.65137, -17.44635],
							"uv": {
								"west": {"uv": [25, 56], "uv_size": [0.25, 0.75]}
							}
						},
						{
							"origin": [0.15625, 1.98396, -0.27183],
							"size": [0.5, 0.64104, 0.35616],
							"pivot": [0.65625, 2.5625, -0.27183],
							"rotation": [-5.13455, 0, -12.52881],
							"uv": {
								"east": {"uv": [22, 56], "uv_size": [0.25, 0.75]},
								"west": {"uv": [56, 22], "uv_size": [0.25, 0.75]}
							}
						},
						{
							"origin": [0.15625, 1.98396, -0.08433],
							"size": [0.5, 0.64104, 0.35616],
							"inflate": 0.0005,
							"pivot": [0.65625, 2.5625, 0.27183],
							"rotation": [5.13455, 0, -12.52881],
							"uv": {
								"east": {"uv": [56, 25], "uv_size": [0.25, 0.75]},
								"west": {"uv": [26, 56], "uv_size": [0.25, 0.75]}
							}
						},
						{
							"origin": [-0.65625, 1.98396, -0.27183],
							"size": [0.5, 0.64104, 0.35616],
							"inflate": 0.0005,
							"pivot": [-0.65625, 2.5625, -0.27183],
							"rotation": [-5.13455, 0, 12.52881],
							"uv": {
								"east": {"uv": [30, 56], "uv_size": [0.25, 0.75]},
								"west": {"uv": [56, 30], "uv_size": [0.25, 0.75]}
							}
						},
						{
							"origin": [-0.65625, 1.98396, -0.08433],
							"size": [0.5, 0.64104, 0.35616],
							"pivot": [-0.65625, 2.5625, 0.27183],
							"rotation": [5.13455, 0, 12.52881],
							"uv": {
								"east": {"uv": [28, 56], "uv_size": [0.25, 0.75]},
								"west": {"uv": [29, 56], "uv_size": [0.25, 0.75]}
							}
						},
						{
							"origin": [-0.65625, 1.98396, 0.27183],
							"size": [0.5, 0.64104, 0.35616],
							"inflate": 0.0005,
							"pivot": [-0.65625, 2.5625, 0.27183],
							"rotation": [7.105, 43.65137, 17.44635],
							"uv": {
								"east": {"uv": [27, 56], "uv_size": [0.25, 0.75]},
								"west": {"uv": [56, 27], "uv_size": [0.25, 0.75]}
							}
						},
						{
							"origin": [-0.27183, 1.98396, 0.30009],
							"size": [0.5, 0.64104, 0.35616],
							"pivot": [-0.27183, 2.5625, 0.65625],
							"rotation": [17.37411, 43.65137, 17.44635],
							"uv": {
								"east": {"uv": [56, 26], "uv_size": [0.25, 0.75]}
							}
						},
						{
							"origin": [-0.08433, 1.98396, 0.15625],
							"size": [0.35616, 0.64104, 0.5],
							"pivot": [0.27183, 2.5625, 0.65625],
							"rotation": [12.48011, 1.11242, -5.01292],
							"uv": {
								"north": {"uv": [21, 56], "uv_size": [0.25, 0.75]},
								"south": {"uv": [56, 21], "uv_size": [0.25, 0.75]}
							}
						},
						{
							"origin": [-0.27183, 1.98396, 0.15625],
							"size": [0.35616, 0.64104, 0.5],
							"inflate": 0.0005,
							"pivot": [-0.27183, 2.5625, 0.65625],
							"rotation": [12.48011, -1.11242, 5.01292],
							"uv": {
								"north": {"uv": [24, 56], "uv_size": [0.25, 0.75]},
								"south": {"uv": [56, 24], "uv_size": [0.25, 0.75]}
							}
						},
						{
							"origin": [-0.65625, 1.98396, -0.62798],
							"size": [0.5, 0.64104, 0.35616],
							"pivot": [-0.65625, 2.5625, -0.27183],
							"rotation": [-7.105, -43.65137, 17.44635],
							"uv": {
								"east": {"uv": [36, 56], "uv_size": [0.25, 0.75]},
								"west": {"uv": [56, 36], "uv_size": [0.25, 0.75]}
							}
						},
						{
							"origin": [-0.27183, 1.98396, -0.65625],
							"size": [0.35616, 0.64104, 0.5],
							"pivot": [-0.27183, 2.5625, -0.65625],
							"rotation": [-12.48011, 1.11242, 5.01292],
							"uv": {
								"north": {"uv": [35, 56], "uv_size": [0.25, 0.75]},
								"south": {"uv": [56, 35], "uv_size": [0.25, 0.75]}
							}
						},
						{
							"origin": [-0.08433, 1.98396, -0.65625],
							"size": [0.35616, 0.64104, 0.5],
							"inflate": 0.0005,
							"pivot": [0.27183, 2.5625, -0.65625],
							"rotation": [-12.48011, -1.11242, -5.01292],
							"uv": {
								"north": {"uv": [33, 56], "uv_size": [0.25, 0.75]},
								"south": {"uv": [34, 56], "uv_size": [0.25, 0.75]}
							}
						},
						{
							"origin": [-0.27183, 1.98396, -0.65625],
							"size": [0.5, 0.64104, 0.35616],
							"inflate": 0.0005,
							"pivot": [-0.27183, 2.5625, -0.65625],
							"rotation": [-17.37411, -43.65137, 17.44635],
							"uv": {
								"east": {"uv": [56, 32], "uv_size": [0.25, 0.75]}
							}
						},
						{
							"origin": [0.15625, 1.98396, -0.62798],
							"size": [0.5, 0.64104, 0.35616],
							"inflate": 0.0005,
							"pivot": [0.65625, 2.5625, -0.27183],
							"rotation": [-7.105, 43.65137, -17.44635],
							"uv": {
								"east": {"uv": [56, 31], "uv_size": [0.25, 0.75]},
								"west": {"uv": [32, 56], "uv_size": [0.25, 0.75]}
							}
						},
						{
							"origin": [-0.22817, 1.98396, -0.65625],
							"size": [0.5, 0.64104, 0.35616],
							"pivot": [0.27183, 2.5625, -0.65625],
							"rotation": [-17.37411, 43.65137, -17.44635],
							"uv": {
								"west": {"uv": [31, 56], "uv_size": [0.25, 0.75]}
							}
						},
						{
							"origin": [-0.27183, 2.5625, -0.65625],
							"size": [0.54366, 1.5, 1.3125],
							"pivot": [0, 3.25, 0],
							"rotation": [0, -45, 0],
							"uv": {
								"north": {"uv": [4, 50], "uv_size": [0.5, 1.5]},
								"south": {"uv": [5, 50], "uv_size": [0.5, 1.5]},
								"up": {"uv": [17, 50], "uv_size": [0.5, 1.25]},
								"down": {"uv": [19, 51.25], "uv_size": [0.5, -1.25]}
							}
						},
						{
							"origin": [-0.78125, 1.1875, -0.3236],
							"size": [1.5625, 0.8125, 0.64721],
							"uv": {
								"east": {"uv": [7, 52], "uv_size": [0.75, 0.75]},
								"west": {"uv": [8, 52], "uv_size": [0.75, 0.75]},
								"up": {"uv": [49, 6], "uv_size": [1.5, 0.75]}
							}
						},
						{
							"origin": [-0.78125, 1.1875, -0.3236],
							"size": [1.5625, 0.8125, 0.64721],
							"pivot": [0, 1.59375, 0],
							"rotation": [0, -45, 0],
							"uv": {
								"east": {"uv": [4, 52], "uv_size": [0.75, 0.75]},
								"west": {"uv": [5, 52], "uv_size": [0.75, 0.75]},
								"up": {"uv": [4, 49], "uv_size": [1.5, 0.75]}
							}
						},
						{
							"origin": [-0.3236, 1.1875, -0.78125],
							"size": [0.64721, 0.8125, 1.5625],
							"uv": {
								"north": {"uv": [24, 50], "uv_size": [0.75, 0.75]},
								"south": {"uv": [25, 50], "uv_size": [0.75, 0.75]},
								"up": {"uv": [3, 49], "uv_size": [0.75, 1.5]}
							}
						},
						{
							"origin": [-0.3236, 1.1875, -0.78125],
							"size": [0.64721, 0.8125, 1.5625],
							"pivot": [0, 1.59375, 0],
							"rotation": [0, -45, 0],
							"uv": {
								"north": {"uv": [46, 38], "uv_size": [0.75, 0.75]},
								"south": {"uv": [2, 50], "uv_size": [0.75, 0.75]},
								"up": {"uv": [49, 2], "uv_size": [0.75, 1.5]}
							}
						},
						{
							"origin": [-0.82815, 0.875, -0.34303],
							"size": [1.6563, 0.3125, 0.68606],
							"uv": {
								"east": {"uv": [56, 0], "uv_size": [0.75, 0.25]},
								"west": {"uv": [1, 56], "uv_size": [0.75, 0.25]},
								"up": {"uv": [48, 37], "uv_size": [1.75, 0.75]},
								"down": {"uv": [48, 38.75], "uv_size": [1.75, -0.75]}
							}
						},
						{
							"origin": [-0.82815, 0.875, -0.34303],
							"size": [1.6563, 0.3125, 0.68606],
							"pivot": [0, 1.03125, 0],
							"rotation": [0, -45, 0],
							"uv": {
								"east": {"uv": [55, 55], "uv_size": [0.75, 0.25]},
								"west": {"uv": [0, 56], "uv_size": [0.75, 0.25]},
								"up": {"uv": [48, 35], "uv_size": [1.75, 0.75]},
								"down": {"uv": [48, 36.75], "uv_size": [1.75, -0.75]}
							}
						},
						{
							"origin": [-0.34303, 0.875, -0.82815],
							"size": [0.68606, 0.3125, 1.6563],
							"uv": {
								"north": {"uv": [54, 55], "uv_size": [0.75, 0.25]},
								"south": {"uv": [55, 54], "uv_size": [0.75, 0.25]},
								"up": {"uv": [34, 48], "uv_size": [0.75, 1.75]},
								"down": {"uv": [35, 49.75], "uv_size": [0.75, -1.75]}
							}
						},
						{
							"origin": [-0.34303, 0.875, -0.82815],
							"size": [0.68606, 0.3125, 1.6563],
							"pivot": [0, 1.03125, 0],
							"rotation": [0, -45, 0],
							"uv": {
								"north": {"uv": [55, 52], "uv_size": [0.75, 0.25]},
								"south": {"uv": [53, 55], "uv_size": [0.75, 0.25]},
								"up": {"uv": [33, 48], "uv_size": [0.75, 1.75]},
								"down": {"uv": [48, 34.75], "uv_size": [0.75, -1.75]}
							}
						},
						{
							"origin": [-0.8125, 10.625, -0.33655],
							"size": [1.625, 0.125, 0.6731],
							"uv": {
								"east": {"uv": [15, 56], "uv_size": [0.75, 0.25]},
								"west": {"uv": [56, 15], "uv_size": [0.75, 0.25]}
							}
						},
						{
							"origin": [-0.8125, 10.625, -0.33655],
							"size": [1.625, 0.125, 0.6731],
							"pivot": [0, 10.6875, 0],
							"rotation": [0, -45, 0],
							"uv": {
								"east": {"uv": [14, 56], "uv_size": [0.75, 0.25]},
								"west": {"uv": [56, 14], "uv_size": [0.75, 0.25]}
							}
						},
						{
							"origin": [-0.33655, 10.625, -0.8125],
							"size": [0.6731, 0.125, 1.625],
							"uv": {
								"north": {"uv": [13, 56], "uv_size": [0.75, 0.25]},
								"south": {"uv": [56, 13], "uv_size": [0.75, 0.25]}
							}
						},
						{
							"origin": [-0.33655, 10.625, -0.8125],
							"size": [0.6731, 0.125, 1.625],
							"pivot": [0, 10.6875, 0],
							"rotation": [0, -45, 0],
							"uv": {
								"north": {"uv": [12, 56], "uv_size": [0.75, 0.25]},
								"south": {"uv": [56, 12], "uv_size": [0.75, 0.25]}
							}
						},
						{
							"origin": [-1.09375, 11.5, -0.45305],
							"size": [2.1875, 0.1875, 0.90609],
							"uv": {
								"east": {"uv": [55, 14], "uv_size": [1, 0.25]},
								"west": {"uv": [15, 55], "uv_size": [1, 0.25]},
								"up": {"uv": [44, 41], "uv_size": [2.25, 1]},
								"down": {"uv": [42, 45], "uv_size": [2.25, -1]}
							}
						},
						{
							"origin": [-1.09375, 11.5, -0.45305],
							"size": [2.1875, 0.1875, 0.90609],
							"pivot": [0, 11.59375, 0],
							"rotation": [0, -45, 0],
							"uv": {
								"east": {"uv": [55, 13], "uv_size": [1, 0.25]},
								"west": {"uv": [14, 55], "uv_size": [1, 0.25]},
								"up": {"uv": [44, 39], "uv_size": [2.25, 1]},
								"down": {"uv": [44, 41], "uv_size": [2.25, -1]}
							}
						},
						{
							"origin": [-0.45305, 11.5, -1.09375],
							"size": [0.90609, 0.1875, 2.1875],
							"uv": {
								"north": {"uv": [11, 55], "uv_size": [1, 0.25]},
								"south": {"uv": [12, 55], "uv_size": [1, 0.25]},
								"up": {"uv": [44, 36], "uv_size": [1, 2.25]},
								"down": {"uv": [37, 46.25], "uv_size": [1, -2.25]}
							}
						},
						{
							"origin": [-0.45305, 11.5, -1.09375],
							"size": [0.90609, 0.1875, 2.1875],
							"pivot": [0, 11.59375, 0],
							"rotation": [0, -45, 0],
							"uv": {
								"north": {"uv": [55, 9], "uv_size": [1, 0.25]},
								"south": {"uv": [10, 55], "uv_size": [1, 0.25]},
								"up": {"uv": [41, 12], "uv_size": [1, 2.25]},
								"down": {"uv": [36, 46.25], "uv_size": [1, -2.25]}
							}
						},
						{
							"origin": [-0.7813, 0.4375, -0.32363],
							"size": [0.125, 0.4375, 0.64725],
							"uv": {
								"east": {"uv": [27, 54], "uv_size": [0.75, 0.5]},
								"west": {"uv": [54, 27], "uv_size": [0.75, 0.5]},
								"down": {"uv": [56, 41.75], "uv_size": [0.25, -0.75]}
							}
						},
						{
							"origin": [-0.7813, 0.4375, -0.32363],
							"size": [0.125, 0.4375, 0.64725],
							"pivot": [0, 0.65625, 0],
							"rotation": [0, -45, 0],
							"uv": {
								"east": {"uv": [26, 54], "uv_size": [0.75, 0.5]},
								"west": {"uv": [54, 26], "uv_size": [0.75, 0.5]},
								"down": {"uv": [41, 56.75], "uv_size": [0.25, -0.75]}
							}
						},
						{
							"origin": [0.6563, 0.4375, -0.32363],
							"size": [0.125, 0.4375, 0.64725],
							"uv": {
								"east": {"uv": [25, 54], "uv_size": [0.75, 0.5]},
								"west": {"uv": [54, 25], "uv_size": [0.75, 0.5]},
								"down": {"uv": [40, 56.75], "uv_size": [0.25, -0.75]}
							}
						},
						{
							"origin": [0.6563, 0.4375, -0.32363],
							"size": [0.125, 0.4375, 0.64725],
							"pivot": [0, 0.65625, 0],
							"rotation": [0, -45, 0],
							"uv": {
								"east": {"uv": [24, 54], "uv_size": [0.75, 0.5]},
								"west": {"uv": [54, 24], "uv_size": [0.75, 0.5]},
								"down": {"uv": [39, 56.75], "uv_size": [0.25, -0.75]}
							}
						},
						{
							"origin": [-0.32363, 0.4375, 0.6563],
							"size": [0.64725, 0.4375, 0.125],
							"uv": {
								"north": {"uv": [23, 54], "uv_size": [0.75, 0.5]},
								"south": {"uv": [54, 23], "uv_size": [0.75, 0.5]},
								"down": {"uv": [56, 38.25], "uv_size": [0.75, -0.25]}
							}
						},
						{
							"origin": [-0.32363, 0.4375, 0.6563],
							"size": [0.64725, 0.4375, 0.125],
							"pivot": [0, 0.65625, 0],
							"rotation": [0, -45, 0],
							"uv": {
								"north": {"uv": [22, 54], "uv_size": [0.75, 0.5]},
								"south": {"uv": [54, 22], "uv_size": [0.75, 0.5]},
								"down": {"uv": [38, 56.25], "uv_size": [0.75, -0.25]}
							}
						},
						{
							"origin": [-0.32363, 0.4375, -0.7813],
							"size": [0.64725, 0.4375, 0.125],
							"uv": {
								"north": {"uv": [21, 54], "uv_size": [0.75, 0.5]},
								"south": {"uv": [54, 21], "uv_size": [0.75, 0.5]},
								"down": {"uv": [56, 37.25], "uv_size": [0.75, -0.25]}
							}
						},
						{
							"origin": [-0.32363, 0.4375, -0.7813],
							"size": [0.64725, 0.4375, 0.125],
							"pivot": [0, 0.65625, 0],
							"rotation": [0, -45, 0],
							"uv": {
								"north": {"uv": [20, 54], "uv_size": [0.75, 0.5]},
								"south": {"uv": [54, 20], "uv_size": [0.75, 0.5]},
								"down": {"uv": [37, 56.25], "uv_size": [0.75, -0.25]}
							}
						},
						{
							"origin": [-1, 11.13794, -0.09375],
							"size": [2, 0.1875, 0.1875],
							"pivot": [0, 11.23169, 0],
							"rotation": [-45, 0, 0],
							"uv": {
								"north": {"uv": [15, 52], "uv_size": [2, 0.25]},
								"east": {"uv": [44, 57], "uv_size": [0.25, 0.25]},
								"south": {"uv": [9, 54], "uv_size": [2, 0.25]},
								"west": {"uv": [57, 44], "uv_size": [0.25, 0.25]},
								"up": {"uv": [54, 10], "uv_size": [2, 0.25]},
								"down": {"uv": [11, 54.25], "uv_size": [2, -0.25]}
							}
						},
						{
							"origin": [-0.09375, 11.13794, -1],
							"size": [0.1875, 0.1875, 2],
							"pivot": [0, 11.23169, 0],
							"rotation": [0, 0, 45],
							"uv": {
								"north": {"uv": [45, 57], "uv_size": [0.25, 0.25]},
								"east": {"uv": [54, 11], "uv_size": [2, 0.25]},
								"south": {"uv": [57, 45], "uv_size": [0.25, 0.25]},
								"west": {"uv": [54, 12], "uv_size": [2, 0.25]},
								"up": {"uv": [13, 54], "uv_size": [0.25, 2]},
								"down": {"uv": [54, 15], "uv_size": [0.25, -2]}
							}
						}
					]
				},
				{
					"name": "head",
					"parent": "body",
					"pivot": [0, 11.125, 0],
					"cubes": [
						{
							"origin": [-0.38833, 10.75, -0.9375],
							"size": [0.77665, 1.1875, 1.875],
							"pivot": [0, 11.34375, 0],
							"rotation": [0, -45, 0],
							"uv": {
								"north": {"uv": [49, 11], "uv_size": [0.75, 1.25]},
								"south": {"uv": [49, 15], "uv_size": [0.75, 1.25]},
								"up": {"uv": [44, 42], "uv_size": [0.75, 2]},
								"down": {"uv": [15, 48], "uv_size": [0.75, -2]}
							}
						},
						{
							"origin": [-0.38833, 10.75, -0.9375],
							"size": [0.77665, 1.1875, 1.875],
							"uv": {
								"north": {"uv": [49, 19], "uv_size": [0.75, 1.25]},
								"south": {"uv": [22, 49], "uv_size": [0.75, 1.25]},
								"down": {"uv": [46, 17], "uv_size": [0.75, -2]}
							}
						},
						{
							"origin": [-0.9375, 10.75, -0.38833],
							"size": [1.875, 1.1875, 0.77665],
							"pivot": [0, 11.34375, 0],
							"rotation": [0, -45, 0],
							"uv": {
								"east": {"uv": [23, 49], "uv_size": [0.75, 1.25]},
								"west": {"uv": [49, 23], "uv_size": [0.75, 1.25]},
								"up": {"uv": [16, 46], "uv_size": [2, 0.75]},
								"down": {"uv": [46, 17.75], "uv_size": [2, -0.75]}
							}
						},
						{
							"origin": [-0.9375, 10.75, -0.38833],
							"size": [1.875, 1.1875, 0.77665],
							"uv": {
								"east": {"uv": [26, 49], "uv_size": [0.75, 1.25]},
								"west": {"uv": [27, 49], "uv_size": [0.75, 1.25]},
								"up": {"uv": [46, 18], "uv_size": [2, 0.75]},
								"down": {"uv": [46, 19.75], "uv_size": [2, -0.75]}
							}
						},
						{
							"origin": [-0.38518, 12.125, -1.4375],
							"size": [0.77035, 4.5, 2.875],
							"inflate": 0.0005,
							"uv": {
								"north": {"uv": [0, 35], "uv_size": [0.75, 4.5]},
								"east": {"uv": [0, 0], "uv_size": [3, 4.5]},
								"south": {"uv": [1, 35], "uv_size": [0.75, 4.5]},
								"west": {"uv": [3, 0], "uv_size": [3, 4.5]},
								"up": {"uv": [38, 44], "uv_size": [0.75, 3]}
							}
						},
						{
							"origin": [-0.38518, 12.125, -1.4375],
							"size": [0.77035, 4.5, 2.875],
							"inflate": -0.0005,
							"pivot": [0, 15.625, 0],
							"rotation": [0, -30, 0],
							"uv": {
								"north": {"uv": [2, 35], "uv_size": [0.75, 4.5]},
								"east": {"uv": [0, 5], "uv_size": [3, 4.5]},
								"south": {"uv": [3, 35], "uv_size": [0.75, 4.5]},
								"west": {"uv": [3, 5], "uv_size": [3, 4.5]},
								"up": {"uv": [39, 44], "uv_size": [0.75, 3]}
							}
						},
						{
							"origin": [-0.38518, 12.125, -1.4375],
							"size": [0.77035, 4.5, 2.875],
							"inflate": 0.0002,
							"pivot": [0, 15.625, 0],
							"rotation": [0, -60, 0],
							"uv": {
								"north": {"uv": [4, 35], "uv_size": [0.75, 4.5]},
								"east": {"uv": [6, 0], "uv_size": [3, 4.5]},
								"south": {"uv": [5, 35], "uv_size": [0.75, 4.5]},
								"west": {"uv": [6, 5], "uv_size": [3, 4.5]},
								"up": {"uv": [0, 45], "uv_size": [0.75, 3]}
							}
						},
						{
							"origin": [-0.38518, 12.125, -1.4375],
							"size": [0.77035, 4.5, 2.875],
							"inflate": -0.0005,
							"pivot": [0, 15.625, 0],
							"rotation": [0, -90, 0],
							"uv": {
								"north": {"uv": [6, 35], "uv_size": [0.75, 4.5]},
								"east": {"uv": [9, 0], "uv_size": [3, 4.5]},
								"south": {"uv": [7, 35], "uv_size": [0.75, 4.5]},
								"west": {"uv": [9, 5], "uv_size": [3, 4.5]},
								"up": {"uv": [45, 0], "uv_size": [0.75, 3]}
							}
						},
						{
							"origin": [-0.38518, 12.125, -1.4375],
							"size": [0.77035, 4.5, 2.875],
							"pivot": [0, 15.625, 0],
							"rotation": [-180, -60, 180],
							"uv": {
								"north": {"uv": [8, 35], "uv_size": [0.75, 4.5]},
								"east": {"uv": [0, 10], "uv_size": [3, 4.5]},
								"south": {"uv": [9, 35], "uv_size": [0.75, 4.5]},
								"west": {"uv": [3, 10], "uv_size": [3, 4.5]},
								"up": {"uv": [1, 45], "uv_size": [0.75, 3]}
							}
						},
						{
							"origin": [-0.43542, 11.9375, -1.625],
							"size": [0.87083, 0.1875, 3.25],
							"uv": {
								"north": {"uv": [16, 56], "uv_size": [0.75, 0.25]},
								"east": {"uv": [50, 15], "uv_size": [3.25, 0.25]},
								"south": {"uv": [56, 16], "uv_size": [0.75, 0.25]},
								"west": {"uv": [50, 16], "uv_size": [3.25, 0.25]},
								"up": {"uv": [25, 40], "uv_size": [0.75, 3.25]},
								"down": {"uv": [40, 28.25], "uv_size": [0.75, -3.25]}
							}
						},
						{
							"origin": [-0.43542, 11.9375, -1.625],
							"size": [0.87083, 0.1875, 3.25],
							"inflate": -0.0005,
							"pivot": [0, 11.125, 0],
							"rotation": [0, -30, 0],
							"uv": {
								"north": {"uv": [17, 56], "uv_size": [0.75, 0.25]},
								"east": {"uv": [50, 17], "uv_size": [3.25, 0.25]},
								"south": {"uv": [56, 17], "uv_size": [0.75, 0.25]},
								"west": {"uv": [50, 18], "uv_size": [3.25, 0.25]},
								"up": {"uv": [26, 40], "uv_size": [0.75, 3.25]},
								"down": {"uv": [27, 43.25], "uv_size": [0.75, -3.25]}
							}
						},
						{
							"origin": [-0.43542, 11.9375, -1.625],
							"size": [0.87083, 0.1875, 3.25],
							"pivot": [0, 11.125, 0],
							"rotation": [0, -60, 0],
							"uv": {
								"north": {"uv": [18, 56], "uv_size": [0.75, 0.25]},
								"east": {"uv": [50, 19], "uv_size": [3.25, 0.25]},
								"south": {"uv": [56, 18], "uv_size": [0.75, 0.25]},
								"west": {"uv": [50, 20], "uv_size": [3.25, 0.25]},
								"up": {"uv": [28, 40], "uv_size": [0.75, 3.25]},
								"down": {"uv": [29, 43.25], "uv_size": [0.75, -3.25]}
							}
						},
						{
							"origin": [-0.43542, 11.9375, -1.625],
							"size": [0.87083, 0.1875, 3.25],
							"inflate": -0.0005,
							"pivot": [0, 11.125, 0],
							"rotation": [0, -90, 0],
							"uv": {
								"north": {"uv": [19, 56], "uv_size": [0.75, 0.25]},
								"east": {"uv": [50, 21], "uv_size": [3.25, 0.25]},
								"south": {"uv": [56, 19], "uv_size": [0.75, 0.25]},
								"west": {"uv": [50, 22], "uv_size": [3.25, 0.25]},
								"up": {"uv": [40, 29], "uv_size": [0.75, 3.25]},
								"down": {"uv": [30, 43.25], "uv_size": [0.75, -3.25]}
							}
						},
						{
							"origin": [-0.43542, 11.9375, -1.625],
							"size": [0.87083, 0.1875, 3.25],
							"pivot": [0, 11.125, 0],
							"rotation": [-180, -60, 180],
							"uv": {
								"north": {"uv": [20, 56], "uv_size": [0.75, 0.25]},
								"east": {"uv": [50, 23], "uv_size": [3.25, 0.25]},
								"south": {"uv": [56, 20], "uv_size": [0.75, 0.25]},
								"west": {"uv": [50, 24], "uv_size": [3.25, 0.25]},
								"up": {"uv": [31, 40], "uv_size": [0.75, 3.25]},
								"down": {"uv": [32, 43.25], "uv_size": [0.75, -3.25]}
							}
						},
						{
							"origin": [-0.38518, 12.125, -1.4375],
							"size": [0.77035, 4.5, 2.875],
							"inflate": -0.0005,
							"pivot": [0, 15.625, 0],
							"rotation": [-180, -30, 180],
							"uv": {
								"north": {"uv": [10, 35], "uv_size": [0.75, 4.5]},
								"east": {"uv": [6, 10], "uv_size": [3, 4.5]},
								"south": {"uv": [11, 35], "uv_size": [0.75, 4.5]},
								"west": {"uv": [9, 10], "uv_size": [3, 4.5]},
								"up": {"uv": [2, 45], "uv_size": [0.75, 3]}
							}
						},
						{
							"origin": [-0.43542, 11.9375, -1.625],
							"size": [0.87083, 0.1875, 3.25],
							"inflate": -0.0005,
							"pivot": [0, 11.125, 0],
							"rotation": [-180, -30, 180],
							"uv": {
								"north": {"uv": [6, 57], "uv_size": [0.75, 0.25]},
								"east": {"uv": [50, 25], "uv_size": [3.25, 0.25]},
								"south": {"uv": [57, 6], "uv_size": [0.75, 0.25]},
								"west": {"uv": [50, 26], "uv_size": [3.25, 0.25]},
								"up": {"uv": [33, 40], "uv_size": [0.75, 3.25]},
								"down": {"uv": [40, 36.25], "uv_size": [0.75, -3.25]}
							}
						}
					]
				},
				{
					"name": "head2",
					"parent": "body",
					"pivot": [0, 12.1875, -3.25],
					"rotation": [-5, 0, 0],
					"cubes": [
						{
							"origin": [-0.38833, 11.53125, -4.1875],
							"size": [0.77665, 0.46875, 1.875],
							"pivot": [0, 11.40625, -3.25],
							"rotation": [0, -45, 0],
							"uv": {
								"north": {"uv": [33, 54], "uv_size": [0.75, 0.5]},
								"south": {"uv": [34, 54], "uv_size": [0.75, 0.5]},
								"up": {"uv": [47, 46], "uv_size": [0.75, 2]},
								"down": {"uv": [0, 50], "uv_size": [0.75, -2]}
							}
						},
						{
							"origin": [-0.38833, 11.53125, -4.1875],
							"size": [0.77665, 0.46875, 1.875],
							"inflate": 0.0007,
							"uv": {
								"north": {"uv": [35, 54], "uv_size": [0.75, 0.5]},
								"south": {"uv": [54, 35], "uv_size": [0.75, 0.5]},
								"down": {"uv": [48, 2], "uv_size": [0.75, -2]}
							}
						},
						{
							"origin": [-0.9375, 11.53125, -3.63833],
							"size": [1.875, 0.46875, 0.77665],
							"pivot": [0, 11.40625, -3.25],
							"rotation": [0, -45, 0],
							"uv": {
								"east": {"uv": [31, 54], "uv_size": [0.75, 0.5]},
								"west": {"uv": [54, 31], "uv_size": [0.75, 0.5]},
								"up": {"uv": [47, 15], "uv_size": [2, 0.75]},
								"down": {"uv": [47, 16.75], "uv_size": [2, -0.75]}
							}
						},
						{
							"origin": [-0.9375, 11.53125, -3.63833],
							"size": [1.875, 0.46875, 0.77665],
							"inflate": 0.0005,
							"uv": {
								"east": {"uv": [32, 54], "uv_size": [0.75, 0.5]},
								"west": {"uv": [54, 32], "uv_size": [0.75, 0.5]},
								"up": {"uv": [47, 44], "uv_size": [2, 0.75]},
								"down": {"uv": [47, 45.75], "uv_size": [2, -0.75]}
							}
						},
						{
							"origin": [-0.38518, 12.1875, -4.6875],
							"size": [0.77035, 4.5, 2.875],
							"inflate": 0.0005,
							"uv": {
								"north": {"uv": [12, 35], "uv_size": [0.75, 4.5]},
								"east": {"uv": [12, 0], "uv_size": [3, 4.5]},
								"south": {"uv": [13, 35], "uv_size": [0.75, 4.5]},
								"west": {"uv": [12, 5], "uv_size": [3, 4.5]},
								"up": {"uv": [3, 45], "uv_size": [0.75, 3]}
							}
						},
						{
							"origin": [-0.38518, 12.1875, -4.6875],
							"size": [0.77035, 4.5, 2.875],
							"inflate": -0.0005,
							"pivot": [0, 15.6875, -3.25],
							"rotation": [0, -30, 0],
							"uv": {
								"north": {"uv": [14, 35], "uv_size": [0.75, 4.5]},
								"east": {"uv": [12, 10], "uv_size": [3, 4.5]},
								"south": {"uv": [15, 35], "uv_size": [0.75, 4.5]},
								"west": {"uv": [0, 15], "uv_size": [3, 4.5]},
								"up": {"uv": [45, 3], "uv_size": [0.75, 3]}
							}
						},
						{
							"origin": [-0.38518, 12.1875, -4.6875],
							"size": [0.77035, 4.5, 2.875],
							"inflate": 0.0002,
							"pivot": [0, 15.6875, -3.25],
							"rotation": [0, -60, 0],
							"uv": {
								"north": {"uv": [16, 35], "uv_size": [0.75, 4.5]},
								"east": {"uv": [15, 0], "uv_size": [3, 4.5]},
								"south": {"uv": [17, 35], "uv_size": [0.75, 4.5]},
								"west": {"uv": [3, 15], "uv_size": [3, 4.5]},
								"up": {"uv": [4, 45], "uv_size": [0.75, 3]}
							}
						},
						{
							"origin": [-0.38518, 12.1875, -4.6875],
							"size": [0.77035, 4.5, 2.875],
							"inflate": -0.0005,
							"pivot": [0, 15.6875, -3.25],
							"rotation": [0, -90, 0],
							"uv": {
								"north": {"uv": [18, 35], "uv_size": [0.75, 4.5]},
								"east": {"uv": [15, 5], "uv_size": [3, 4.5]},
								"south": {"uv": [19, 35], "uv_size": [0.75, 4.5]},
								"west": {"uv": [6, 15], "uv_size": [3, 4.5]},
								"up": {"uv": [5, 45], "uv_size": [0.75, 3]}
							}
						},
						{
							"origin": [-0.38518, 12.1875, -4.6875],
							"size": [0.77035, 4.5, 2.875],
							"pivot": [0, 15.6875, -3.25],
							"rotation": [-180, -60, 180],
							"uv": {
								"north": {"uv": [20, 35], "uv_size": [0.75, 4.5]},
								"east": {"uv": [9, 15], "uv_size": [3, 4.5]},
								"south": {"uv": [21, 35], "uv_size": [0.75, 4.5]},
								"west": {"uv": [15, 10], "uv_size": [3, 4.5]},
								"up": {"uv": [6, 45], "uv_size": [0.75, 3]}
							}
						},
						{
							"origin": [-0.43542, 12, -4.875],
							"size": [0.87083, 0.1875, 3.25],
							"uv": {
								"north": {"uv": [7, 57], "uv_size": [0.75, 0.25]},
								"east": {"uv": [50, 27], "uv_size": [3.25, 0.25]},
								"south": {"uv": [57, 7], "uv_size": [0.75, 0.25]},
								"west": {"uv": [28, 50], "uv_size": [3.25, 0.25]},
								"up": {"uv": [34, 40], "uv_size": [0.75, 3.25]},
								"down": {"uv": [35, 43.25], "uv_size": [0.75, -3.25]}
							}
						},
						{
							"origin": [-0.43542, 12, -4.875],
							"size": [0.87083, 0.1875, 3.25],
							"inflate": -0.0005,
							"pivot": [0, 11.1875, -3.25],
							"rotation": [0, -30, 0],
							"uv": {
								"north": {"uv": [8, 57], "uv_size": [0.75, 0.25]},
								"east": {"uv": [50, 30], "uv_size": [3.25, 0.25]},
								"south": {"uv": [57, 8], "uv_size": [0.75, 0.25]},
								"west": {"uv": [50, 31], "uv_size": [3.25, 0.25]},
								"up": {"uv": [36, 40], "uv_size": [0.75, 3.25]},
								"down": {"uv": [37, 43.25], "uv_size": [0.75, -3.25]}
							}
						},
						{
							"origin": [-0.43542, 12, -4.875],
							"size": [0.87083, 0.1875, 3.25],
							"pivot": [0, 11.1875, -3.25],
							"rotation": [0, -60, 0],
							"uv": {
								"north": {"uv": [9, 57], "uv_size": [0.75, 0.25]},
								"east": {"uv": [32, 50], "uv_size": [3.25, 0.25]},
								"south": {"uv": [57, 9], "uv_size": [0.75, 0.25]},
								"west": {"uv": [50, 32], "uv_size": [3.25, 0.25]},
								"up": {"uv": [40, 37], "uv_size": [0.75, 3.25]},
								"down": {"uv": [38, 43.25], "uv_size": [0.75, -3.25]}
							}
						},
						{
							"origin": [-0.43542, 12, -4.875],
							"size": [0.87083, 0.1875, 3.25],
							"inflate": -0.0005,
							"pivot": [0, 11.1875, -3.25],
							"rotation": [0, -90, 0],
							"uv": {
								"north": {"uv": [10, 57], "uv_size": [0.75, 0.25]},
								"east": {"uv": [50, 35], "uv_size": [3.25, 0.25]},
								"south": {"uv": [57, 10], "uv_size": [0.75, 0.25]},
								"west": {"uv": [36, 50], "uv_size": [3.25, 0.25]},
								"up": {"uv": [39, 40], "uv_size": [0.75, 3.25]},
								"down": {"uv": [41, 3.25], "uv_size": [0.75, -3.25]}
							}
						},
						{
							"origin": [-0.43542, 12, -4.875],
							"size": [0.87083, 0.1875, 3.25],
							"pivot": [0, 11.1875, -3.25],
							"rotation": [-180, -60, 180],
							"uv": {
								"north": {"uv": [11, 57], "uv_size": [0.75, 0.25]},
								"east": {"uv": [50, 36], "uv_size": [3.25, 0.25]},
								"south": {"uv": [57, 11], "uv_size": [0.75, 0.25]},
								"west": {"uv": [50, 37], "uv_size": [3.25, 0.25]},
								"up": {"uv": [41, 4], "uv_size": [0.75, 3.25]},
								"down": {"uv": [41, 11.25], "uv_size": [0.75, -3.25]}
							}
						},
						{
							"origin": [-0.38518, 12.1875, -4.6875],
							"size": [0.77035, 4.5, 2.875],
							"inflate": -0.0005,
							"pivot": [0, 15.6875, -3.25],
							"rotation": [-180, -30, 180],
							"uv": {
								"north": {"uv": [22, 35], "uv_size": [0.75, 4.5]},
								"east": {"uv": [12, 15], "uv_size": [3, 4.5]},
								"south": {"uv": [23, 35], "uv_size": [0.75, 4.5]},
								"west": {"uv": [15, 15], "uv_size": [3, 4.5]},
								"up": {"uv": [45, 6], "uv_size": [0.75, 3]}
							}
						},
						{
							"origin": [-0.43542, 12, -4.875],
							"size": [0.87083, 0.1875, 3.25],
							"inflate": -0.0005,
							"pivot": [0, 11.1875, -3.25],
							"rotation": [-180, -30, 180],
							"uv": {
								"north": {"uv": [12, 57], "uv_size": [0.75, 0.25]},
								"east": {"uv": [50, 38], "uv_size": [3.25, 0.25]},
								"south": {"uv": [57, 12], "uv_size": [0.75, 0.25]},
								"west": {"uv": [40, 50], "uv_size": [3.25, 0.25]},
								"up": {"uv": [41, 17], "uv_size": [0.75, 3.25]},
								"down": {"uv": [41, 24.25], "uv_size": [0.75, -3.25]}
							}
						}
					]
				},
				{
					"name": "head3",
					"parent": "body",
					"pivot": [0, 12.1875, 3.25],
					"rotation": [5, 0, 0],
					"cubes": [
						{
							"origin": [-0.38833, 11.53125, 2.3125],
							"size": [0.77665, 0.46875, 1.875],
							"pivot": [0, 11.40625, 3.25],
							"rotation": [0, -45, 0],
							"uv": {
								"north": {"uv": [36, 54], "uv_size": [0.75, 0.5]},
								"south": {"uv": [54, 36], "uv_size": [0.75, 0.5]},
								"up": {"uv": [1, 48], "uv_size": [0.75, 2]},
								"down": {"uv": [2, 50], "uv_size": [0.75, -2]}
							}
						},
						{
							"origin": [-0.38833, 11.53125, 2.3125],
							"size": [0.77665, 0.46875, 1.875],
							"inflate": 0.0007,
							"uv": {
								"north": {"uv": [37, 54], "uv_size": [0.75, 0.5]},
								"south": {"uv": [54, 37], "uv_size": [0.75, 0.5]},
								"down": {"uv": [48, 4], "uv_size": [0.75, -2]}
							}
						},
						{
							"origin": [-0.9375, 11.53125, 2.86167],
							"size": [1.875, 0.46875, 0.77665],
							"pivot": [0, 11.40625, 3.25],
							"rotation": [0, -45, 0],
							"uv": {
								"east": {"uv": [38, 54], "uv_size": [0.75, 0.5]},
								"west": {"uv": [54, 38], "uv_size": [0.75, 0.5]},
								"up": {"uv": [3, 48], "uv_size": [2, 0.75]},
								"down": {"uv": [48, 4.75], "uv_size": [2, -0.75]}
							}
						},
						{
							"origin": [-0.9375, 11.53125, 2.86167],
							"size": [1.875, 0.46875, 0.77665],
							"inflate": 0.0005,
							"uv": {
								"east": {"uv": [39, 54], "uv_size": [0.75, 0.5]},
								"west": {"uv": [40, 54], "uv_size": [0.75, 0.5]},
								"up": {"uv": [5, 48], "uv_size": [2, 0.75]},
								"down": {"uv": [48, 5.75], "uv_size": [2, -0.75]}
							}
						},
						{
							"origin": [-0.38518, 12.1875, 1.8125],
							"size": [0.77035, 4.5, 2.875],
							"inflate": 0.0005,
							"uv": {
								"north": {"uv": [24, 35], "uv_size": [0.75, 4.5]},
								"east": {"uv": [18, 0], "uv_size": [3, 4.5]},
								"south": {"uv": [25, 35], "uv_size": [0.75, 4.5]},
								"west": {"uv": [18, 5], "uv_size": [3, 4.5]},
								"up": {"uv": [7, 45], "uv_size": [0.75, 3]}
							}
						},
						{
							"origin": [-0.38518, 12.1875, 1.8125],
							"size": [0.77035, 4.5, 2.875],
							"inflate": -0.0005,
							"pivot": [0, 15.6875, 3.25],
							"rotation": [0, -30, 0],
							"uv": {
								"north": {"uv": [26, 35], "uv_size": [0.75, 4.5]},
								"east": {"uv": [18, 10], "uv_size": [3, 4.5]},
								"south": {"uv": [27, 35], "uv_size": [0.75, 4.5]},
								"west": {"uv": [18, 15], "uv_size": [3, 4.5]},
								"up": {"uv": [8, 45], "uv_size": [0.75, 3]}
							}
						},
						{
							"origin": [-0.38518, 12.1875, 1.8125],
							"size": [0.77035, 4.5, 2.875],
							"inflate": 0.0002,
							"pivot": [0, 15.6875, 3.25],
							"rotation": [0, -60, 0],
							"uv": {
								"north": {"uv": [28, 35], "uv_size": [0.75, 4.5]},
								"east": {"uv": [0, 20], "uv_size": [3, 4.5]},
								"south": {"uv": [29, 35], "uv_size": [0.75, 4.5]},
								"west": {"uv": [3, 20], "uv_size": [3, 4.5]},
								"up": {"uv": [9, 45], "uv_size": [0.75, 3]}
							}
						},
						{
							"origin": [-0.38518, 12.1875, 1.8125],
							"size": [0.77035, 4.5, 2.875],
							"inflate": -0.0005,
							"pivot": [0, 15.6875, 3.25],
							"rotation": [0, -90, 0],
							"uv": {
								"north": {"uv": [30, 35], "uv_size": [0.75, 4.5]},
								"east": {"uv": [6, 20], "uv_size": [3, 4.5]},
								"south": {"uv": [31, 35], "uv_size": [0.75, 4.5]},
								"west": {"uv": [9, 20], "uv_size": [3, 4.5]},
								"up": {"uv": [45, 9], "uv_size": [0.75, 3]}
							}
						},
						{
							"origin": [-0.38518, 12.1875, 1.8125],
							"size": [0.77035, 4.5, 2.875],
							"pivot": [0, 15.6875, 3.25],
							"rotation": [-180, -60, 180],
							"uv": {
								"north": {"uv": [32, 35], "uv_size": [0.75, 4.5]},
								"east": {"uv": [12, 20], "uv_size": [3, 4.5]},
								"south": {"uv": [33, 35], "uv_size": [0.75, 4.5]},
								"west": {"uv": [15, 20], "uv_size": [3, 4.5]},
								"up": {"uv": [10, 45], "uv_size": [0.75, 3]}
							}
						},
						{
							"origin": [-0.43542, 12, 1.625],
							"size": [0.87083, 0.1875, 3.25],
							"uv": {
								"north": {"uv": [13, 57], "uv_size": [0.75, 0.25]},
								"east": {"uv": [50, 41], "uv_size": [3.25, 0.25]},
								"south": {"uv": [57, 13], "uv_size": [0.75, 0.25]},
								"west": {"uv": [50, 42], "uv_size": [3.25, 0.25]},
								"up": {"uv": [41, 25], "uv_size": [0.75, 3.25]},
								"down": {"uv": [41, 32.25], "uv_size": [0.75, -3.25]}
							}
						},
						{
							"origin": [-0.43542, 12, 1.625],
							"size": [0.87083, 0.1875, 3.25],
							"inflate": -0.0005,
							"pivot": [0, 11.1875, 3.25],
							"rotation": [0, -30, 0],
							"uv": {
								"north": {"uv": [14, 57], "uv_size": [0.75, 0.25]},
								"east": {"uv": [50, 43], "uv_size": [3.25, 0.25]},
								"south": {"uv": [57, 14], "uv_size": [0.75, 0.25]},
								"west": {"uv": [44, 50], "uv_size": [3.25, 0.25]},
								"up": {"uv": [41, 33], "uv_size": [0.75, 3.25]},
								"down": {"uv": [41, 40.25], "uv_size": [0.75, -3.25]}
							}
						},
						{
							"origin": [-0.43542, 12, 1.625],
							"size": [0.87083, 0.1875, 3.25],
							"pivot": [0, 11.1875, 3.25],
							"rotation": [0, -60, 0],
							"uv": {
								"north": {"uv": [15, 57], "uv_size": [0.75, 0.25]},
								"east": {"uv": [48, 50], "uv_size": [3.25, 0.25]},
								"south": {"uv": [57, 15], "uv_size": [0.75, 0.25]},
								"west": {"uv": [0, 51], "uv_size": [3.25, 0.25]},
								"up": {"uv": [40, 41], "uv_size": [0.75, 3.25]},
								"down": {"uv": [41, 44.25], "uv_size": [0.75, -3.25]}
							}
						},
						{
							"origin": [-0.43542, 12, 1.625],
							"size": [0.87083, 0.1875, 3.25],
							"inflate": -0.0005,
							"pivot": [0, 11.1875, 3.25],
							"rotation": [0, -90, 0],
							"uv": {
								"north": {"uv": [16, 57], "uv_size": [0.75, 0.25]},
								"east": {"uv": [51, 0], "uv_size": [3.25, 0.25]},
								"south": {"uv": [57, 16], "uv_size": [0.75, 0.25]},
								"west": {"uv": [51, 1], "uv_size": [3.25, 0.25]},
								"up": {"uv": [42, 0], "uv_size": [0.75, 3.25]},
								"down": {"uv": [42, 7.25], "uv_size": [0.75, -3.25]}
							}
						},
						{
							"origin": [-0.43542, 12, 1.625],
							"size": [0.87083, 0.1875, 3.25],
							"pivot": [0, 11.1875, 3.25],
							"rotation": [-180, -60, 180],
							"uv": {
								"north": {"uv": [17, 57], "uv_size": [0.75, 0.25]},
								"east": {"uv": [51, 6], "uv_size": [3.25, 0.25]},
								"south": {"uv": [57, 17], "uv_size": [0.75, 0.25]},
								"west": {"uv": [22, 51], "uv_size": [3.25, 0.25]},
								"up": {"uv": [42, 8], "uv_size": [0.75, 3.25]},
								"down": {"uv": [42, 15.25], "uv_size": [0.75, -3.25]}
							}
						},
						{
							"origin": [-0.38518, 12.1875, 1.8125],
							"size": [0.77035, 4.5, 2.875],
							"inflate": -0.0005,
							"pivot": [0, 15.6875, 3.25],
							"rotation": [-180, -30, 180],
							"uv": {
								"north": {"uv": [34, 35], "uv_size": [0.75, 4.5]},
								"east": {"uv": [18, 20], "uv_size": [3, 4.5]},
								"south": {"uv": [35, 35], "uv_size": [0.75, 4.5]},
								"west": {"uv": [21, 0], "uv_size": [3, 4.5]},
								"up": {"uv": [11, 45], "uv_size": [0.75, 3]}
							}
						},
						{
							"origin": [-0.43542, 12, 1.625],
							"size": [0.87083, 0.1875, 3.25],
							"inflate": -0.0005,
							"pivot": [0, 11.1875, 3.25],
							"rotation": [-180, -30, 180],
							"uv": {
								"north": {"uv": [18, 57], "uv_size": [0.75, 0.25]},
								"east": {"uv": [26, 51], "uv_size": [3.25, 0.25]},
								"south": {"uv": [57, 18], "uv_size": [0.75, 0.25]},
								"west": {"uv": [30, 51], "uv_size": [3.25, 0.25]},
								"up": {"uv": [13, 42], "uv_size": [0.75, 3.25]},
								"down": {"uv": [14, 45.25], "uv_size": [0.75, -3.25]}
							}
						}
					]
				},
				{
					"name": "head4",
					"parent": "body",
					"pivot": [2.8125, 12.1875, 1.625],
					"rotation": [9.67433, 75.01431, 4.34648],
					"cubes": [
						{
							"origin": [2.42417, 11.53125, 0.6875],
							"size": [0.77665, 0.46875, 1.875],
							"pivot": [2.8125, 11.40625, 1.625],
							"rotation": [0, -45, 0],
							"uv": {
								"north": {"uv": [41, 54], "uv_size": [0.75, 0.5]},
								"south": {"uv": [54, 41], "uv_size": [0.75, 0.5]},
								"up": {"uv": [48, 6], "uv_size": [0.75, 2]},
								"down": {"uv": [7, 50], "uv_size": [0.75, -2]}
							}
						},
						{
							"origin": [2.42417, 11.53125, 0.6875],
							"size": [0.77665, 0.46875, 1.875],
							"inflate": 0.0007,
							"uv": {
								"north": {"uv": [42, 54], "uv_size": [0.75, 0.5]},
								"south": {"uv": [54, 42], "uv_size": [0.75, 0.5]},
								"down": {"uv": [8, 50], "uv_size": [0.75, -2]}
							}
						},
						{
							"origin": [1.875, 11.53125, 1.23667],
							"size": [1.875, 0.46875, 0.77665],
							"pivot": [2.8125, 11.40625, 1.625],
							"rotation": [0, -45, 0],
							"uv": {
								"east": {"uv": [43, 54], "uv_size": [0.75, 0.5]},
								"west": {"uv": [54, 43], "uv_size": [0.75, 0.5]},
								"up": {"uv": [48, 8], "uv_size": [2, 0.75]},
								"down": {"uv": [9, 48.75], "uv_size": [2, -0.75]}
							}
						},
						{
							"origin": [1.875, 11.53125, 1.23667],
							"size": [1.875, 0.46875, 0.77665],
							"inflate": 0.0005,
							"uv": {
								"east": {"uv": [44, 54], "uv_size": [0.75, 0.5]},
								"west": {"uv": [45, 54], "uv_size": [0.75, 0.5]},
								"up": {"uv": [48, 9], "uv_size": [2, 0.75]},
								"down": {"uv": [48, 10.75], "uv_size": [2, -0.75]}
							}
						},
						{
							"origin": [2.42732, 12.1875, 0.1875],
							"size": [0.77035, 4.5, 2.875],
							"inflate": 0.0005,
							"uv": {
								"north": {"uv": [36, 0], "uv_size": [0.75, 4.5]},
								"east": {"uv": [21, 5], "uv_size": [3, 4.5]},
								"south": {"uv": [36, 5], "uv_size": [0.75, 4.5]},
								"west": {"uv": [21, 10], "uv_size": [3, 4.5]},
								"up": {"uv": [12, 45], "uv_size": [0.75, 3]}
							}
						},
						{
							"origin": [2.42732, 12.1875, 0.1875],
							"size": [0.77035, 4.5, 2.875],
							"inflate": -0.0005,
							"pivot": [2.8125, 15.6875, 1.625],
							"rotation": [0, -30, 0],
							"uv": {
								"north": {"uv": [36, 10], "uv_size": [0.75, 4.5]},
								"east": {"uv": [21, 15], "uv_size": [3, 4.5]},
								"south": {"uv": [36, 15], "uv_size": [0.75, 4.5]},
								"west": {"uv": [21, 20], "uv_size": [3, 4.5]},
								"up": {"uv": [45, 12], "uv_size": [0.75, 3]}
							}
						},
						{
							"origin": [2.42732, 12.1875, 0.1875],
							"size": [0.77035, 4.5, 2.875],
							"inflate": 0.0002,
							"pivot": [2.8125, 15.6875, 1.625],
							"rotation": [0, -60, 0],
							"uv": {
								"north": {"uv": [36, 20], "uv_size": [0.75, 4.5]},
								"east": {"uv": [24, 0], "uv_size": [3, 4.5]},
								"south": {"uv": [36, 25], "uv_size": [0.75, 4.5]},
								"west": {"uv": [24, 5], "uv_size": [3, 4.5]},
								"up": {"uv": [45, 15], "uv_size": [0.75, 3]}
							}
						},
						{
							"origin": [2.42732, 12.1875, 0.1875],
							"size": [0.77035, 4.5, 2.875],
							"inflate": -0.0005,
							"pivot": [2.8125, 15.6875, 1.625],
							"rotation": [0, -90, 0],
							"uv": {
								"north": {"uv": [36, 30], "uv_size": [0.75, 4.5]},
								"east": {"uv": [24, 10], "uv_size": [3, 4.5]},
								"south": {"uv": [36, 35], "uv_size": [0.75, 4.5]},
								"west": {"uv": [24, 15], "uv_size": [3, 4.5]},
								"up": {"uv": [45, 18], "uv_size": [0.75, 3]}
							}
						},
						{
							"origin": [2.42732, 12.1875, 0.1875],
							"size": [0.77035, 4.5, 2.875],
							"pivot": [2.8125, 15.6875, 1.625],
							"rotation": [-180, -60, 180],
							"uv": {
								"north": {"uv": [37, 0], "uv_size": [0.75, 4.5]},
								"east": {"uv": [24, 20], "uv_size": [3, 4.5]},
								"south": {"uv": [37, 5], "uv_size": [0.75, 4.5]},
								"west": {"uv": [0, 25], "uv_size": [3, 4.5]},
								"up": {"uv": [45, 21], "uv_size": [0.75, 3]}
							}
						},
						{
							"origin": [2.37708, 12, 0],
							"size": [0.87083, 0.1875, 3.25],
							"uv": {
								"north": {"uv": [19, 57], "uv_size": [0.75, 0.25]},
								"east": {"uv": [34, 51], "uv_size": [3.25, 0.25]},
								"south": {"uv": [57, 19], "uv_size": [0.75, 0.25]},
								"west": {"uv": [38, 51], "uv_size": [3.25, 0.25]},
								"up": {"uv": [15, 42], "uv_size": [0.75, 3.25]},
								"down": {"uv": [16, 45.25], "uv_size": [0.75, -3.25]}
							}
						},
						{
							"origin": [2.37708, 12, 0],
							"size": [0.87083, 0.1875, 3.25],
							"inflate": -0.0005,
							"pivot": [2.8125, 11.1875, 1.625],
							"rotation": [0, -30, 0],
							"uv": {
								"north": {"uv": [20, 57], "uv_size": [0.75, 0.25]},
								"east": {"uv": [42, 51], "uv_size": [3.25, 0.25]},
								"south": {"uv": [57, 20], "uv_size": [0.75, 0.25]},
								"west": {"uv": [46, 51], "uv_size": [3.25, 0.25]},
								"up": {"uv": [42, 16], "uv_size": [0.75, 3.25]},
								"down": {"uv": [17, 45.25], "uv_size": [0.75, -3.25]}
							}
						},
						{
							"origin": [2.37708, 12, 0],
							"size": [0.87083, 0.1875, 3.25],
							"pivot": [2.8125, 11.1875, 1.625],
							"rotation": [0, -60, 0],
							"uv": {
								"north": {"uv": [21, 57], "uv_size": [0.75, 0.25]},
								"east": {"uv": [51, 49], "uv_size": [3.25, 0.25]},
								"south": {"uv": [57, 21], "uv_size": [0.75, 0.25]},
								"west": {"uv": [50, 51], "uv_size": [3.25, 0.25]},
								"up": {"uv": [18, 42], "uv_size": [0.75, 3.25]},
								"down": {"uv": [42, 23.25], "uv_size": [0.75, -3.25]}
							}
						},
						{
							"origin": [2.37708, 12, 0],
							"size": [0.87083, 0.1875, 3.25],
							"inflate": -0.0005,
							"pivot": [2.8125, 11.1875, 1.625],
							"rotation": [0, -90, 0],
							"uv": {
								"north": {"uv": [22, 57], "uv_size": [0.75, 0.25]},
								"east": {"uv": [0, 52], "uv_size": [3.25, 0.25]},
								"south": {"uv": [57, 22], "uv_size": [0.75, 0.25]},
								"west": {"uv": [22, 52], "uv_size": [3.25, 0.25]},
								"up": {"uv": [42, 24], "uv_size": [0.75, 3.25]},
								"down": {"uv": [42, 31.25], "uv_size": [0.75, -3.25]}
							}
						},
						{
							"origin": [2.37708, 12, 0],
							"size": [0.87083, 0.1875, 3.25],
							"pivot": [2.8125, 11.1875, 1.625],
							"rotation": [-180, -60, 180],
							"uv": {
								"north": {"uv": [23, 57], "uv_size": [0.75, 0.25]},
								"east": {"uv": [26, 52], "uv_size": [3.25, 0.25]},
								"south": {"uv": [57, 23], "uv_size": [0.75, 0.25]},
								"west": {"uv": [30, 52], "uv_size": [3.25, 0.25]},
								"up": {"uv": [42, 32], "uv_size": [0.75, 3.25]},
								"down": {"uv": [42, 39.25], "uv_size": [0.75, -3.25]}
							}
						},
						{
							"origin": [2.42732, 12.1875, 0.1875],
							"size": [0.77035, 4.5, 2.875],
							"inflate": -0.0005,
							"pivot": [2.8125, 15.6875, 1.625],
							"rotation": [-180, -30, 180],
							"uv": {
								"north": {"uv": [37, 10], "uv_size": [0.75, 4.5]},
								"east": {"uv": [3, 25], "uv_size": [3, 4.5]},
								"south": {"uv": [37, 15], "uv_size": [0.75, 4.5]},
								"west": {"uv": [6, 25], "uv_size": [3, 4.5]},
								"up": {"uv": [45, 24], "uv_size": [0.75, 3]}
							}
						},
						{
							"origin": [2.37708, 12, 0],
							"size": [0.87083, 0.1875, 3.25],
							"inflate": -0.0005,
							"pivot": [2.8125, 11.1875, 1.625],
							"rotation": [-180, -30, 180],
							"uv": {
								"north": {"uv": [24, 57], "uv_size": [0.75, 0.25]},
								"east": {"uv": [34, 52], "uv_size": [3.25, 0.25]},
								"south": {"uv": [57, 24], "uv_size": [0.75, 0.25]},
								"west": {"uv": [38, 52], "uv_size": [3.25, 0.25]},
								"up": {"uv": [42, 40], "uv_size": [0.75, 3.25]},
								"down": {"uv": [43, 3.25], "uv_size": [0.75, -3.25]}
							}
						}
					]
				},
				{
					"name": "head6",
					"parent": "body",
					"pivot": [-2.8125, 12.1875, 1.625],
					"rotation": [165.64059, 79.90896, 170.85848],
					"cubes": [
						{
							"origin": [-3.20083, 11.53125, 0.6875],
							"size": [0.77665, 0.46875, 1.875],
							"pivot": [-2.8125, 11.40625, 1.625],
							"rotation": [0, -45, 0],
							"uv": {
								"north": {"uv": [54, 52], "uv_size": [0.75, 0.5]},
								"south": {"uv": [53, 54], "uv_size": [0.75, 0.5]},
								"up": {"uv": [15, 48], "uv_size": [0.75, 2]},
								"down": {"uv": [19, 50], "uv_size": [0.75, -2]}
							}
						},
						{
							"origin": [-3.20083, 11.53125, 0.6875],
							"size": [0.77665, 0.46875, 1.875],
							"inflate": 0.0007,
							"uv": {
								"north": {"uv": [54, 54], "uv_size": [0.75, 0.5]},
								"south": {"uv": [0, 55], "uv_size": [0.75, 0.5]},
								"down": {"uv": [48, 21], "uv_size": [0.75, -2]}
							}
						},
						{
							"origin": [-3.75, 11.53125, 1.23667],
							"size": [1.875, 0.46875, 0.77665],
							"pivot": [-2.8125, 11.40625, 1.625],
							"rotation": [0, -45, 0],
							"uv": {
								"east": {"uv": [55, 0], "uv_size": [0.75, 0.5]},
								"west": {"uv": [1, 55], "uv_size": [0.75, 0.5]},
								"up": {"uv": [20, 48], "uv_size": [2, 0.75]},
								"down": {"uv": [48, 21.75], "uv_size": [2, -0.75]}
							}
						},
						{
							"origin": [-3.75, 11.53125, 1.23667],
							"size": [1.875, 0.46875, 0.77665],
							"inflate": 0.0005,
							"uv": {
								"east": {"uv": [55, 1], "uv_size": [0.75, 0.5]},
								"west": {"uv": [2, 55], "uv_size": [0.75, 0.5]},
								"up": {"uv": [22, 48], "uv_size": [2, 0.75]},
								"down": {"uv": [48, 22.75], "uv_size": [2, -0.75]}
							}
						},
						{
							"origin": [-3.19768, 12.1875, 0.1875],
							"size": [0.77035, 4.5, 2.875],
							"inflate": 0.0005,
							"uv": {
								"north": {"uv": [39, 0], "uv_size": [0.75, 4.5]},
								"east": {"uv": [0, 30], "uv_size": [3, 4.5]},
								"south": {"uv": [39, 5], "uv_size": [0.75, 4.5]},
								"west": {"uv": [30, 0], "uv_size": [3, 4.5]},
								"up": {"uv": [42, 45], "uv_size": [0.75, 3]}
							}
						},
						{
							"origin": [-3.19768, 12.1875, 0.1875],
							"size": [0.77035, 4.5, 2.875],
							"inflate": -0.0005,
							"pivot": [-2.8125, 15.6875, 1.625],
							"rotation": [0, -30, 0],
							"uv": {
								"north": {"uv": [39, 10], "uv_size": [0.75, 4.5]},
								"east": {"uv": [3, 30], "uv_size": [3, 4.5]},
								"south": {"uv": [39, 15], "uv_size": [0.75, 4.5]},
								"west": {"uv": [30, 5], "uv_size": [3, 4.5]},
								"up": {"uv": [45, 42], "uv_size": [0.75, 3]}
							}
						},
						{
							"origin": [-3.19768, 12.1875, 0.1875],
							"size": [0.77035, 4.5, 2.875],
							"inflate": 0.0002,
							"pivot": [-2.8125, 15.6875, 1.625],
							"rotation": [0, -60, 0],
							"uv": {
								"north": {"uv": [39, 20], "uv_size": [0.75, 4.5]},
								"east": {"uv": [6, 30], "uv_size": [3, 4.5]},
								"south": {"uv": [39, 25], "uv_size": [0.75, 4.5]},
								"west": {"uv": [9, 30], "uv_size": [3, 4.5]},
								"up": {"uv": [43, 45], "uv_size": [0.75, 3]}
							}
						},
						{
							"origin": [-3.19768, 12.1875, 0.1875],
							"size": [0.77035, 4.5, 2.875],
							"inflate": -0.0005,
							"pivot": [-2.8125, 15.6875, 1.625],
							"rotation": [0, -90, 0],
							"uv": {
								"north": {"uv": [39, 30], "uv_size": [0.75, 4.5]},
								"east": {"uv": [30, 10], "uv_size": [3, 4.5]},
								"south": {"uv": [39, 35], "uv_size": [0.75, 4.5]},
								"west": {"uv": [12, 30], "uv_size": [3, 4.5]},
								"up": {"uv": [44, 45], "uv_size": [0.75, 3]}
							}
						},
						{
							"origin": [-3.19768, 12.1875, 0.1875],
							"size": [0.77035, 4.5, 2.875],
							"pivot": [-2.8125, 15.6875, 1.625],
							"rotation": [-180, -60, 180],
							"uv": {
								"north": {"uv": [0, 40], "uv_size": [0.75, 4.5]},
								"east": {"uv": [15, 30], "uv_size": [3, 4.5]},
								"south": {"uv": [40, 0], "uv_size": [0.75, 4.5]},
								"west": {"uv": [30, 15], "uv_size": [3, 4.5]},
								"up": {"uv": [45, 45], "uv_size": [0.75, 3]}
							}
						},
						{
							"origin": [-3.24792, 12, 0],
							"size": [0.87083, 0.1875, 3.25],
							"uv": {
								"north": {"uv": [31, 57], "uv_size": [0.75, 0.25]},
								"east": {"uv": [28, 53], "uv_size": [3.25, 0.25]},
								"south": {"uv": [57, 31], "uv_size": [0.75, 0.25]},
								"west": {"uv": [53, 28], "uv_size": [3.25, 0.25]},
								"up": {"uv": [44, 8], "uv_size": [0.75, 3.25]},
								"down": {"uv": [44, 15.25], "uv_size": [0.75, -3.25]}
							}
						},
						{
							"origin": [-3.24792, 12, 0],
							"size": [0.87083, 0.1875, 3.25],
							"inflate": -0.0005,
							"pivot": [-2.8125, 11.1875, 1.625],
							"rotation": [0, -30, 0],
							"uv": {
								"north": {"uv": [32, 57], "uv_size": [0.75, 0.25]},
								"east": {"uv": [53, 29], "uv_size": [3.25, 0.25]},
								"south": {"uv": [57, 32], "uv_size": [0.75, 0.25]},
								"west": {"uv": [32, 53], "uv_size": [3.25, 0.25]},
								"up": {"uv": [44, 16], "uv_size": [0.75, 3.25]},
								"down": {"uv": [19, 47.25], "uv_size": [0.75, -3.25]}
							}
						},
						{
							"origin": [-3.24792, 12, 0],
							"size": [0.87083, 0.1875, 3.25],
							"pivot": [-2.8125, 11.1875, 1.625],
							"rotation": [0, -60, 0],
							"uv": {
								"north": {"uv": [33, 57], "uv_size": [0.75, 0.25]},
								"east": {"uv": [53, 33], "uv_size": [3.25, 0.25]},
								"south": {"uv": [57, 33], "uv_size": [0.75, 0.25]},
								"west": {"uv": [53, 34], "uv_size": [3.25, 0.25]},
								"up": {"uv": [20, 44], "uv_size": [0.75, 3.25]},
								"down": {"uv": [44, 23.25], "uv_size": [0.75, -3.25]}
							}
						},
						{
							"origin": [-3.24792, 12, 0],
							"size": [0.87083, 0.1875, 3.25],
							"inflate": -0.0005,
							"pivot": [-2.8125, 11.1875, 1.625],
							"rotation": [0, -90, 0],
							"uv": {
								"north": {"uv": [34, 57], "uv_size": [0.75, 0.25]},
								"east": {"uv": [36, 53], "uv_size": [3.25, 0.25]},
								"south": {"uv": [57, 34], "uv_size": [0.75, 0.25]},
								"west": {"uv": [53, 39], "uv_size": [3.25, 0.25]},
								"up": {"uv": [21, 44], "uv_size": [0.75, 3.25]},
								"down": {"uv": [22, 47.25], "uv_size": [0.75, -3.25]}
							}
						},
						{
							"origin": [-3.24792, 12, 0],
							"size": [0.87083, 0.1875, 3.25],
							"pivot": [-2.8125, 11.1875, 1.625],
							"rotation": [-180, -60, 180],
							"uv": {
								"north": {"uv": [35, 57], "uv_size": [0.75, 0.25]},
								"east": {"uv": [40, 53], "uv_size": [3.25, 0.25]},
								"south": {"uv": [57, 35], "uv_size": [0.75, 0.25]},
								"west": {"uv": [53, 40], "uv_size": [3.25, 0.25]},
								"up": {"uv": [23, 44], "uv_size": [0.75, 3.25]},
								"down": {"uv": [24, 47.25], "uv_size": [0.75, -3.25]}
							}
						},
						{
							"origin": [-3.19768, 12.1875, 0.1875],
							"size": [0.77035, 4.5, 2.875],
							"inflate": -0.0005,
							"pivot": [-2.8125, 15.6875, 1.625],
							"rotation": [-180, -30, 180],
							"uv": {
								"north": {"uv": [1, 40], "uv_size": [0.75, 4.5]},
								"east": {"uv": [18, 30], "uv_size": [3, 4.5]},
								"south": {"uv": [2, 40], "uv_size": [0.75, 4.5]},
								"west": {"uv": [30, 20], "uv_size": [3, 4.5]},
								"up": {"uv": [46, 0], "uv_size": [0.75, 3]}
							}
						},
						{
							"origin": [-3.24792, 12, 0],
							"size": [0.87083, 0.1875, 3.25],
							"inflate": -0.0005,
							"pivot": [-2.8125, 11.1875, 1.625],
							"rotation": [-180, -30, 180],
							"uv": {
								"north": {"uv": [36, 57], "uv_size": [0.75, 0.25]},
								"east": {"uv": [44, 53], "uv_size": [3.25, 0.25]},
								"south": {"uv": [57, 36], "uv_size": [0.75, 0.25]},
								"west": {"uv": [53, 44], "uv_size": [3.25, 0.25]},
								"up": {"uv": [44, 24], "uv_size": [0.75, 3.25]},
								"down": {"uv": [25, 47.25], "uv_size": [0.75, -3.25]}
							}
						}
					]
				},
				{
					"name": "head5",
					"parent": "body",
					"pivot": [2.8125, 12.1875, -1.625],
					"rotation": [-3.05445, -34.74382, -3.24385],
					"cubes": [
						{
							"origin": [2.42417, 11.53125, -2.5625],
							"size": [0.77665, 0.46875, 1.875],
							"pivot": [2.8125, 11.40625, -1.625],
							"rotation": [0, -45, 0],
							"uv": {
								"north": {"uv": [46, 54], "uv_size": [0.75, 0.5]},
								"south": {"uv": [47, 54], "uv_size": [0.75, 0.5]},
								"up": {"uv": [11, 48], "uv_size": [0.75, 2]},
								"down": {"uv": [48, 13], "uv_size": [0.75, -2]}
							}
						},
						{
							"origin": [2.42417, 11.53125, -2.5625],
							"size": [0.77665, 0.46875, 1.875],
							"inflate": 0.0007,
							"uv": {
								"north": {"uv": [48, 54], "uv_size": [0.75, 0.5]},
								"south": {"uv": [49, 54], "uv_size": [0.75, 0.5]},
								"down": {"uv": [12, 50], "uv_size": [0.75, -2]}
							}
						},
						{
							"origin": [1.875, 11.53125, -2.01333],
							"size": [1.875, 0.46875, 0.77665],
							"pivot": [2.8125, 11.40625, -1.625],
							"rotation": [0, -45, 0],
							"uv": {
								"east": {"uv": [50, 54], "uv_size": [0.75, 0.5]},
								"west": {"uv": [51, 54], "uv_size": [0.75, 0.5]},
								"up": {"uv": [48, 13], "uv_size": [2, 0.75]},
								"down": {"uv": [48, 14.75], "uv_size": [2, -0.75]}
							}
						},
						{
							"origin": [1.875, 11.53125, -2.01333],
							"size": [1.875, 0.46875, 0.77665],
							"inflate": 0.0005,
							"uv": {
								"east": {"uv": [54, 51], "uv_size": [0.75, 0.5]},
								"west": {"uv": [52, 54], "uv_size": [0.75, 0.5]},
								"up": {"uv": [48, 17], "uv_size": [2, 0.75]},
								"down": {"uv": [48, 18.75], "uv_size": [2, -0.75]}
							}
						},
						{
							"origin": [2.42732, 12.1875, -3.0625],
							"size": [0.77035, 4.5, 2.875],
							"inflate": 0.0005,
							"uv": {
								"north": {"uv": [37, 20], "uv_size": [0.75, 4.5]},
								"east": {"uv": [9, 25], "uv_size": [3, 4.5]},
								"south": {"uv": [37, 25], "uv_size": [0.75, 4.5]},
								"west": {"uv": [12, 25], "uv_size": [3, 4.5]},
								"up": {"uv": [45, 27], "uv_size": [0.75, 3]}
							}
						},
						{
							"origin": [2.42732, 12.1875, -3.0625],
							"size": [0.77035, 4.5, 2.875],
							"inflate": -0.0005,
							"pivot": [2.8125, 15.6875, -1.625],
							"rotation": [0, -30, 0],
							"uv": {
								"north": {"uv": [37, 30], "uv_size": [0.75, 4.5]},
								"east": {"uv": [15, 25], "uv_size": [3, 4.5]},
								"south": {"uv": [37, 35], "uv_size": [0.75, 4.5]},
								"west": {"uv": [18, 25], "uv_size": [3, 4.5]},
								"up": {"uv": [45, 30], "uv_size": [0.75, 3]}
							}
						},
						{
							"origin": [2.42732, 12.1875, -3.0625],
							"size": [0.77035, 4.5, 2.875],
							"inflate": 0.0002,
							"pivot": [2.8125, 15.6875, -1.625],
							"rotation": [0, -60, 0],
							"uv": {
								"north": {"uv": [38, 0], "uv_size": [0.75, 4.5]},
								"east": {"uv": [21, 25], "uv_size": [3, 4.5]},
								"south": {"uv": [38, 5], "uv_size": [0.75, 4.5]},
								"west": {"uv": [24, 25], "uv_size": [3, 4.5]},
								"up": {"uv": [45, 33], "uv_size": [0.75, 3]}
							}
						},
						{
							"origin": [2.42732, 12.1875, -3.0625],
							"size": [0.77035, 4.5, 2.875],
							"inflate": -0.0005,
							"pivot": [2.8125, 15.6875, -1.625],
							"rotation": [0, -90, 0],
							"uv": {
								"north": {"uv": [38, 10], "uv_size": [0.75, 4.5]},
								"east": {"uv": [27, 0], "uv_size": [3, 4.5]},
								"south": {"uv": [38, 15], "uv_size": [0.75, 4.5]},
								"west": {"uv": [27, 5], "uv_size": [3, 4.5]},
								"up": {"uv": [45, 36], "uv_size": [0.75, 3]}
							}
						},
						{
							"origin": [2.42732, 12.1875, -3.0625],
							"size": [0.77035, 4.5, 2.875],
							"pivot": [2.8125, 15.6875, -1.625],
							"rotation": [-180, -60, 180],
							"uv": {
								"north": {"uv": [38, 20], "uv_size": [0.75, 4.5]},
								"east": {"uv": [27, 10], "uv_size": [3, 4.5]},
								"south": {"uv": [38, 25], "uv_size": [0.75, 4.5]},
								"west": {"uv": [27, 15], "uv_size": [3, 4.5]},
								"up": {"uv": [40, 45], "uv_size": [0.75, 3]}
							}
						},
						{
							"origin": [2.37708, 12, -3.25],
							"size": [0.87083, 0.1875, 3.25],
							"uv": {
								"north": {"uv": [25, 57], "uv_size": [0.75, 0.25]},
								"east": {"uv": [42, 52], "uv_size": [3.25, 0.25]},
								"south": {"uv": [57, 25], "uv_size": [0.75, 0.25]},
								"west": {"uv": [46, 52], "uv_size": [3.25, 0.25]},
								"up": {"uv": [43, 4], "uv_size": [0.75, 3.25]},
								"down": {"uv": [43, 11.25], "uv_size": [0.75, -3.25]}
							}
						},
						{
							"origin": [2.37708, 12, -3.25],
							"size": [0.87083, 0.1875, 3.25],
							"inflate": -0.0005,
							"pivot": [2.8125, 11.1875, -1.625],
							"rotation": [0, -30, 0],
							"uv": {
								"north": {"uv": [26, 57], "uv_size": [0.75, 0.25]},
								"east": {"uv": [50, 52], "uv_size": [3.25, 0.25]},
								"south": {"uv": [57, 26], "uv_size": [0.75, 0.25]},
								"west": {"uv": [52, 50], "uv_size": [3.25, 0.25]},
								"up": {"uv": [43, 12], "uv_size": [0.75, 3.25]},
								"down": {"uv": [43, 19.25], "uv_size": [0.75, -3.25]}
							}
						},
						{
							"origin": [2.37708, 12, -3.25],
							"size": [0.87083, 0.1875, 3.25],
							"pivot": [2.8125, 11.1875, -1.625],
							"rotation": [0, -60, 0],
							"uv": {
								"north": {"uv": [27, 57], "uv_size": [0.75, 0.25]},
								"east": {"uv": [0, 53], "uv_size": [3.25, 0.25]},
								"south": {"uv": [57, 27], "uv_size": [0.75, 0.25]},
								"west": {"uv": [4, 53], "uv_size": [3.25, 0.25]},
								"up": {"uv": [43, 20], "uv_size": [0.75, 3.25]},
								"down": {"uv": [43, 27.25], "uv_size": [0.75, -3.25]}
							}
						},
						{
							"origin": [2.37708, 12, -3.25],
							"size": [0.87083, 0.1875, 3.25],
							"inflate": -0.0005,
							"pivot": [2.8125, 11.1875, -1.625],
							"rotation": [0, -90, 0],
							"uv": {
								"north": {"uv": [28, 57], "uv_size": [0.75, 0.25]},
								"east": {"uv": [53, 7], "uv_size": [3.25, 0.25]},
								"south": {"uv": [57, 28], "uv_size": [0.75, 0.25]},
								"west": {"uv": [8, 53], "uv_size": [3.25, 0.25]},
								"up": {"uv": [43, 28], "uv_size": [0.75, 3.25]},
								"down": {"uv": [43, 35.25], "uv_size": [0.75, -3.25]}
							}
						},
						{
							"origin": [2.37708, 12, -3.25],
							"size": [0.87083, 0.1875, 3.25],
							"pivot": [2.8125, 11.1875, -1.625],
							"rotation": [-180, -60, 180],
							"uv": {
								"north": {"uv": [29, 57], "uv_size": [0.75, 0.25]},
								"east": {"uv": [12, 53], "uv_size": [3.25, 0.25]},
								"south": {"uv": [57, 29], "uv_size": [0.75, 0.25]},
								"west": {"uv": [16, 53], "uv_size": [3.25, 0.25]},
								"up": {"uv": [43, 36], "uv_size": [0.75, 3.25]},
								"down": {"uv": [43, 43.25], "uv_size": [0.75, -3.25]}
							}
						},
						{
							"origin": [2.42732, 12.1875, -3.0625],
							"size": [0.77035, 4.5, 2.875],
							"inflate": -0.0005,
							"pivot": [2.8125, 15.6875, -1.625],
							"rotation": [-180, -30, 180],
							"uv": {
								"north": {"uv": [38, 30], "uv_size": [0.75, 4.5]},
								"east": {"uv": [27, 20], "uv_size": [3, 4.5]},
								"south": {"uv": [38, 35], "uv_size": [0.75, 4.5]},
								"west": {"uv": [27, 25], "uv_size": [3, 4.5]},
								"up": {"uv": [41, 45], "uv_size": [0.75, 3]}
							}
						},
						{
							"origin": [2.37708, 12, -3.25],
							"size": [0.87083, 0.1875, 3.25],
							"inflate": -0.0005,
							"pivot": [2.8125, 11.1875, -1.625],
							"rotation": [-180, -30, 180],
							"uv": {
								"north": {"uv": [30, 57], "uv_size": [0.75, 0.25]},
								"east": {"uv": [20, 53], "uv_size": [3.25, 0.25]},
								"south": {"uv": [57, 30], "uv_size": [0.75, 0.25]},
								"west": {"uv": [24, 53], "uv_size": [3.25, 0.25]},
								"up": {"uv": [44, 0], "uv_size": [0.75, 3.25]},
								"down": {"uv": [44, 7.25], "uv_size": [0.75, -3.25]}
							}
						}
					]
				},
				{
					"name": "head7",
					"parent": "body",
					"pivot": [-2.875, 12.1875, -1.625],
					"rotation": [-177.54905, 6.84305, -174.68447],
					"cubes": [
						{
							"origin": [-3.26333, 11.53125, -2.5625],
							"size": [0.77665, 0.46875, 1.875],
							"pivot": [-2.875, 11.40625, -1.625],
							"rotation": [0, -45, 0],
							"uv": {
								"north": {"uv": [3, 55], "uv_size": [0.75, 0.5]},
								"south": {"uv": [4, 55], "uv_size": [0.75, 0.5]},
								"up": {"uv": [48, 23], "uv_size": [0.75, 2]},
								"down": {"uv": [24, 50], "uv_size": [0.75, -2]}
							}
						},
						{
							"origin": [-3.26333, 11.53125, -2.5625],
							"size": [0.77665, 0.46875, 1.875],
							"inflate": 0.0007,
							"uv": {
								"north": {"uv": [5, 55], "uv_size": [0.75, 0.5]},
								"south": {"uv": [6, 55], "uv_size": [0.75, 0.5]},
								"down": {"uv": [25, 50], "uv_size": [0.75, -2]}
							}
						},
						{
							"origin": [-3.8125, 11.53125, -2.01333],
							"size": [1.875, 0.46875, 0.77665],
							"pivot": [-2.875, 11.40625, -1.625],
							"rotation": [0, -45, 0],
							"uv": {
								"east": {"uv": [55, 6], "uv_size": [0.75, 0.5]},
								"west": {"uv": [7, 55], "uv_size": [0.75, 0.5]},
								"up": {"uv": [48, 25], "uv_size": [2, 0.75]},
								"down": {"uv": [26, 48.75], "uv_size": [2, -0.75]}
							}
						},
						{
							"origin": [-3.8125, 11.53125, -2.01333],
							"size": [1.875, 0.46875, 0.77665],
							"inflate": 0.0005,
							"uv": {
								"east": {"uv": [55, 8], "uv_size": [0.75, 0.5]},
								"west": {"uv": [9, 55], "uv_size": [0.75, 0.5]},
								"up": {"uv": [48, 26], "uv_size": [2, 0.75]},
								"down": {"uv": [48, 27.75], "uv_size": [2, -0.75]}
							}
						},
						{
							"origin": [-3.26018, 12.1875, -3.0625],
							"size": [0.77035, 4.5, 2.875],
							"inflate": 0.0005,
							"uv": {
								"north": {"uv": [3, 40], "uv_size": [0.75, 4.5]},
								"east": {"uv": [21, 30], "uv_size": [3, 4.5]},
								"south": {"uv": [4, 40], "uv_size": [0.75, 4.5]},
								"west": {"uv": [24, 30], "uv_size": [3, 4.5]},
								"up": {"uv": [46, 3], "uv_size": [0.75, 3]}
							}
						},
						{
							"origin": [-3.26018, 12.1875, -3.0625],
							"size": [0.77035, 4.5, 2.875],
							"inflate": -0.0005,
							"pivot": [-2.875, 15.6875, -1.625],
							"rotation": [0, -30, 0],
							"uv": {
								"north": {"uv": [5, 40], "uv_size": [0.75, 4.5]},
								"east": {"uv": [30, 25], "uv_size": [3, 4.5]},
								"south": {"uv": [40, 5], "uv_size": [0.75, 4.5]},
								"west": {"uv": [27, 30], "uv_size": [3, 4.5]},
								"up": {"uv": [46, 6], "uv_size": [0.75, 3]}
							}
						},
						{
							"origin": [-3.26018, 12.1875, -3.0625],
							"size": [0.77035, 4.5, 2.875],
							"inflate": 0.0002,
							"pivot": [-2.875, 15.6875, -1.625],
							"rotation": [0, -60, 0],
							"uv": {
								"north": {"uv": [6, 40], "uv_size": [0.75, 4.5]},
								"east": {"uv": [30, 30], "uv_size": [3, 4.5]},
								"south": {"uv": [7, 40], "uv_size": [0.75, 4.5]},
								"west": {"uv": [33, 0], "uv_size": [3, 4.5]},
								"up": {"uv": [46, 9], "uv_size": [0.75, 3]}
							}
						},
						{
							"origin": [-3.26018, 12.1875, -3.0625],
							"size": [0.77035, 4.5, 2.875],
							"inflate": -0.0005,
							"pivot": [-2.875, 15.6875, -1.625],
							"rotation": [0, -90, 0],
							"uv": {
								"north": {"uv": [8, 40], "uv_size": [0.75, 4.5]},
								"east": {"uv": [33, 5], "uv_size": [3, 4.5]},
								"south": {"uv": [9, 40], "uv_size": [0.75, 4.5]},
								"west": {"uv": [33, 10], "uv_size": [3, 4.5]},
								"up": {"uv": [46, 12], "uv_size": [0.75, 3]}
							}
						},
						{
							"origin": [-3.26018, 12.1875, -3.0625],
							"size": [0.77035, 4.5, 2.875],
							"pivot": [-2.875, 15.6875, -1.625],
							"rotation": [-180, -60, 180],
							"uv": {
								"north": {"uv": [10, 40], "uv_size": [0.75, 4.5]},
								"east": {"uv": [33, 15], "uv_size": [3, 4.5]},
								"south": {"uv": [40, 10], "uv_size": [0.75, 4.5]},
								"west": {"uv": [33, 20], "uv_size": [3, 4.5]},
								"up": {"uv": [13, 46], "uv_size": [0.75, 3]}
							}
						},
						{
							"origin": [-3.31042, 12, -3.25],
							"size": [0.87083, 0.1875, 3.25],
							"uv": {
								"north": {"uv": [37, 57], "uv_size": [0.75, 0.25]},
								"east": {"uv": [53, 45], "uv_size": [3.25, 0.25]},
								"south": {"uv": [57, 37], "uv_size": [0.75, 0.25]},
								"west": {"uv": [53, 46], "uv_size": [3.25, 0.25]},
								"up": {"uv": [26, 44], "uv_size": [0.75, 3.25]},
								"down": {"uv": [27, 47.25], "uv_size": [0.75, -3.25]}
							}
						},
						{
							"origin": [-3.31042, 12, -3.25],
							"size": [0.87083, 0.1875, 3.25],
							"inflate": -0.0005,
							"pivot": [-2.875, 11.1875, -1.625],
							"rotation": [0, -30, 0],
							"uv": {
								"north": {"uv": [38, 57], "uv_size": [0.75, 0.25]},
								"east": {"uv": [53, 47], "uv_size": [3.25, 0.25]},
								"south": {"uv": [57, 38], "uv_size": [0.75, 0.25]},
								"west": {"uv": [48, 53], "uv_size": [3.25, 0.25]},
								"up": {"uv": [28, 44], "uv_size": [0.75, 3.25]},
								"down": {"uv": [44, 31.25], "uv_size": [0.75, -3.25]}
							}
						},
						{
							"origin": [-3.31042, 12, -3.25],
							"size": [0.87083, 0.1875, 3.25],
							"pivot": [-2.875, 11.1875, -1.625],
							"rotation": [0, -60, 0],
							"uv": {
								"north": {"uv": [39, 57], "uv_size": [0.75, 0.25]},
								"east": {"uv": [53, 48], "uv_size": [3.25, 0.25]},
								"south": {"uv": [57, 39], "uv_size": [0.75, 0.25]},
								"west": {"uv": [52, 53], "uv_size": [3.25, 0.25]},
								"up": {"uv": [29, 44], "uv_size": [0.75, 3.25]},
								"down": {"uv": [30, 47.25], "uv_size": [0.75, -3.25]}
							}
						},
						{
							"origin": [-3.31042, 12, -3.25],
							"size": [0.87083, 0.1875, 3.25],
							"inflate": -0.0005,
							"pivot": [-2.875, 11.1875, -1.625],
							"rotation": [0, -90, 0],
							"uv": {
								"north": {"uv": [40, 57], "uv_size": [0.75, 0.25]},
								"east": {"uv": [0, 54], "uv_size": [3.25, 0.25]},
								"south": {"uv": [57, 40], "uv_size": [0.75, 0.25]},
								"west": {"uv": [54, 2], "uv_size": [3.25, 0.25]},
								"up": {"uv": [31, 44], "uv_size": [0.75, 3.25]},
								"down": {"uv": [32, 47.25], "uv_size": [0.75, -3.25]}
							}
						},
						{
							"origin": [-3.31042, 12, -3.25],
							"size": [0.87083, 0.1875, 3.25],
							"pivot": [-2.875, 11.1875, -1.625],
							"rotation": [-180, -60, 180],
							"uv": {
								"north": {"uv": [41, 57], "uv_size": [0.75, 0.25]},
								"east": {"uv": [54, 3], "uv_size": [3.25, 0.25]},
								"south": {"uv": [57, 41], "uv_size": [0.75, 0.25]},
								"west": {"uv": [4, 54], "uv_size": [3.25, 0.25]},
								"up": {"uv": [44, 32], "uv_size": [0.75, 3.25]},
								"down": {"uv": [33, 47.25], "uv_size": [0.75, -3.25]}
							}
						},
						{
							"origin": [-3.26018, 12.1875, -3.0625],
							"size": [0.77035, 4.5, 2.875],
							"inflate": -0.0005,
							"pivot": [-2.875, 15.6875, -1.625],
							"rotation": [-180, -30, 180],
							"uv": {
								"north": {"uv": [11, 40], "uv_size": [0.75, 4.5]},
								"east": {"uv": [33, 25], "uv_size": [3, 4.5]},
								"south": {"uv": [12, 40], "uv_size": [0.75, 4.5]},
								"west": {"uv": [33, 30], "uv_size": [3, 4.5]},
								"up": {"uv": [14, 46], "uv_size": [0.75, 3]}
							}
						},
						{
							"origin": [-3.31042, 12, -3.25],
							"size": [0.87083, 0.1875, 3.25],
							"inflate": -0.0005,
							"pivot": [-2.875, 11.1875, -1.625],
							"rotation": [-180, -30, 180],
							"uv": {
								"north": {"uv": [42, 57], "uv_size": [0.75, 0.25]},
								"east": {"uv": [54, 4], "uv_size": [3.25, 0.25]},
								"south": {"uv": [57, 42], "uv_size": [0.75, 0.25]},
								"west": {"uv": [54, 5], "uv_size": [3.25, 0.25]},
								"up": {"uv": [34, 44], "uv_size": [0.75, 3.25]},
								"down": {"uv": [35, 47.25], "uv_size": [0.75, -3.25]}
							}
						}
					]
				},
				{
					"name": "octagon",
					"parent": "body",
					"pivot": [0, 0.5625, -2]
				},
				{
					"name": "bone",
					"parent": "body",
					"pivot": [0, 13.875, 0],
					"cubes": [
						{
							"origin": [0.5, 13.8125, 4.5],
							"size": [3.82147, 0.1875, 0.1875],
							"pivot": [0.5, 14, 4.6875],
							"rotation": [0, 30, 0],
							"uv": {
								"north": {"uv": [49, 34], "uv_size": [3.75, 0.25]},
								"east": {"uv": [58, 1], "uv_size": [0.25, 0.25]},
								"south": {"uv": [49, 39], "uv_size": [3.75, 0.25]},
								"west": {"uv": [2, 58], "uv_size": [0.25, 0.25]},
								"up": {"uv": [49, 40], "uv_size": [3.75, 0.25]},
								"down": {"uv": [49, 44.25], "uv_size": [3.75, -0.25]}
							}
						},
						{
							"origin": [-0.5, 13.8125, 4.5],
							"size": [1, 0.1875, 0.1875],
							"uv": {
								"north": {"uv": [55, 36], "uv_size": [1, 0.25]},
								"east": {"uv": [52, 57], "uv_size": [0.25, 0.25]},
								"south": {"uv": [37, 55], "uv_size": [1, 0.25]},
								"west": {"uv": [57, 52], "uv_size": [0.25, 0.25]},
								"up": {"uv": [55, 37], "uv_size": [1, 0.25]},
								"down": {"uv": [38, 55.25], "uv_size": [1, -0.25]}
							}
						},
						{
							"origin": [-4.32147, 13.8125, 4.5],
							"size": [3.82147, 0.1875, 0.1875],
							"pivot": [-0.5, 14, 4.6875],
							"rotation": [0, -30, 0],
							"uv": {
								"north": {"uv": [49, 7], "uv_size": [3.75, 0.25]},
								"east": {"uv": [58, 0], "uv_size": [0.25, 0.25]},
								"south": {"uv": [49, 28], "uv_size": [3.75, 0.25]},
								"west": {"uv": [1, 58], "uv_size": [0.25, 0.25]},
								"up": {"uv": [49, 29], "uv_size": [3.75, 0.25]},
								"down": {"uv": [49, 33.25], "uv_size": [3.75, -0.25]}
							}
						},
						{
							"origin": [-0.5, 13.8125, 4.5],
							"size": [1, 0.1875, 0.1875],
							"pivot": [0, 13.875, 0],
							"rotation": [0, -60, 0],
							"uv": {
								"north": {"uv": [47, 55], "uv_size": [1, 0.25]},
								"east": {"uv": [56, 57], "uv_size": [0.25, 0.25]},
								"south": {"uv": [48, 55], "uv_size": [1, 0.25]},
								"west": {"uv": [57, 56], "uv_size": [0.25, 0.25]},
								"up": {"uv": [49, 55], "uv_size": [1, 0.25]},
								"down": {"uv": [55, 49.25], "uv_size": [1, -0.25]}
							}
						},
						{
							"origin": [-8.13097, 13.8125, 1.72324],
							"size": [3.82147, 0.1875, 0.1875],
							"pivot": [-4.30949, 14, 1.91074],
							"rotation": [0, -90, 0],
							"uv": {
								"north": {"uv": [50, 11], "uv_size": [3.75, 0.25]},
								"east": {"uv": [58, 5], "uv_size": [0.25, 0.25]},
								"south": {"uv": [50, 12], "uv_size": [3.75, 0.25]},
								"west": {"uv": [6, 58], "uv_size": [0.25, 0.25]},
								"up": {"uv": [50, 13], "uv_size": [3.75, 0.25]},
								"down": {"uv": [50, 14.25], "uv_size": [3.75, -0.25]}
							}
						},
						{
							"origin": [-0.5, 13.8125, -4.6875],
							"size": [1, 0.1875, 0.1875],
							"pivot": [0, 13.875, 0],
							"rotation": [0, 60, 0],
							"uv": {
								"north": {"uv": [55, 43], "uv_size": [1, 0.25]},
								"east": {"uv": [55, 57], "uv_size": [0.25, 0.25]},
								"south": {"uv": [44, 55], "uv_size": [1, 0.25]},
								"west": {"uv": [57, 55], "uv_size": [0.25, 0.25]},
								"up": {"uv": [45, 55], "uv_size": [1, 0.25]},
								"down": {"uv": [46, 55.25], "uv_size": [1, -0.25]}
							}
						},
						{
							"origin": [-4.32147, 13.8125, -4.6875],
							"size": [3.82147, 0.1875, 0.1875],
							"pivot": [-0.5, 14, -4.6875],
							"rotation": [0, 30, 0],
							"uv": {
								"north": {"uv": [49, 45], "uv_size": [3.75, 0.25]},
								"east": {"uv": [58, 2], "uv_size": [0.25, 0.25]},
								"south": {"uv": [49, 46], "uv_size": [3.75, 0.25]},
								"west": {"uv": [3, 58], "uv_size": [0.25, 0.25]},
								"up": {"uv": [47, 49], "uv_size": [3.75, 0.25]},
								"down": {"uv": [49, 47.25], "uv_size": [3.75, -0.25]}
							}
						},
						{
							"origin": [-0.5, 13.8125, -4.6875],
							"size": [1, 0.1875, 0.1875],
							"uv": {
								"north": {"uv": [55, 38], "uv_size": [1, 0.25]},
								"east": {"uv": [53, 57], "uv_size": [0.25, 0.25]},
								"south": {"uv": [39, 55], "uv_size": [1, 0.25]},
								"west": {"uv": [57, 53], "uv_size": [0.25, 0.25]},
								"up": {"uv": [40, 55], "uv_size": [1, 0.25]},
								"down": {"uv": [41, 55.25], "uv_size": [1, -0.25]}
							}
						},
						{
							"origin": [0.5, 13.8125, -4.6875],
							"size": [3.82147, 0.1875, 0.1875],
							"pivot": [0.5, 14, -4.6875],
							"rotation": [0, -30, 0],
							"uv": {
								"north": {"uv": [49, 48], "uv_size": [3.75, 0.25]},
								"east": {"uv": [58, 3], "uv_size": [0.25, 0.25]},
								"south": {"uv": [50, 2], "uv_size": [3.75, 0.25]},
								"west": {"uv": [4, 58], "uv_size": [0.25, 0.25]},
								"up": {"uv": [50, 3], "uv_size": [3.75, 0.25]},
								"down": {"uv": [50, 4.25], "uv_size": [3.75, -0.25]}
							}
						},
						{
							"origin": [-0.5, 13.8125, -4.6875],
							"size": [1, 0.1875, 0.1875],
							"pivot": [0, 13.875, 0],
							"rotation": [0, -60, 0],
							"uv": {
								"north": {"uv": [50, 55], "uv_size": [1, 0.25]},
								"east": {"uv": [57, 57], "uv_size": [0.25, 0.25]},
								"south": {"uv": [51, 55], "uv_size": [1, 0.25]},
								"west": {"uv": [0, 58], "uv_size": [0.25, 0.25]},
								"up": {"uv": [55, 51], "uv_size": [1, 0.25]},
								"down": {"uv": [52, 55.25], "uv_size": [1, -0.25]}
							}
						},
						{
							"origin": [4.30949, 13.8125, 1.72324],
							"size": [3.82147, 0.1875, 0.1875],
							"pivot": [4.30949, 14, 1.91074],
							"rotation": [0, 90, 0],
							"uv": {
								"north": {"uv": [50, 5], "uv_size": [3.75, 0.25]},
								"east": {"uv": [58, 4], "uv_size": [0.25, 0.25]},
								"south": {"uv": [50, 8], "uv_size": [3.75, 0.25]},
								"west": {"uv": [5, 58], "uv_size": [0.25, 0.25]},
								"up": {"uv": [50, 9], "uv_size": [3.75, 0.25]},
								"down": {"uv": [50, 10.25], "uv_size": [3.75, -0.25]}
							}
						},
						{
							"origin": [-0.5, 13.8125, 4.5],
							"size": [1, 0.1875, 0.1875],
							"pivot": [0, 13.875, 0],
							"rotation": [0, 60, 0],
							"uv": {
								"north": {"uv": [55, 41], "uv_size": [1, 0.25]},
								"east": {"uv": [54, 57], "uv_size": [0.25, 0.25]},
								"south": {"uv": [42, 55], "uv_size": [1, 0.25]},
								"west": {"uv": [57, 54], "uv_size": [0.25, 0.25]},
								"up": {"uv": [55, 42], "uv_size": [1, 0.25]},
								"down": {"uv": [43, 55.25], "uv_size": [1, -0.25]}
							}
						}
					]
				},
				{
					"name": "rightHand",
					"parent": "r",
					"pivot": [6, 18.93684, 8.04313]
				},
				{
					"name": "righthand_pos",
					"parent": "rightHand",
					"pivot": [0, 7.93684, 8.04313],
					"cubes": [
						{
							"origin": [4, 7.93684, 6.04313],
							"size": [3, 12, 4],
							"uv": {
								"north": {"uv": [0, 0], "uv_size": [4, 12]},
								"east": {"uv": [4, 0], "uv_size": [4, 12]},
								"south": {"uv": [8, 0], "uv_size": [4, 12]},
								"west": {"uv": [0, 12], "uv_size": [4, 12]},
								"up": {"uv": [12, 0], "uv_size": [4, 4]},
								"down": {"uv": [4, 16], "uv_size": [4, -4]}
							}
						}
					]
				},
				{
					"name": "leftHand",
					"parent": "root",
					"pivot": [-6, 18.93684, 8.04313]
				},
				{
					"name": "lefthand_pos",
					"parent": "leftHand",
					"pivot": [0, 7.93684, 8.04313],
					"cubes": [
						{
							"origin": [-7, 7.93684, 6.04313],
							"size": [3, 12, 4],
							"uv": {
								"north": {"uv": [0, 0], "uv_size": [4, 12]},
								"east": {"uv": [4, 0], "uv_size": [4, 12]},
								"south": {"uv": [8, 0], "uv_size": [4, 12]},
								"west": {"uv": [0, 12], "uv_size": [4, 12]},
								"up": {"uv": [12, 0], "uv_size": [4, 4]},
								"down": {"uv": [4, 16], "uv_size": [4, -4]}
							}
						}
					]
				},
				{
					"name": "camera",
					"pivot": [5, 9, 14]
				},
				{
					"name": "idle_view",
					"pivot": [5, 9, 14]
				}
			]
		}
	]
}