{
	"format_version": "1.21.0",
	"minecraft:geometry": [
		{
			"description": {
				"identifier": "geometry.unknown",
				"texture_width": 64,
				"texture_height": 64,
				"visible_bounds_width": 4,
				"visible_bounds_height": 2.5,
				"visible_bounds_offset": [0, 0.75, 0]
			},
			"bones": [
				{
					"name": "root",
					"pivot": [0, 8, 0]
				},
				{
					"name": "l",
					"parent": "root",
					"pivot": [-3.4375, 1.65625, 0.09375]
				},
				{
					"name": "leftHand",
					"parent": "l",
					"pivot": [-6, 18.93684, 8.04313]
				},
				{
					"name": "lefthand_pos",
					"parent": "leftHand",
					"pivot": [0, 7.93684, 8.04313],
					"cubes": [
						{
							"origin": [-7, 7.93684, 6.04313],
							"size": [3, 12, 4],
							"uv": {
								"north": {"uv": [0, 0], "uv_size": [4, 12]},
								"east": {"uv": [4, 0], "uv_size": [4, 12]},
								"south": {"uv": [8, 0], "uv_size": [4, 12]},
								"west": {"uv": [0, 12], "uv_size": [4, 12]},
								"up": {"uv": [12, 0], "uv_size": [4, 4]},
								"down": {"uv": [4, 16], "uv_size": [4, -4]}
							}
						}
					]
				},
				{
					"name": "r",
					"parent": "root",
					"pivot": [0, 0, 0]
				},
				{
					"name": "rightHand",
					"parent": "r",
					"pivot": [6, 18.93684, 8.04313]
				},
				{
					"name": "righthand_pos",
					"parent": "rightHand",
					"pivot": [0, 7.93684, 8.04313],
					"cubes": [
						{
							"origin": [4, 7.93684, 6.04313],
							"size": [3, 12, 4],
							"uv": {
								"north": {"uv": [0, 0], "uv_size": [4, 12]},
								"east": {"uv": [4, 0], "uv_size": [4, 12]},
								"south": {"uv": [8, 0], "uv_size": [4, 12]},
								"west": {"uv": [0, 12], "uv_size": [4, 12]},
								"up": {"uv": [12, 0], "uv_size": [4, 4]},
								"down": {"uv": [4, 16], "uv_size": [4, -4]}
							}
						}
					]
				},
				{
					"name": "body",
					"parent": "r",
					"pivot": [0, 8, 0],
					"cubes": [
						{
							"origin": [-0.5, 15.125, 1.85938],
							"size": [0.25, 0.0625, 0.39062],
							"pivot": [0.25, 15.1875, 2.25],
							"rotation": [45, 0, 0],
							"uv": {
								"north": {"uv": [35, 15], "uv_size": [0.25, 0.25]},
								"east": {"uv": [4, 34], "uv_size": [0.5, 0.25]},
								"west": {"uv": [34, 4], "uv_size": [0.5, 0.25]},
								"up": {"uv": [5, 34], "uv_size": [0.25, 0.5]},
								"down": {"uv": [34, 5.5], "uv_size": [0.25, -0.5]}
							}
						},
						{
							"origin": [-0.3125, 15.0625, 2.60938],
							"size": [0.625, 0.0625, 0.19887],
							"pivot": [-0.25, 15.125, 2.60938],
							"rotation": [-45, 0, 0],
							"uv": {
								"east": {"uv": [16, 35], "uv_size": [0.25, 0.25]},
								"west": {"uv": [35, 16], "uv_size": [0.25, 0.25]},
								"up": {"uv": [33, 25], "uv_size": [0.75, 0.25]},
								"down": {"uv": [26, 33.25], "uv_size": [0.75, -0.25]}
							}
						},
						{
							"origin": [-0.3125, 15.04688, 1.95313],
							"size": [0.625, 0.07812, 0.3125],
							"pivot": [-0.25, 15.125, 2.26563],
							"rotation": [45, 0, 0],
							"uv": {
								"east": {"uv": [17, 35], "uv_size": [0.25, 0.25]},
								"west": {"uv": [35, 17], "uv_size": [0.25, 0.25]},
								"up": {"uv": [33, 26], "uv_size": [0.75, 0.25]},
								"down": {"uv": [27, 33.25], "uv_size": [0.75, -0.25]}
							}
						},
						{
							"origin": [-0.3125, 15.0625, 2.26563],
							"size": [0.625, 0.0625, 0.34375],
							"uv": {
								"east": {"uv": [18, 35], "uv_size": [0.25, 0.25]},
								"west": {"uv": [35, 18], "uv_size": [0.25, 0.25]},
								"up": {"uv": [33, 27], "uv_size": [0.75, 0.25]},
								"down": {"uv": [28, 33.25], "uv_size": [0.75, -0.25]}
							}
						},
						{
							"origin": [-0.5, 15.125, 2.25],
							"size": [0.25, 0.0625, 0.375],
							"uv": {
								"east": {"uv": [6, 34], "uv_size": [0.5, 0.25]},
								"west": {"uv": [34, 6], "uv_size": [0.5, 0.25]},
								"up": {"uv": [7, 34], "uv_size": [0.25, 0.5]},
								"down": {"uv": [34, 7.5], "uv_size": [0.25, -0.5]}
							}
						},
						{
							"origin": [-0.5, 15, 2.75],
							"size": [0.25, 0.26517, 0.0625],
							"pivot": [0.25, 15, 2.8125],
							"rotation": [45, 0, 0],
							"uv": {
								"north": {"uv": [19, 35], "uv_size": [0.25, 0.25]},
								"east": {"uv": [35, 19], "uv_size": [0.25, 0.25]},
								"south": {"uv": [20, 35], "uv_size": [0.25, 0.25]},
								"west": {"uv": [35, 20], "uv_size": [0.25, 0.25]}
							}
						},
						{
							"origin": [-0.3125, 13.73438, 2.6875],
							"size": [0.625, 0.76562, 0.0625],
							"pivot": [-0.25, 14.5, 2.75],
							"rotation": [-4.7636, 0, 0],
							"uv": {
								"north": {"uv": [3, 27], "uv_size": [0.75, 0.75]},
								"east": {"uv": [33, 28], "uv_size": [0.25, 0.75]},
								"south": {"uv": [28, 9], "uv_size": [0.75, 0.75]},
								"west": {"uv": [29, 33], "uv_size": [0.25, 0.75]},
								"up": {"uv": [33, 29], "uv_size": [0.75, 0.25]},
								"down": {"uv": [30, 33.25], "uv_size": [0.75, -0.25]}
							}
						},
						{
							"origin": [-0.3125, 14.5, 2.6875],
							"size": [0.625, 0.48438, 0.0625],
							"uv": {
								"north": {"uv": [10, 30], "uv_size": [0.75, 0.5]},
								"east": {"uv": [8, 34], "uv_size": [0.25, 0.5]},
								"south": {"uv": [30, 10], "uv_size": [0.75, 0.5]},
								"west": {"uv": [34, 8], "uv_size": [0.25, 0.5]},
								"down": {"uv": [33, 30.25], "uv_size": [0.75, -0.25]}
							}
						},
						{
							"origin": [-0.5, 14.5, 2.75],
							"size": [0.25, 0.5, 0.0625],
							"uv": {
								"north": {"uv": [9, 34], "uv_size": [0.25, 0.5]},
								"east": {"uv": [34, 9], "uv_size": [0.25, 0.5]},
								"south": {"uv": [10, 34], "uv_size": [0.25, 0.5]},
								"west": {"uv": [34, 10], "uv_size": [0.25, 0.5]},
								"down": {"uv": [21, 35.25], "uv_size": [0.25, -0.25]}
							}
						},
						{
							"origin": [-0.5, 13.72403, 2.75],
							"size": [0.25, 0.77597, 0.0625],
							"pivot": [0.25, 14.5, 2.8125],
							"rotation": [-9.4623, 0, 0],
							"uv": {
								"north": {"uv": [31, 33], "uv_size": [0.25, 0.75]},
								"east": {"uv": [33, 31], "uv_size": [0.25, 0.75]},
								"south": {"uv": [32, 33], "uv_size": [0.25, 0.75]},
								"west": {"uv": [33, 32], "uv_size": [0.25, 0.75]},
								"up": {"uv": [35, 21], "uv_size": [0.25, 0.25]},
								"down": {"uv": [22, 35.25], "uv_size": [0.25, -0.25]}
							}
						},
						{
							"origin": [0.25, 15.125, 1.79688],
							"size": [0.25, 0.0625, 0.45312],
							"pivot": [1, 15.1875, 2.25],
							"rotation": [45, 0, 0],
							"uv": {
								"north": {"uv": [35, 22], "uv_size": [0.25, 0.25]},
								"east": {"uv": [11, 34], "uv_size": [0.5, 0.25]},
								"west": {"uv": [34, 11], "uv_size": [0.5, 0.25]},
								"up": {"uv": [12, 34], "uv_size": [0.25, 0.5]},
								"down": {"uv": [34, 12.5], "uv_size": [0.25, -0.5]}
							}
						},
						{
							"origin": [0.25, 15.125, 2.25],
							"size": [0.25, 0.0625, 0.375],
							"uv": {
								"east": {"uv": [13, 34], "uv_size": [0.5, 0.25]},
								"west": {"uv": [34, 13], "uv_size": [0.5, 0.25]},
								"up": {"uv": [14, 34], "uv_size": [0.25, 0.5]},
								"down": {"uv": [34, 14.5], "uv_size": [0.25, -0.5]}
							}
						},
						{
							"origin": [-0.20711, 10.93461, 2.75499],
							"size": [0.70711, 0.7071, 0.0625],
							"pivot": [0.5, 11.64171, 2.81749],
							"rotation": [5.3185, -5.2957, 44.7539],
							"uv": {
								"north": {"uv": [28, 10], "uv_size": [0.75, 0.75]},
								"east": {"uv": [33, 33], "uv_size": [0.25, 0.75]},
								"south": {"uv": [11, 28], "uv_size": [0.75, 0.75]},
								"west": {"uv": [0, 34], "uv_size": [0.25, 0.75]},
								"up": {"uv": [34, 0], "uv_size": [0.75, 0.25]},
								"down": {"uv": [1, 34.25], "uv_size": [0.75, -0.25]}
							}
						},
						{
							"origin": [-0.5, 11.625, 2.625],
							"size": [1, 1, 0.0625],
							"inflate": 0.0005,
							"pivot": [1, 12.625, 2.625],
							"rotation": [7.5, 0, 0],
							"uv": {
								"north": {"uv": [19, 15], "uv_size": [1, 1]},
								"east": {"uv": [11, 32], "uv_size": [0.25, 1]},
								"south": {"uv": [23, 19], "uv_size": [1, 1]},
								"west": {"uv": [12, 32], "uv_size": [0.25, 1]},
								"down": {"uv": [13, 32.25], "uv_size": [1, -0.25]}
							}
						},
						{
							"origin": [-0.5, 12.625, 2.625],
							"size": [1, 1.125, 0.0625],
							"uv": {
								"north": {"uv": [23, 7], "uv_size": [1, 1.25]},
								"east": {"uv": [31, 3], "uv_size": [0.25, 1.25]},
								"south": {"uv": [8, 23], "uv_size": [1, 1.25]},
								"west": {"uv": [4, 31], "uv_size": [0.25, 1.25]},
								"up": {"uv": [14, 32], "uv_size": [1, 0.25]}
							}
						},
						{
							"origin": [0.25, 13.72403, 2.75],
							"size": [0.25, 0.77597, 0.0625],
							"pivot": [1, 14.5, 2.8125],
							"rotation": [-9.4623, 0, 0],
							"uv": {
								"north": {"uv": [34, 1], "uv_size": [0.25, 0.75]},
								"east": {"uv": [2, 34], "uv_size": [0.25, 0.75]},
								"south": {"uv": [34, 2], "uv_size": [0.25, 0.75]},
								"west": {"uv": [3, 34], "uv_size": [0.25, 0.75]},
								"up": {"uv": [23, 35], "uv_size": [0.25, 0.25]},
								"down": {"uv": [35, 23.25], "uv_size": [0.25, -0.25]}
							}
						},
						{
							"origin": [0.25, 15, 2.75],
							"size": [0.25, 0.26517, 0.0625],
							"pivot": [1, 15, 2.8125],
							"rotation": [45, 0, 0],
							"uv": {
								"north": {"uv": [24, 35], "uv_size": [0.25, 0.25]},
								"east": {"uv": [35, 24], "uv_size": [0.25, 0.25]},
								"south": {"uv": [25, 35], "uv_size": [0.25, 0.25]},
								"west": {"uv": [35, 25], "uv_size": [0.25, 0.25]}
							}
						},
						{
							"origin": [-0.3125, 13.25, 2.0625],
							"size": [0.625, 1.6875, 0.125],
							"uv": {
								"north": {"uv": [22, 16], "uv_size": [0.75, 1.75]},
								"east": {"uv": [7, 30], "uv_size": [0.25, 1.75]},
								"south": {"uv": [22, 18], "uv_size": [0.75, 1.75]},
								"west": {"uv": [30, 7], "uv_size": [0.25, 1.75]},
								"down": {"uv": [34, 3.25], "uv_size": [0.75, -0.25]}
							}
						},
						{
							"origin": [-0.5, 13.25, 2],
							"size": [1, 1.6875, 0.0625],
							"uv": {
								"north": {"uv": [5, 19], "uv_size": [1, 1.75]},
								"east": {"uv": [8, 30], "uv_size": [0.25, 1.75]},
								"south": {"uv": [6, 19], "uv_size": [1, 1.75]},
								"west": {"uv": [9, 30], "uv_size": [0.25, 1.75]},
								"up": {"uv": [15, 32], "uv_size": [1, 0.25]},
								"down": {"uv": [16, 32.25], "uv_size": [1, -0.25]}
							}
						},
						{
							"origin": [0.25, 14.5, 2.75],
							"size": [0.25, 0.5, 0.0625],
							"uv": {
								"north": {"uv": [15, 34], "uv_size": [0.25, 0.5]},
								"east": {"uv": [34, 15], "uv_size": [0.25, 0.5]},
								"south": {"uv": [16, 34], "uv_size": [0.25, 0.5]},
								"west": {"uv": [34, 16], "uv_size": [0.25, 0.5]},
								"down": {"uv": [26, 35.25], "uv_size": [0.25, -0.25]}
							}
						},
						{
							"origin": [-0.5359, 11.625, -2],
							"size": [1.0718, 4.75, 4],
							"inflate": 0.0007,
							"pivot": [0, 15.375, 0],
							"rotation": [-180, -60, 180],
							"uv": {
								"north": {"uv": [0, 6], "uv_size": [1, 4.75]},
								"south": {"uv": [6, 0], "uv_size": [1, 4.75]},
								"up": {"uv": [9, 0], "uv_size": [1, 4]},
								"down": {"uv": [9, 8], "uv_size": [1, -4]}
							}
						},
						{
							"origin": [-0.5359, 11.625, -2],
							"size": [1.0718, 4.75, 4],
							"pivot": [0, 15.375, 0],
							"rotation": [0, -90, 0],
							"uv": {
								"north": {"uv": [1, 6], "uv_size": [1, 4.75]},
								"south": {"uv": [2, 6], "uv_size": [1, 4.75]},
								"up": {"uv": [9, 8], "uv_size": [1, 4]},
								"down": {"uv": [10, 4], "uv_size": [1, -4]}
							}
						},
						{
							"origin": [-0.5359, 11.625, -2],
							"size": [1.0718, 4.75, 4],
							"inflate": 0.0005,
							"pivot": [0, 15.375, 0],
							"rotation": [0, -60, 0],
							"uv": {
								"north": {"uv": [3, 6], "uv_size": [1, 4.75]},
								"south": {"uv": [4, 6], "uv_size": [1, 4.75]},
								"up": {"uv": [10, 4], "uv_size": [1, 4]},
								"down": {"uv": [6, 14], "uv_size": [1, -4]}
							}
						},
						{
							"origin": [-0.5359, 11.625, -2],
							"size": [1.0718, 4.75, 4],
							"pivot": [0, 15.375, 0],
							"rotation": [0, -30, 0],
							"uv": {
								"north": {"uv": [5, 6], "uv_size": [1, 4.75]},
								"south": {"uv": [6, 5], "uv_size": [1, 4.75]},
								"up": {"uv": [7, 10], "uv_size": [1, 4]},
								"down": {"uv": [8, 14], "uv_size": [1, -4]}
							}
						},
						{
							"origin": [-0.1875, 11.625, 2],
							"size": [0.375, 4.75, 0.125],
							"uv": {
								"north": {"uv": [12, 16], "uv_size": [0.5, 4.75]},
								"east": {"uv": [18, 23], "uv_size": [0.25, 4.75]},
								"south": {"uv": [13, 16], "uv_size": [0.5, 4.75]},
								"west": {"uv": [19, 23], "uv_size": [0.25, 4.75]}
							}
						},
						{
							"origin": [-0.5359, 11.625, -2],
							"size": [1.0718, 4.75, 4],
							"inflate": 0.001,
							"uv": {
								"north": {"uv": [7, 0], "uv_size": [1, 4.75]},
								"south": {"uv": [7, 5], "uv_size": [1, 4.75]},
								"up": {"uv": [10, 8], "uv_size": [1, 4]},
								"down": {"uv": [0, 15], "uv_size": [1, -4]}
							}
						},
						{
							"origin": [-0.58614, 16.375, -2.1875],
							"size": [1.17228, 0.25, 0.375],
							"pivot": [0, 15.625, 0],
							"rotation": [0, 90, 0],
							"uv": {
								"north": {"uv": [5, 31], "uv_size": [1.25, 0.25]},
								"east": {"uv": [17, 34], "uv_size": [0.5, 0.25]},
								"south": {"uv": [31, 5], "uv_size": [1.25, 0.25]},
								"west": {"uv": [34, 17], "uv_size": [0.5, 0.25]},
								"up": {"uv": [25, 24], "uv_size": [1.25, 0.5]},
								"down": {"uv": [25, 25.5], "uv_size": [1.25, -0.5]}
							}
						},
						{
							"origin": [-0.58614, 16.375, -2.1875],
							"size": [1.17228, 0.25, 0.375],
							"pivot": [0, 15.625, 0],
							"rotation": [0, 60, 0],
							"uv": {
								"north": {"uv": [31, 6], "uv_size": [1.25, 0.25]},
								"east": {"uv": [18, 34], "uv_size": [0.5, 0.25]},
								"south": {"uv": [31, 7], "uv_size": [1.25, 0.25]},
								"west": {"uv": [34, 18], "uv_size": [0.5, 0.25]},
								"up": {"uv": [0, 26], "uv_size": [1.25, 0.5]},
								"down": {"uv": [26, 0.5], "uv_size": [1.25, -0.5]}
							}
						},
						{
							"origin": [-0.58614, 16.375, -2.1875],
							"size": [1.17228, 0.25, 0.375],
							"pivot": [0, 15.625, 0],
							"rotation": [0, 30, 0],
							"uv": {
								"north": {"uv": [31, 8], "uv_size": [1.25, 0.25]},
								"east": {"uv": [19, 34], "uv_size": [0.5, 0.25]},
								"south": {"uv": [10, 31], "uv_size": [1.25, 0.25]},
								"west": {"uv": [34, 19], "uv_size": [0.5, 0.25]},
								"up": {"uv": [26, 1], "uv_size": [1.25, 0.5]},
								"down": {"uv": [2, 26.5], "uv_size": [1.25, -0.5]}
							}
						},
						{
							"origin": [-0.58614, 16.375, -2.1875],
							"size": [1.17228, 0.25, 0.375],
							"pivot": [0, 15.625, 0],
							"rotation": [0, -90, 0],
							"uv": {
								"north": {"uv": [31, 10], "uv_size": [1.25, 0.25]},
								"east": {"uv": [20, 34], "uv_size": [0.5, 0.25]},
								"south": {"uv": [31, 11], "uv_size": [1.25, 0.25]},
								"west": {"uv": [34, 20], "uv_size": [0.5, 0.25]},
								"up": {"uv": [26, 2], "uv_size": [1.25, 0.5]},
								"down": {"uv": [26, 3.5], "uv_size": [1.25, -0.5]}
							}
						},
						{
							"origin": [-0.58614, 16.375, -2.1875],
							"size": [1.17228, 0.25, 0.375],
							"pivot": [0, 15.625, 0],
							"rotation": [0, -60, 0],
							"uv": {
								"north": {"uv": [12, 31], "uv_size": [1.25, 0.25]},
								"east": {"uv": [21, 34], "uv_size": [0.5, 0.25]},
								"south": {"uv": [31, 12], "uv_size": [1.25, 0.25]},
								"west": {"uv": [34, 21], "uv_size": [0.5, 0.25]},
								"up": {"uv": [26, 4], "uv_size": [1.25, 0.5]},
								"down": {"uv": [26, 5.5], "uv_size": [1.25, -0.5]}
							}
						},
						{
							"origin": [-0.58614, 16.375, -2.1875],
							"size": [1.17228, 0.25, 0.375],
							"pivot": [0, 15.625, 0],
							"rotation": [0, -30, 0],
							"uv": {
								"north": {"uv": [31, 13], "uv_size": [1.25, 0.25]},
								"east": {"uv": [22, 34], "uv_size": [0.5, 0.25]},
								"south": {"uv": [14, 31], "uv_size": [1.25, 0.25]},
								"west": {"uv": [34, 22], "uv_size": [0.5, 0.25]},
								"up": {"uv": [26, 6], "uv_size": [1.25, 0.5]},
								"down": {"uv": [26, 7.5], "uv_size": [1.25, -0.5]}
							}
						},
						{
							"origin": [-0.58614, 16.375, 1.8125],
							"size": [1.17228, 0.25, 0.375],
							"uv": {
								"north": {"uv": [31, 14], "uv_size": [1.25, 0.25]},
								"east": {"uv": [23, 34], "uv_size": [0.5, 0.25]},
								"south": {"uv": [31, 15], "uv_size": [1.25, 0.25]},
								"west": {"uv": [34, 23], "uv_size": [0.5, 0.25]},
								"up": {"uv": [26, 8], "uv_size": [1.25, 0.5]},
								"down": {"uv": [26, 9.5], "uv_size": [1.25, -0.5]}
							}
						},
						{
							"origin": [-0.58614, 16.375, -2.1875],
							"size": [1.17228, 0.25, 0.375],
							"uv": {
								"north": {"uv": [16, 31], "uv_size": [1.25, 0.25]},
								"east": {"uv": [24, 34], "uv_size": [0.5, 0.25]},
								"south": {"uv": [31, 16], "uv_size": [1.25, 0.25]},
								"west": {"uv": [34, 24], "uv_size": [0.5, 0.25]},
								"up": {"uv": [26, 10], "uv_size": [1.25, 0.5]},
								"down": {"uv": [26, 11.5], "uv_size": [1.25, -0.5]}
							}
						},
						{
							"origin": [-0.58614, 11.375, -2.1875],
							"size": [1.17228, 0.25, 0.375],
							"pivot": [0, 10.625, 0],
							"rotation": [0, 90, 0],
							"uv": {
								"north": {"uv": [31, 17], "uv_size": [1.25, 0.25]},
								"east": {"uv": [25, 34], "uv_size": [0.5, 0.25]},
								"south": {"uv": [18, 31], "uv_size": [1.25, 0.25]},
								"west": {"uv": [34, 25], "uv_size": [0.5, 0.25]},
								"up": {"uv": [26, 12], "uv_size": [1.25, 0.5]},
								"down": {"uv": [26, 13.5], "uv_size": [1.25, -0.5]}
							}
						},
						{
							"origin": [-0.58614, 11.375, -2.1875],
							"size": [1.17228, 0.25, 0.375],
							"pivot": [0, 10.625, 0],
							"rotation": [0, 60, 0],
							"uv": {
								"north": {"uv": [31, 18], "uv_size": [1.25, 0.25]},
								"east": {"uv": [26, 34], "uv_size": [0.5, 0.25]},
								"south": {"uv": [31, 19], "uv_size": [1.25, 0.25]},
								"west": {"uv": [34, 26], "uv_size": [0.5, 0.25]},
								"up": {"uv": [26, 14], "uv_size": [1.25, 0.5]},
								"down": {"uv": [15, 26.5], "uv_size": [1.25, -0.5]}
							}
						},
						{
							"origin": [-0.58614, 11.375, -2.1875],
							"size": [1.17228, 0.25, 0.375],
							"pivot": [0, 10.625, 0],
							"rotation": [0, 30, 0],
							"uv": {
								"north": {"uv": [20, 31], "uv_size": [1.25, 0.25]},
								"east": {"uv": [27, 34], "uv_size": [0.5, 0.25]},
								"south": {"uv": [31, 20], "uv_size": [1.25, 0.25]},
								"west": {"uv": [34, 27], "uv_size": [0.5, 0.25]},
								"up": {"uv": [26, 15], "uv_size": [1.25, 0.5]},
								"down": {"uv": [26, 16.5], "uv_size": [1.25, -0.5]}
							}
						},
						{
							"origin": [-0.58614, 11.375, -2.1875],
							"size": [1.17228, 0.25, 0.375],
							"pivot": [0, 10.625, 0],
							"rotation": [0, -90, 0],
							"uv": {
								"north": {"uv": [31, 21], "uv_size": [1.25, 0.25]},
								"east": {"uv": [28, 34], "uv_size": [0.5, 0.25]},
								"south": {"uv": [22, 31], "uv_size": [1.25, 0.25]},
								"west": {"uv": [34, 28], "uv_size": [0.5, 0.25]},
								"up": {"uv": [26, 17], "uv_size": [1.25, 0.5]},
								"down": {"uv": [26, 18.5], "uv_size": [1.25, -0.5]}
							}
						},
						{
							"origin": [-0.58614, 11.375, -2.1875],
							"size": [1.17228, 0.25, 0.375],
							"pivot": [0, 10.625, 0],
							"rotation": [0, -60, 0],
							"uv": {
								"north": {"uv": [31, 22], "uv_size": [1.25, 0.25]},
								"east": {"uv": [29, 34], "uv_size": [0.5, 0.25]},
								"south": {"uv": [31, 23], "uv_size": [1.25, 0.25]},
								"west": {"uv": [34, 29], "uv_size": [0.5, 0.25]},
								"up": {"uv": [26, 19], "uv_size": [1.25, 0.5]},
								"down": {"uv": [20, 26.5], "uv_size": [1.25, -0.5]}
							}
						},
						{
							"origin": [-0.58614, 11.375, -2.1875],
							"size": [1.17228, 0.25, 0.375],
							"pivot": [0, 10.625, 0],
							"rotation": [0, -30, 0],
							"uv": {
								"north": {"uv": [24, 31], "uv_size": [1.25, 0.25]},
								"east": {"uv": [30, 34], "uv_size": [0.5, 0.25]},
								"south": {"uv": [31, 24], "uv_size": [1.25, 0.25]},
								"west": {"uv": [34, 30], "uv_size": [0.5, 0.25]},
								"up": {"uv": [26, 20], "uv_size": [1.25, 0.5]},
								"down": {"uv": [26, 21.5], "uv_size": [1.25, -0.5]}
							}
						},
						{
							"origin": [-0.58614, 11.375, 1.8125],
							"size": [1.17228, 0.25, 0.375],
							"uv": {
								"north": {"uv": [31, 25], "uv_size": [1.25, 0.25]},
								"east": {"uv": [31, 34], "uv_size": [0.5, 0.25]},
								"south": {"uv": [26, 31], "uv_size": [1.25, 0.25]},
								"west": {"uv": [34, 31], "uv_size": [0.5, 0.25]},
								"up": {"uv": [22, 26], "uv_size": [1.25, 0.5]},
								"down": {"uv": [26, 22.5], "uv_size": [1.25, -0.5]}
							}
						},
						{
							"origin": [-0.58614, 11.375, -2.1875],
							"size": [1.17228, 0.25, 0.375],
							"uv": {
								"north": {"uv": [31, 26], "uv_size": [1.25, 0.25]},
								"east": {"uv": [32, 34], "uv_size": [0.5, 0.25]},
								"south": {"uv": [31, 27], "uv_size": [1.25, 0.25]},
								"west": {"uv": [34, 32], "uv_size": [0.5, 0.25]},
								"up": {"uv": [26, 23], "uv_size": [1.25, 0.5]},
								"down": {"uv": [24, 26.5], "uv_size": [1.25, -0.5]}
							}
						},
						{
							"origin": [-0.125, 10.6875, -1.25],
							"size": [0.25, 0.25, 2.5],
							"pivot": [0, 10.8125, 0],
							"rotation": [0, 0, 45],
							"uv": {
								"north": {"uv": [35, 26], "uv_size": [0.25, 0.25]},
								"east": {"uv": [26, 26], "uv_size": [2.5, 0.25]},
								"south": {"uv": [27, 35], "uv_size": [0.25, 0.25]},
								"west": {"uv": [0, 27], "uv_size": [2.5, 0.25]},
								"up": {"uv": [4, 26], "uv_size": [0.25, 2.5]},
								"down": {"uv": [17, 28.5], "uv_size": [0.25, -2.5]}
							}
						},
						{
							"origin": [-1.25, 10.6875, -0.125],
							"size": [2.5, 0.25, 0.25],
							"pivot": [0, 10.8125, 0],
							"rotation": [-45, 0, 0],
							"uv": {
								"north": {"uv": [9, 27], "uv_size": [2.5, 0.25]},
								"east": {"uv": [35, 27], "uv_size": [0.25, 0.25]},
								"south": {"uv": [12, 27], "uv_size": [2.5, 0.25]},
								"west": {"uv": [28, 35], "uv_size": [0.25, 0.25]},
								"up": {"uv": [20, 27], "uv_size": [2.5, 0.25]},
								"down": {"uv": [23, 27.25], "uv_size": [2.5, -0.25]}
							}
						},
						{
							"origin": [-1.125, 10.375, -0.46599],
							"size": [2.25, 1.25, 0.93198],
							"uv": {
								"east": {"uv": [9, 23], "uv_size": [1, 1.25]},
								"west": {"uv": [23, 9], "uv_size": [1, 1.25]},
								"up": {"uv": [16, 3], "uv_size": [2.25, 1]},
								"down": {"uv": [16, 14], "uv_size": [2.25, -1]}
							}
						},
						{
							"origin": [-1.125, 10.375, -0.46599],
							"size": [2.25, 1.25, 0.93198],
							"pivot": [0, 10.875, 0],
							"rotation": [0, -45, 0],
							"uv": {
								"east": {"uv": [10, 23], "uv_size": [1, 1.25]},
								"west": {"uv": [11, 23], "uv_size": [1, 1.25]},
								"up": {"uv": [14, 16], "uv_size": [2.25, 1]},
								"down": {"uv": [16, 15], "uv_size": [2.25, -1]}
							}
						},
						{
							"origin": [-0.46599, 10.375, -1.125],
							"size": [0.93198, 1.25, 2.25],
							"uv": {
								"north": {"uv": [23, 11], "uv_size": [1, 1.25]},
								"south": {"uv": [23, 13], "uv_size": [1, 1.25]},
								"up": {"uv": [17, 0], "uv_size": [1, 2.25]},
								"down": {"uv": [17, 9.25], "uv_size": [1, -2.25]}
							}
						},
						{
							"origin": [-0.46599, 10.375, -1.125],
							"size": [0.93198, 1.25, 2.25],
							"pivot": [0, 10.875, 0],
							"rotation": [0, -45, 0],
							"uv": {
								"north": {"uv": [23, 15], "uv_size": [1, 1.25]},
								"south": {"uv": [23, 17], "uv_size": [1, 1.25]},
								"up": {"uv": [17, 10], "uv_size": [1, 2.25]},
								"down": {"uv": [14, 19.25], "uv_size": [1, -2.25]}
							}
						},
						{
							"origin": [-1.3125, 11, -0.54366],
							"size": [2.625, 0.1875, 1.08732],
							"uv": {
								"east": {"uv": [17, 32], "uv_size": [1, 0.25]},
								"west": {"uv": [18, 32], "uv_size": [1, 0.25]},
								"up": {"uv": [3, 15], "uv_size": [2.75, 1]},
								"down": {"uv": [15, 5], "uv_size": [2.75, -1]}
							}
						},
						{
							"origin": [-1.3125, 11, -0.54366],
							"size": [2.625, 0.1875, 1.08732],
							"pivot": [0, 11.09375, 0],
							"rotation": [0, -45, 0],
							"uv": {
								"east": {"uv": [19, 32], "uv_size": [1, 0.25]},
								"west": {"uv": [20, 32], "uv_size": [1, 0.25]},
								"up": {"uv": [15, 5], "uv_size": [2.75, 1]},
								"down": {"uv": [15, 7], "uv_size": [2.75, -1]}
							}
						},
						{
							"origin": [-0.54366, 11, -1.3125],
							"size": [1.08732, 0.1875, 2.625],
							"uv": {
								"north": {"uv": [21, 32], "uv_size": [1, 0.25]},
								"south": {"uv": [22, 32], "uv_size": [1, 0.25]},
								"up": {"uv": [15, 7], "uv_size": [1, 2.75]},
								"down": {"uv": [15, 12.75], "uv_size": [1, -2.75]}
							}
						},
						{
							"origin": [-0.54366, 11, -1.3125],
							"size": [1.08732, 0.1875, 2.625],
							"pivot": [0, 11.09375, 0],
							"rotation": [0, -45, 0],
							"uv": {
								"north": {"uv": [23, 32], "uv_size": [1, 0.25]},
								"south": {"uv": [24, 32], "uv_size": [1, 0.25]},
								"up": {"uv": [15, 13], "uv_size": [1, 2.75]},
								"down": {"uv": [16, 2.75], "uv_size": [1, -2.75]}
							}
						},
						{
							"origin": [-1.0625, 4.5, -0.0026],
							"size": [1, 3.125, 0.4427],
							"pivot": [-1.0625, 7.625, 0.4401],
							"rotation": [-1.9302, 0, -4.6669],
							"uv": {
								"north": {"uv": [2, 11], "uv_size": [1, 3.25]},
								"east": {"uv": [7, 19], "uv_size": [0.5, 3.25]},
								"south": {"uv": [3, 11], "uv_size": [1, 3.25]},
								"west": {"uv": [8, 19], "uv_size": [0.5, 3.25]},
								"up": {"uv": [15, 28], "uv_size": [1, 0.5]},
								"down": {"uv": [16, 28.5], "uv_size": [1, -0.5]}
							}
						},
						{
							"origin": [-1.0625, 4.5, -0.4401],
							"size": [1, 3.125, 0.4427],
							"inflate": 0.0005,
							"pivot": [-1.0625, 7.625, -0.4401],
							"rotation": [1.9302, 0, -4.6669],
							"uv": {
								"north": {"uv": [4, 11], "uv_size": [1, 3.25]},
								"east": {"uv": [9, 19], "uv_size": [0.5, 3.25]},
								"south": {"uv": [11, 4], "uv_size": [1, 3.25]},
								"west": {"uv": [10, 19], "uv_size": [0.5, 3.25]},
								"up": {"uv": [29, 10], "uv_size": [1, 0.5]},
								"down": {"uv": [12, 29.5], "uv_size": [1, -0.5]}
							}
						},
						{
							"origin": [-0.88281, 4.5, 0.0625],
							"size": [0.44271, 3.125, 1],
							"pivot": [-0.4401, 7.625, 1.0625],
							"rotation": [-6.5817, -44.8108, 2.7122],
							"uv": {
								"north": {"uv": [11, 19], "uv_size": [0.5, 3.25]},
								"east": {"uv": [5, 11], "uv_size": [1, 3.25]},
								"south": {"uv": [18, 19], "uv_size": [0.5, 3.25]},
								"west": {"uv": [11, 8], "uv_size": [1, 3.25]},
								"up": {"uv": [13, 29], "uv_size": [0.5, 1]},
								"down": {"uv": [14, 30], "uv_size": [0.5, -1]}
							}
						},
						{
							"origin": [-1.0625, 4.5, -0.5599],
							"size": [0.4427, 3.125, 1],
							"inflate": 0.0005,
							"pivot": [-1.0625, 7.625, 0.4401],
							"rotation": [-2.7362, -45.1246, -2.7271],
							"uv": {
								"north": {"uv": [19, 19], "uv_size": [0.5, 3.25]},
								"east": {"uv": [12, 0], "uv_size": [1, 3.25]},
								"south": {"uv": [0, 20], "uv_size": [0.5, 3.25]},
								"west": {"uv": [12, 4], "uv_size": [1, 3.25]},
								"up": {"uv": [15, 29], "uv_size": [0.5, 1]},
								"down": {"uv": [16, 30], "uv_size": [0.5, -1]}
							}
						},
						{
							"origin": [-0.0026, 4.5, 0.0625],
							"size": [0.4427, 3.125, 1],
							"pivot": [0.4401, 7.625, 1.0625],
							"rotation": [-4.6642, 0.157, 1.9238],
							"uv": {
								"north": {"uv": [20, 0], "uv_size": [0.5, 3.25]},
								"south": {"uv": [1, 20], "uv_size": [0.5, 3.25]},
								"west": {"uv": [12, 8], "uv_size": [1, 3.25]},
								"up": {"uv": [17, 29], "uv_size": [0.5, 1]},
								"down": {"uv": [18, 30], "uv_size": [0.5, -1]}
							}
						},
						{
							"origin": [-0.4401, 4.5, 0.0625],
							"size": [0.4427, 3.125, 1],
							"inflate": 0.0005,
							"pivot": [-0.4401, 7.625, 1.0625],
							"rotation": [-4.6642, -0.157, -1.9238],
							"uv": {
								"north": {"uv": [2, 20], "uv_size": [0.5, 3.25]},
								"east": {"uv": [9, 12], "uv_size": [1, 3.25]},
								"south": {"uv": [20, 13], "uv_size": [0.5, 3.25]},
								"up": {"uv": [19, 29], "uv_size": [0.5, 1]},
								"down": {"uv": [20, 30], "uv_size": [0.5, -1]}
							}
						},
						{
							"origin": [0.6198, 4.5, -0.5599],
							"size": [0.4427, 3.125, 1],
							"pivot": [1.0625, 7.625, 0.4401],
							"rotation": [-2.7362, 45.1246, 2.7271],
							"uv": {
								"north": {"uv": [14, 20], "uv_size": [0.5, 3.25]},
								"east": {"uv": [10, 12], "uv_size": [1, 3.25]},
								"south": {"uv": [20, 19], "uv_size": [0.5, 3.25]},
								"west": {"uv": [11, 12], "uv_size": [1, 3.25]},
								"up": {"uv": [21, 29], "uv_size": [0.5, 1]},
								"down": {"uv": [22, 30], "uv_size": [0.5, -1]}
							}
						},
						{
							"origin": [0.4401, 4.5, 0.0625],
							"size": [0.44271, 3.125, 1],
							"inflate": 0.0005,
							"pivot": [0.4401, 7.625, 1.0625],
							"rotation": [-6.5817, 44.8108, -2.7122],
							"uv": {
								"north": {"uv": [21, 0], "uv_size": [0.5, 3.25]},
								"east": {"uv": [12, 12], "uv_size": [1, 3.25]},
								"south": {"uv": [21, 4], "uv_size": [0.5, 3.25]},
								"west": {"uv": [13, 0], "uv_size": [1, 3.25]},
								"up": {"uv": [23, 29], "uv_size": [0.5, 1]},
								"down": {"uv": [24, 30], "uv_size": [0.5, -1]}
							}
						},
						{
							"origin": [-0.88281, 4.5, -1.0625],
							"size": [0.44271, 3.125, 1],
							"inflate": 0.0005,
							"pivot": [-0.4401, 7.625, -1.0625],
							"rotation": [6.5817, 44.8108, 2.7122],
							"uv": {
								"north": {"uv": [5, 21], "uv_size": [0.5, 3.25]},
								"east": {"uv": [13, 4], "uv_size": [1, 3.25]},
								"south": {"uv": [6, 21], "uv_size": [0.5, 3.25]},
								"west": {"uv": [13, 8], "uv_size": [1, 3.25]},
								"up": {"uv": [29, 24], "uv_size": [0.5, 1]},
								"down": {"uv": [25, 30], "uv_size": [0.5, -1]}
							}
						},
						{
							"origin": [-1.0625, 4.5, -0.4401],
							"size": [0.4427, 3.125, 1],
							"pivot": [-1.0625, 7.625, -0.4401],
							"rotation": [2.7362, 45.1246, -2.7271],
							"uv": {
								"north": {"uv": [21, 8], "uv_size": [0.5, 3.25]},
								"east": {"uv": [13, 12], "uv_size": [1, 3.25]},
								"south": {"uv": [12, 21], "uv_size": [0.5, 3.25]},
								"west": {"uv": [14, 0], "uv_size": [1, 3.25]},
								"up": {"uv": [29, 25], "uv_size": [0.5, 1]},
								"down": {"uv": [26, 30], "uv_size": [0.5, -1]}
							}
						},
						{
							"origin": [0.0625, 4.5, -0.0026],
							"size": [1, 3.125, 0.4427],
							"inflate": 0.0005,
							"pivot": [1.0625, 7.625, 0.4401],
							"rotation": [-1.9302, 0, 4.6669],
							"uv": {
								"north": {"uv": [14, 4], "uv_size": [1, 3.25]},
								"east": {"uv": [21, 12], "uv_size": [0.5, 3.25]},
								"south": {"uv": [6, 14], "uv_size": [1, 3.25]},
								"west": {"uv": [13, 21], "uv_size": [0.5, 3.25]},
								"up": {"uv": [29, 26], "uv_size": [1, 0.5]},
								"down": {"uv": [27, 29.5], "uv_size": [1, -0.5]}
							}
						},
						{
							"origin": [0.0625, 4.5, -0.4401],
							"size": [1, 3.125, 0.4427],
							"pivot": [1.0625, 7.625, -0.4401],
							"rotation": [1.9302, 0, 4.6669],
							"uv": {
								"north": {"uv": [7, 14], "uv_size": [1, 3.25]},
								"east": {"uv": [15, 21], "uv_size": [0.5, 3.25]},
								"south": {"uv": [8, 14], "uv_size": [1, 3.25]},
								"west": {"uv": [16, 21], "uv_size": [0.5, 3.25]},
								"up": {"uv": [28, 29], "uv_size": [1, 0.5]},
								"down": {"uv": [29, 29.5], "uv_size": [1, -0.5]}
							}
						},
						{
							"origin": [0.6198, 4.5, -0.4401],
							"size": [0.4427, 3.125, 1],
							"inflate": 0.0005,
							"pivot": [1.0625, 7.625, -0.4401],
							"rotation": [2.7362, -45.1246, 2.7271],
							"uv": {
								"north": {"uv": [21, 16], "uv_size": [0.5, 3.25]},
								"east": {"uv": [14, 8], "uv_size": [1, 3.25]},
								"south": {"uv": [17, 21], "uv_size": [0.5, 3.25]},
								"west": {"uv": [14, 12], "uv_size": [1, 3.25]},
								"up": {"uv": [0, 30], "uv_size": [0.5, 1]},
								"down": {"uv": [30, 1], "uv_size": [0.5, -1]}
							}
						},
						{
							"origin": [0.4401, 4.5, -1.0625],
							"size": [0.44271, 3.125, 1],
							"pivot": [0.4401, 7.625, -1.0625],
							"rotation": [6.5817, -44.8108, -2.7122],
							"uv": {
								"north": {"uv": [21, 20], "uv_size": [0.5, 3.25]},
								"east": {"uv": [0, 15], "uv_size": [1, 3.25]},
								"south": {"uv": [22, 0], "uv_size": [0.5, 3.25]},
								"west": {"uv": [15, 0], "uv_size": [1, 3.25]},
								"up": {"uv": [1, 30], "uv_size": [0.5, 1]},
								"down": {"uv": [30, 2], "uv_size": [0.5, -1]}
							}
						},
						{
							"origin": [-0.0026, 4.5, -1.0625],
							"size": [0.4427, 3.125, 1],
							"inflate": 0.0005,
							"pivot": [0.4401, 7.625, -1.0625],
							"rotation": [4.6642, -0.157, 1.9238],
							"uv": {
								"north": {"uv": [3, 22], "uv_size": [0.5, 3.25]},
								"south": {"uv": [4, 22], "uv_size": [0.5, 3.25]},
								"west": {"uv": [1, 15], "uv_size": [1, 3.25]},
								"up": {"uv": [2, 30], "uv_size": [0.5, 1]},
								"down": {"uv": [30, 3], "uv_size": [0.5, -1]}
							}
						},
						{
							"origin": [-0.4401, 4.5, -1.0625],
							"size": [0.4427, 3.125, 1],
							"pivot": [-0.4401, 7.625, -1.0625],
							"rotation": [4.6642, 0.157, -1.9238],
							"uv": {
								"north": {"uv": [22, 4], "uv_size": [0.5, 3.25]},
								"east": {"uv": [2, 15], "uv_size": [1, 3.25]},
								"south": {"uv": [22, 8], "uv_size": [0.5, 3.25]},
								"up": {"uv": [3, 30], "uv_size": [0.5, 1]},
								"down": {"uv": [30, 4], "uv_size": [0.5, -1]}
							}
						},
						{
							"origin": [-1.0625, 7.625, -0.4401],
							"size": [2.125, 2.75, 0.8802],
							"uv": {
								"east": {"uv": [3, 16], "uv_size": [1, 2.75]},
								"west": {"uv": [4, 16], "uv_size": [1, 2.75]},
								"down": {"uv": [16, 16], "uv_size": [2.25, -1]}
							}
						},
						{
							"origin": [-1.0625, 7.625, -0.4401],
							"size": [2.125, 2.75, 0.8802],
							"pivot": [0, 8.875, 0],
							"rotation": [0, -45, 0],
							"uv": {
								"east": {"uv": [5, 16], "uv_size": [1, 2.75]},
								"west": {"uv": [16, 7], "uv_size": [1, 2.75]},
								"down": {"uv": [15, 18], "uv_size": [2.25, -1]}
							}
						},
						{
							"origin": [-0.4401, 7.625, -1.0625],
							"size": [0.8802, 2.75, 2.125],
							"uv": {
								"north": {"uv": [9, 16], "uv_size": [1, 2.75]},
								"south": {"uv": [10, 16], "uv_size": [1, 2.75]},
								"down": {"uv": [18, 2.25], "uv_size": [1, -2.25]}
							}
						},
						{
							"origin": [-0.4401, 7.625, -1.0625],
							"size": [0.8802, 2.75, 2.125],
							"pivot": [0, 8.875, 0],
							"rotation": [0, -45, 0],
							"uv": {
								"north": {"uv": [16, 10], "uv_size": [1, 2.75]},
								"south": {"uv": [11, 16], "uv_size": [1, 2.75]},
								"down": {"uv": [18, 6.25], "uv_size": [1, -2.25]}
							}
						},
						{
							"origin": [-1, 1.1875, -0.41421],
							"size": [2, 1.3125, 0.82842],
							"uv": {
								"east": {"uv": [9, 25], "uv_size": [0.75, 1.25]},
								"west": {"uv": [10, 25], "uv_size": [0.75, 1.25]},
								"up": {"uv": [19, 6], "uv_size": [2, 0.75]},
								"down": {"uv": [19, 9.75], "uv_size": [2, -0.75]}
							}
						},
						{
							"origin": [-1, 1.1875, -0.41421],
							"size": [2, 1.3125, 0.82842],
							"pivot": [0, 1.84375, 0],
							"rotation": [0, -45, 0],
							"uv": {
								"east": {"uv": [11, 25], "uv_size": [0.75, 1.25]},
								"west": {"uv": [12, 25], "uv_size": [0.75, 1.25]},
								"up": {"uv": [19, 10], "uv_size": [2, 0.75]},
								"down": {"uv": [19, 11.75], "uv_size": [2, -0.75]}
							}
						},
						{
							"origin": [-0.41421, 1.1875, -1],
							"size": [0.82842, 1.3125, 2],
							"uv": {
								"north": {"uv": [25, 12], "uv_size": [0.75, 1.25]},
								"south": {"uv": [13, 25], "uv_size": [0.75, 1.25]},
								"up": {"uv": [19, 13], "uv_size": [0.75, 2]},
								"down": {"uv": [20, 6], "uv_size": [0.75, -2]}
							}
						},
						{
							"origin": [-0.41421, 1.1875, -1],
							"size": [0.82842, 1.3125, 2],
							"pivot": [0, 1.84375, 0],
							"rotation": [0, -45, 0],
							"uv": {
								"north": {"uv": [14, 25], "uv_size": [0.75, 1.25]},
								"south": {"uv": [25, 14], "uv_size": [0.75, 1.25]},
								"up": {"uv": [22, 12], "uv_size": [0.75, 2]},
								"down": {"uv": [22, 16], "uv_size": [0.75, -2]}
							}
						},
						{
							"origin": [0.75, 2.5, -0.00796],
							"size": [0.25, 0.75, 0.42217],
							"pivot": [1, 2.5, 0.41421],
							"rotation": [6.78717, 0, -16.69924],
							"uv": {
								"east": {"uv": [11, 30], "uv_size": [0.5, 0.75]},
								"west": {"uv": [12, 30], "uv_size": [0.5, 0.75]},
								"up": {"uv": [33, 34], "uv_size": [0.25, 0.5]}
							}
						},
						{
							"origin": [0.75, 2.5, -0.41421],
							"size": [0.25, 0.75, 0.42217],
							"inflate": 0.001,
							"pivot": [1, 2.5, -0.41421],
							"rotation": [-6.78717, 0, -16.69924],
							"uv": {
								"east": {"uv": [13, 30], "uv_size": [0.5, 0.75]},
								"west": {"uv": [14, 30], "uv_size": [0.5, 0.75]},
								"up": {"uv": [34, 33], "uv_size": [0.25, 0.5]}
							}
						},
						{
							"origin": [0.75, 2.5, 0.41422],
							"size": [0.25, 0.75, 0.42217],
							"inflate": 0.001,
							"pivot": [1, 2.5, 0.41422],
							"rotation": [9.24472, -42.63188, -22.98977],
							"uv": {
								"east": {"uv": [15, 30], "uv_size": [0.5, 0.75]},
								"west": {"uv": [16, 30], "uv_size": [0.5, 0.75]},
								"up": {"uv": [34, 34], "uv_size": [0.25, 0.5]}
							}
						},
						{
							"origin": [0.16422, 2.5, 0.57783],
							"size": [0.25, 0.75, 0.42217],
							"pivot": [0.41422, 2.5, 1],
							"rotation": [22.81906, -42.63188, -22.98977],
							"uv": {
								"east": {"uv": [17, 30], "uv_size": [0.5, 0.75]},
								"west": {"uv": [18, 30], "uv_size": [0.5, 0.75]},
								"up": {"uv": [0, 35], "uv_size": [0.25, 0.5]}
							}
						},
						{
							"origin": [0.41422, 2.5, -1],
							"size": [0.42217, 0.75, 0.25],
							"inflate": 0.001,
							"pivot": [0.41422, 2.5, -1],
							"rotation": [-22.84486, -42.69836, 8.86019],
							"uv": {
								"north": {"uv": [19, 30], "uv_size": [0.5, 0.75]},
								"south": {"uv": [20, 30], "uv_size": [0.5, 0.75]},
								"up": {"uv": [35, 0], "uv_size": [0.5, 0.25]}
							}
						},
						{
							"origin": [0.57783, 2.5, -0.41422],
							"size": [0.42217, 0.75, 0.25],
							"pivot": [1, 2.5, -0.41422],
							"rotation": [-9.89913, -46.56578, -9.47665],
							"uv": {
								"north": {"uv": [21, 30], "uv_size": [0.5, 0.75]},
								"south": {"uv": [22, 30], "uv_size": [0.5, 0.75]},
								"up": {"uv": [1, 35], "uv_size": [0.5, 0.25]}
							}
						},
						{
							"origin": [-0.41422, 2.5, 0.57783],
							"size": [0.25, 0.75, 0.42217],
							"inflate": 0.001,
							"pivot": [-0.41422, 2.5, 1],
							"rotation": [22.81906, 42.63188, 22.98977],
							"uv": {
								"east": {"uv": [23, 30], "uv_size": [0.5, 0.75]},
								"west": {"uv": [24, 30], "uv_size": [0.5, 0.75]},
								"up": {"uv": [35, 1], "uv_size": [0.25, 0.5]}
							}
						},
						{
							"origin": [-1, 2.5, 0.41422],
							"size": [0.25, 0.75, 0.42217],
							"pivot": [-1, 2.5, 0.41422],
							"rotation": [9.24472, 42.63188, 22.98977],
							"uv": {
								"east": {"uv": [30, 24], "uv_size": [0.5, 0.75]},
								"west": {"uv": [25, 30], "uv_size": [0.5, 0.75]},
								"up": {"uv": [2, 35], "uv_size": [0.25, 0.5]}
							}
						},
						{
							"origin": [-1, 2.5, -0.00796],
							"size": [0.25, 0.75, 0.42217],
							"inflate": 0.001,
							"pivot": [-1, 2.5, 0.41421],
							"rotation": [6.78717, 0, 16.69924],
							"uv": {
								"east": {"uv": [30, 25], "uv_size": [0.5, 0.75]},
								"west": {"uv": [26, 30], "uv_size": [0.5, 0.75]},
								"up": {"uv": [35, 2], "uv_size": [0.25, 0.5]}
							}
						},
						{
							"origin": [-1, 2.5, -0.41421],
							"size": [0.25, 0.75, 0.42217],
							"pivot": [-1, 2.5, -0.41421],
							"rotation": [-6.78717, 0, 16.69924],
							"uv": {
								"east": {"uv": [30, 26], "uv_size": [0.5, 0.75]},
								"west": {"uv": [27, 30], "uv_size": [0.5, 0.75]},
								"up": {"uv": [3, 35], "uv_size": [0.25, 0.5]}
							}
						},
						{
							"origin": [-0.00796, 2.5, -1],
							"size": [0.42217, 0.75, 0.25],
							"pivot": [0.41421, 2.5, -1],
							"rotation": [-16.69924, 0, -6.78717],
							"uv": {
								"north": {"uv": [28, 30], "uv_size": [0.5, 0.75]},
								"south": {"uv": [30, 28], "uv_size": [0.5, 0.75]},
								"up": {"uv": [35, 3], "uv_size": [0.5, 0.25]}
							}
						},
						{
							"origin": [-0.41421, 2.5, -1],
							"size": [0.42217, 0.75, 0.25],
							"inflate": 0.001,
							"pivot": [-0.41421, 2.5, -1],
							"rotation": [-16.69924, 0, 6.78717],
							"uv": {
								"north": {"uv": [29, 30], "uv_size": [0.5, 0.75]},
								"south": {"uv": [30, 29], "uv_size": [0.5, 0.75]},
								"up": {"uv": [4, 35], "uv_size": [0.5, 0.25]}
							}
						},
						{
							"origin": [-0.00796, 2.5, 0.75],
							"size": [0.42217, 0.75, 0.25],
							"inflate": 0.001,
							"pivot": [0.41421, 2.5, 1],
							"rotation": [16.69924, 0, -6.78717],
							"uv": {
								"north": {"uv": [30, 30], "uv_size": [0.5, 0.75]},
								"south": {"uv": [0, 31], "uv_size": [0.5, 0.75]},
								"up": {"uv": [35, 4], "uv_size": [0.5, 0.25]}
							}
						},
						{
							"origin": [-0.41421, 2.5, 0.75],
							"size": [0.42217, 0.75, 0.25],
							"pivot": [-0.41421, 2.5, 1],
							"rotation": [16.69924, 0, 6.78717],
							"uv": {
								"north": {"uv": [31, 0], "uv_size": [0.5, 0.75]},
								"south": {"uv": [1, 31], "uv_size": [0.5, 0.75]},
								"up": {"uv": [5, 35], "uv_size": [0.5, 0.25]}
							}
						},
						{
							"origin": [-0.83639, 2.5, -1],
							"size": [0.42217, 0.75, 0.25],
							"pivot": [-0.41422, 2.5, -1],
							"rotation": [-22.84486, 42.69836, -8.86019],
							"uv": {
								"north": {"uv": [31, 1], "uv_size": [0.5, 0.75]},
								"south": {"uv": [2, 31], "uv_size": [0.5, 0.75]},
								"up": {"uv": [35, 5], "uv_size": [0.5, 0.25]}
							}
						},
						{
							"origin": [-1, 2.5, -0.41422],
							"size": [0.42217, 0.75, 0.25],
							"inflate": 0.001,
							"pivot": [-1, 2.5, -0.41422],
							"rotation": [-9.89913, 46.56578, 9.47665],
							"uv": {
								"north": {"uv": [31, 2], "uv_size": [0.5, 0.75]},
								"south": {"uv": [3, 31], "uv_size": [0.5, 0.75]},
								"up": {"uv": [6, 35], "uv_size": [0.5, 0.25]}
							}
						},
						{
							"origin": [-0.4401, 0.3125, 0.1823],
							"size": [0.25, 0.875, 0.8802],
							"pivot": [-0.4401, 1.1875, 1.0625],
							"rotation": [-6.9483, 44.5745, -9.8508],
							"uv": {
								"north": {"uv": [25, 32], "uv_size": [0.25, 1]},
								"east": {"uv": [24, 5], "uv_size": [1, 1]},
								"south": {"uv": [26, 32], "uv_size": [0.25, 1]},
								"west": {"uv": [24, 6], "uv_size": [1, 1]},
								"up": {"uv": [27, 32], "uv_size": [0.25, 1]},
								"down": {"uv": [28, 33], "uv_size": [0.25, -1]}
							}
						},
						{
							"origin": [-1.0625, 0.3125, -0.4401],
							"size": [0.25, 0.875, 0.8802],
							"pivot": [-1.0625, 1.1875, 0.4401],
							"rotation": [0, 0, -5],
							"uv": {
								"east": {"uv": [24, 7], "uv_size": [1, 1]},
								"west": {"uv": [24, 8], "uv_size": [1, 1]},
								"up": {"uv": [29, 32], "uv_size": [0.25, 1]},
								"down": {"uv": [30, 33], "uv_size": [0.25, -1]}
							}
						},
						{
							"origin": [-1.0625, 0.3125, -0.4401],
							"size": [0.8802, 0.875, 0.25],
							"pivot": [-1.0625, 1.1875, -0.4401],
							"rotation": [7, 45, 0],
							"uv": {
								"north": {"uv": [24, 9], "uv_size": [1, 1]},
								"east": {"uv": [31, 32], "uv_size": [0.25, 1]},
								"south": {"uv": [24, 10], "uv_size": [1, 1]},
								"west": {"uv": [32, 31], "uv_size": [0.25, 1]},
								"up": {"uv": [32, 32], "uv_size": [1, 0.25]},
								"down": {"uv": [0, 33.25], "uv_size": [1, -0.25]}
							}
						},
						{
							"origin": [0.8125, 0.3125, -0.4401],
							"size": [0.25, 0.875, 0.8802],
							"pivot": [1.0625, 1.1875, 0.4401],
							"rotation": [0, 0, 5],
							"uv": {
								"east": {"uv": [24, 11], "uv_size": [1, 1]},
								"west": {"uv": [24, 12], "uv_size": [1, 1]},
								"up": {"uv": [1, 33], "uv_size": [0.25, 1]},
								"down": {"uv": [2, 34], "uv_size": [0.25, -1]}
							}
						},
						{
							"origin": [0.1901, 0.3125, 0.1823],
							"size": [0.25, 0.875, 0.8802],
							"pivot": [0.4401, 1.1875, 1.0625],
							"rotation": [-6.9483, -44.5745, 9.8508],
							"uv": {
								"north": {"uv": [3, 33], "uv_size": [0.25, 1]},
								"east": {"uv": [24, 13], "uv_size": [1, 1]},
								"south": {"uv": [4, 33], "uv_size": [0.25, 1]},
								"west": {"uv": [14, 24], "uv_size": [1, 1]},
								"up": {"uv": [5, 33], "uv_size": [0.25, 1]},
								"down": {"uv": [33, 6], "uv_size": [0.25, -1]}
							}
						},
						{
							"origin": [-0.4401, 0.3125, 0.8125],
							"size": [0.8802, 0.875, 0.25],
							"pivot": [0.4401, 1.1875, 1.0625],
							"rotation": [-5, 0, 0],
							"uv": {
								"north": {"uv": [24, 14], "uv_size": [1, 1]},
								"south": {"uv": [24, 15], "uv_size": [1, 1]},
								"up": {"uv": [6, 33], "uv_size": [1, 0.25]},
								"down": {"uv": [33, 6.25], "uv_size": [1, -0.25]}
							}
						},
						{
							"origin": [-0.4401, 0.3125, -1.0625],
							"size": [0.8802, 0.875, 0.25],
							"pivot": [0.4401, 1.1875, -1.0625],
							"rotation": [5, 0, 0],
							"uv": {
								"north": {"uv": [24, 16], "uv_size": [1, 1]},
								"south": {"uv": [24, 17], "uv_size": [1, 1]},
								"up": {"uv": [7, 33], "uv_size": [1, 0.25]},
								"down": {"uv": [33, 7.25], "uv_size": [1, -0.25]}
							}
						},
						{
							"origin": [0.1823, 0.3125, -0.4401],
							"size": [0.8802, 0.875, 0.25],
							"pivot": [1.0625, 1.1875, -0.4401],
							"rotation": [7, -45, 0],
							"uv": {
								"north": {"uv": [24, 18], "uv_size": [1, 1]},
								"east": {"uv": [8, 33], "uv_size": [0.25, 1]},
								"south": {"uv": [24, 19], "uv_size": [1, 1]},
								"west": {"uv": [33, 8], "uv_size": [0.25, 1]},
								"up": {"uv": [9, 33], "uv_size": [1, 0.25]},
								"down": {"uv": [10, 33.25], "uv_size": [1, -0.25]}
							}
						},
						{
							"origin": [-0.8125, 3.125, -0.33655],
							"size": [1.625, 1.4375, 0.6731],
							"uv": {
								"east": {"uv": [20, 23], "uv_size": [0.75, 1.5]},
								"west": {"uv": [22, 23], "uv_size": [0.75, 1.5]},
								"up": {"uv": [22, 20], "uv_size": [1.75, 0.75]},
								"down": {"uv": [22, 21.75], "uv_size": [1.75, -0.75]}
							}
						},
						{
							"origin": [-0.8125, 3.125, -0.33655],
							"size": [1.625, 1.4375, 0.6731],
							"pivot": [0, 3.59375, 0],
							"rotation": [0, -45, 0],
							"uv": {
								"east": {"uv": [23, 23], "uv_size": [0.75, 1.5]},
								"west": {"uv": [0, 24], "uv_size": [0.75, 1.5]},
								"up": {"uv": [22, 22], "uv_size": [1.75, 0.75]},
								"down": {"uv": [23, 0.75], "uv_size": [1.75, -0.75]}
							}
						},
						{
							"origin": [-0.33655, 3.125, -0.8125],
							"size": [0.6731, 1.4375, 1.625],
							"uv": {
								"north": {"uv": [1, 24], "uv_size": [0.75, 1.5]},
								"south": {"uv": [24, 1], "uv_size": [0.75, 1.5]},
								"up": {"uv": [23, 1], "uv_size": [0.75, 1.75]},
								"down": {"uv": [23, 4.75], "uv_size": [0.75, -1.75]}
							}
						},
						{
							"origin": [-0.33655, 3.125, -0.8125],
							"size": [0.6731, 1.4375, 1.625],
							"pivot": [0, 3.59375, 0],
							"rotation": [0, -45, 0],
							"uv": {
								"north": {"uv": [2, 24], "uv_size": [0.75, 1.5]},
								"south": {"uv": [24, 3], "uv_size": [0.75, 1.5]},
								"up": {"uv": [23, 5], "uv_size": [0.75, 1.75]},
								"down": {"uv": [7, 24.75], "uv_size": [0.75, -1.75]}
							}
						},
						{
							"origin": [-0.58614, 16.375, -2.1875],
							"size": [1.17228, 0.25, 0.375],
							"pivot": [0, 15.625, 0],
							"rotation": [-180, -30, 180],
							"uv": {
								"north": {"uv": [28, 31], "uv_size": [1.25, 0.25]},
								"east": {"uv": [35, 6], "uv_size": [0.5, 0.25]},
								"south": {"uv": [31, 28], "uv_size": [1.25, 0.25]},
								"west": {"uv": [7, 35], "uv_size": [0.5, 0.25]},
								"up": {"uv": [15, 27], "uv_size": [1.25, 0.5]},
								"down": {"uv": [27, 24.5], "uv_size": [1.25, -0.5]}
							}
						},
						{
							"origin": [-0.58614, 11.375, -2.1875],
							"size": [1.17228, 0.25, 0.375],
							"pivot": [0, 10.625, 0],
							"rotation": [-180, -30, 180],
							"uv": {
								"north": {"uv": [31, 29], "uv_size": [1.25, 0.25]},
								"east": {"uv": [35, 7], "uv_size": [0.5, 0.25]},
								"south": {"uv": [30, 31], "uv_size": [1.25, 0.25]},
								"west": {"uv": [8, 35], "uv_size": [0.5, 0.25]},
								"up": {"uv": [27, 25], "uv_size": [1.25, 0.5]},
								"down": {"uv": [26, 27.5], "uv_size": [1.25, -0.5]}
							}
						},
						{
							"origin": [-0.5359, 11.625, -2],
							"size": [1.0718, 4.75, 4],
							"pivot": [0, 15.375, 0],
							"rotation": [-180, -30, 180],
							"uv": {
								"north": {"uv": [8, 0], "uv_size": [1, 4.75]},
								"south": {"uv": [8, 5], "uv_size": [1, 4.75]},
								"up": {"uv": [11, 0], "uv_size": [1, 4]},
								"down": {"uv": [1, 15], "uv_size": [1, -4]}
							}
						},
						{
							"origin": [-0.58614, 16.375, -2.1875],
							"size": [1.17228, 0.25, 0.375],
							"pivot": [0, 15.625, 0],
							"rotation": [-180, -60, 180],
							"uv": {
								"north": {"uv": [31, 30], "uv_size": [1.25, 0.25]},
								"east": {"uv": [35, 8], "uv_size": [0.5, 0.25]},
								"south": {"uv": [0, 32], "uv_size": [1.25, 0.25]},
								"west": {"uv": [9, 35], "uv_size": [0.5, 0.25]},
								"up": {"uv": [0, 28], "uv_size": [1.25, 0.5]},
								"down": {"uv": [28, 0.5], "uv_size": [1.25, -0.5]}
							}
						},
						{
							"origin": [-0.58614, 11.375, -2.1875],
							"size": [1.17228, 0.25, 0.375],
							"pivot": [0, 10.625, 0],
							"rotation": [-180, -60, 180],
							"uv": {
								"north": {"uv": [32, 0], "uv_size": [1.25, 0.25]},
								"east": {"uv": [35, 9], "uv_size": [0.5, 0.25]},
								"south": {"uv": [32, 1], "uv_size": [1.25, 0.25]},
								"west": {"uv": [10, 35], "uv_size": [0.5, 0.25]},
								"up": {"uv": [28, 1], "uv_size": [1.25, 0.5]},
								"down": {"uv": [2, 28.5], "uv_size": [1.25, -0.5]}
							}
						},
						{
							"origin": [-0.58614, 16.375, -2.1875],
							"size": [1.17228, 0.25, 0.375],
							"pivot": [0, 15.625, 0],
							"rotation": [-180, 30, 180],
							"uv": {
								"north": {"uv": [2, 32], "uv_size": [1.25, 0.25]},
								"east": {"uv": [35, 10], "uv_size": [0.5, 0.25]},
								"south": {"uv": [32, 2], "uv_size": [1.25, 0.25]},
								"west": {"uv": [11, 35], "uv_size": [0.5, 0.25]},
								"up": {"uv": [28, 2], "uv_size": [1.25, 0.5]},
								"down": {"uv": [28, 3.5], "uv_size": [1.25, -0.5]}
							}
						},
						{
							"origin": [-0.58614, 16.375, -2.1875],
							"size": [1.17228, 0.25, 0.375],
							"pivot": [0, 15.625, 0],
							"rotation": [-180, 60, 180],
							"uv": {
								"north": {"uv": [32, 3], "uv_size": [1.25, 0.25]},
								"east": {"uv": [35, 11], "uv_size": [0.5, 0.25]},
								"south": {"uv": [32, 4], "uv_size": [1.25, 0.25]},
								"west": {"uv": [12, 35], "uv_size": [0.5, 0.25]},
								"up": {"uv": [28, 4], "uv_size": [1.25, 0.5]},
								"down": {"uv": [28, 5.5], "uv_size": [1.25, -0.5]}
							}
						},
						{
							"origin": [-0.58614, 11.375, -2.1875],
							"size": [1.17228, 0.25, 0.375],
							"pivot": [0, 10.625, 0],
							"rotation": [-180, 30, 180],
							"uv": {
								"north": {"uv": [5, 32], "uv_size": [1.25, 0.25]},
								"east": {"uv": [35, 12], "uv_size": [0.5, 0.25]},
								"south": {"uv": [7, 32], "uv_size": [1.25, 0.25]},
								"west": {"uv": [13, 35], "uv_size": [0.5, 0.25]},
								"up": {"uv": [28, 6], "uv_size": [1.25, 0.5]},
								"down": {"uv": [28, 7.5], "uv_size": [1.25, -0.5]}
							}
						},
						{
							"origin": [-0.58614, 11.375, -2.1875],
							"size": [1.17228, 0.25, 0.375],
							"pivot": [0, 10.625, 0],
							"rotation": [-180, 60, 180],
							"uv": {
								"north": {"uv": [9, 32], "uv_size": [1.25, 0.25]},
								"east": {"uv": [35, 13], "uv_size": [0.5, 0.25]},
								"south": {"uv": [32, 9], "uv_size": [1.25, 0.25]},
								"west": {"uv": [14, 35], "uv_size": [0.5, 0.25]},
								"up": {"uv": [28, 8], "uv_size": [1.25, 0.5]},
								"down": {"uv": [9, 28.5], "uv_size": [1.25, -0.5]}
							}
						}
					]
				},
				{
					"name": "cap",
					"parent": "r",
					"pivot": [0, 0.38125, 0],
					"cubes": [
						{
							"origin": [-0.4401, 0.125, 1],
							"size": [0.8802, 0.6875, 0.0625],
							"pivot": [0, 0.46875, 0],
							"rotation": [0, -45, 0],
							"uv": {
								"north": {"uv": [15, 25], "uv_size": [1, 0.75]},
								"south": {"uv": [16, 25], "uv_size": [1, 0.75]},
								"up": {"uv": [33, 10], "uv_size": [1, 0.25]},
								"down": {"uv": [11, 33.25], "uv_size": [1, -0.25]}
							}
						},
						{
							"origin": [-0.4401, 0.125, 1],
							"size": [0.8802, 0.6875, 0.0625],
							"uv": {
								"north": {"uv": [25, 16], "uv_size": [1, 0.75]},
								"south": {"uv": [17, 25], "uv_size": [1, 0.75]},
								"up": {"uv": [33, 11], "uv_size": [1, 0.25]}
							}
						},
						{
							"origin": [1, 0.125, -0.4401],
							"size": [0.0625, 0.6875, 0.8802],
							"pivot": [0, 0.46875, 0],
							"rotation": [0, -45, 0],
							"uv": {
								"east": {"uv": [25, 17], "uv_size": [1, 0.75]},
								"west": {"uv": [25, 18], "uv_size": [1, 0.75]},
								"up": {"uv": [12, 33], "uv_size": [0.25, 1]},
								"down": {"uv": [33, 13], "uv_size": [0.25, -1]}
							}
						},
						{
							"origin": [-1.0625, 0.125, -0.4401],
							"size": [0.0625, 0.6875, 0.8802],
							"pivot": [0, 0.46875, 0],
							"rotation": [0, -45, 0],
							"uv": {
								"east": {"uv": [25, 19], "uv_size": [1, 0.75]},
								"west": {"uv": [20, 25], "uv_size": [1, 0.75]},
								"up": {"uv": [13, 33], "uv_size": [0.25, 1]},
								"down": {"uv": [33, 14], "uv_size": [0.25, -1]}
							}
						},
						{
							"origin": [-0.4401, 0.125, -1.0625],
							"size": [0.8802, 0.6875, 0.0625],
							"uv": {
								"north": {"uv": [25, 20], "uv_size": [1, 0.75]},
								"south": {"uv": [21, 25], "uv_size": [1, 0.75]},
								"up": {"uv": [14, 33], "uv_size": [1, 0.25]}
							}
						},
						{
							"origin": [-0.4401, 0.125, -1.0625],
							"size": [0.8802, 0.6875, 0.0625],
							"pivot": [0, 0.46875, 0],
							"rotation": [0, -45, 0],
							"uv": {
								"north": {"uv": [25, 21], "uv_size": [1, 0.75]},
								"south": {"uv": [22, 25], "uv_size": [1, 0.75]},
								"up": {"uv": [33, 14], "uv_size": [1, 0.25]},
								"down": {"uv": [15, 33.25], "uv_size": [1, -0.25]}
							}
						},
						{
							"origin": [1, 0.125, -0.4401],
							"size": [0.0625, 0.6875, 0.8802],
							"uv": {
								"east": {"uv": [25, 22], "uv_size": [1, 0.75]},
								"west": {"uv": [23, 25], "uv_size": [1, 0.75]},
								"up": {"uv": [33, 15], "uv_size": [0.25, 1]}
							}
						},
						{
							"origin": [-1.0625, 0.125, -0.4401],
							"size": [0.0625, 0.6875, 0.8802],
							"uv": {
								"east": {"uv": [25, 23], "uv_size": [1, 0.75]},
								"west": {"uv": [24, 25], "uv_size": [1, 0.75]},
								"up": {"uv": [16, 33], "uv_size": [0.25, 1]}
							}
						},
						{
							"origin": [-1.0625, -0.0625, -1.0625],
							"size": [2.125, 0.1875, 2.125],
							"inflate": 0.001,
							"uv": {
								"north": {"uv": [28, 11], "uv_size": [2.25, 0.25]},
								"east": {"uv": [12, 28], "uv_size": [2.25, 0.25]},
								"south": {"uv": [28, 12], "uv_size": [2.25, 0.25]},
								"west": {"uv": [28, 13], "uv_size": [2.25, 0.25]},
								"up": {"uv": [0, 0], "uv_size": [2.25, 2.25]},
								"down": {"uv": [0, 5.25], "uv_size": [2.25, -2.25]}
							}
						},
						{
							"origin": [-1.0625, -0.0625, -1.0625],
							"size": [2.125, 0.1875, 2.125],
							"pivot": [0, 0.03125, 0],
							"rotation": [0, 45, 0],
							"uv": {
								"north": {"uv": [28, 14], "uv_size": [2.25, 0.25]},
								"east": {"uv": [28, 15], "uv_size": [2.25, 0.25]},
								"south": {"uv": [28, 16], "uv_size": [2.25, 0.25]},
								"west": {"uv": [28, 17], "uv_size": [2.25, 0.25]},
								"up": {"uv": [3, 0], "uv_size": [2.25, 2.25]},
								"down": {"uv": [3, 5.25], "uv_size": [2.25, -2.25]}
							}
						},
						{
							"origin": [-1.125, 0.3125, -0.46599],
							"size": [2.25, 0.0625, 0.93198],
							"uv": {
								"north": {"uv": [18, 28], "uv_size": [2.25, 0.25]},
								"east": {"uv": [33, 16], "uv_size": [1, 0.25]},
								"south": {"uv": [28, 18], "uv_size": [2.25, 0.25]},
								"west": {"uv": [17, 33], "uv_size": [1, 0.25]},
								"up": {"uv": [17, 16], "uv_size": [2.25, 1]},
								"down": {"uv": [6, 19], "uv_size": [2.25, -1]}
							}
						},
						{
							"origin": [-1.125, 0.3125, -0.46599],
							"size": [2.25, 0.0625, 0.93198],
							"pivot": [0, 0.34375, 0],
							"rotation": [0, -45, 0],
							"uv": {
								"north": {"uv": [28, 19], "uv_size": [2.25, 0.25]},
								"east": {"uv": [33, 17], "uv_size": [1, 0.25]},
								"south": {"uv": [28, 20], "uv_size": [2.25, 0.25]},
								"west": {"uv": [18, 33], "uv_size": [1, 0.25]},
								"up": {"uv": [18, 7], "uv_size": [2.25, 1]},
								"down": {"uv": [18, 9], "uv_size": [2.25, -1]}
							}
						},
						{
							"origin": [-0.46599, 0.3125, -1.125],
							"size": [0.93198, 0.0625, 2.25],
							"uv": {
								"north": {"uv": [33, 18], "uv_size": [1, 0.25]},
								"east": {"uv": [21, 28], "uv_size": [2.25, 0.25]},
								"south": {"uv": [19, 33], "uv_size": [1, 0.25]},
								"west": {"uv": [28, 21], "uv_size": [2.25, 0.25]},
								"up": {"uv": [18, 9], "uv_size": [1, 2.25]},
								"down": {"uv": [15, 20.25], "uv_size": [1, -2.25]}
							}
						},
						{
							"origin": [-0.46599, 0.3125, -1.125],
							"size": [0.93198, 0.0625, 2.25],
							"pivot": [0, 0.34375, 0],
							"rotation": [0, -45, 0],
							"uv": {
								"north": {"uv": [33, 19], "uv_size": [1, 0.25]},
								"east": {"uv": [28, 22], "uv_size": [2.25, 0.25]},
								"south": {"uv": [20, 33], "uv_size": [1, 0.25]},
								"west": {"uv": [28, 23], "uv_size": [2.25, 0.25]},
								"up": {"uv": [16, 18], "uv_size": [1, 2.25]},
								"down": {"uv": [17, 20.25], "uv_size": [1, -2.25]}
							}
						},
						{
							"origin": [-1.125, 0.5625, -0.46599],
							"size": [2.25, 0.0625, 0.93198],
							"inflate": 0.0005,
							"uv": {
								"north": {"uv": [24, 28], "uv_size": [2.25, 0.25]},
								"east": {"uv": [33, 20], "uv_size": [1, 0.25]},
								"south": {"uv": [27, 28], "uv_size": [2.25, 0.25]},
								"west": {"uv": [21, 33], "uv_size": [1, 0.25]},
								"up": {"uv": [18, 12], "uv_size": [2.25, 1]},
								"down": {"uv": [18, 18], "uv_size": [2.25, -1]}
							}
						},
						{
							"origin": [-1.125, 0.5625, -0.46599],
							"size": [2.25, 0.0625, 0.93198],
							"pivot": [0, 0.59375, 0],
							"rotation": [0, -45, 0],
							"uv": {
								"north": {"uv": [28, 27], "uv_size": [2.25, 0.25]},
								"east": {"uv": [33, 21], "uv_size": [1, 0.25]},
								"south": {"uv": [0, 29], "uv_size": [2.25, 0.25]},
								"west": {"uv": [22, 33], "uv_size": [1, 0.25]},
								"up": {"uv": [18, 18], "uv_size": [2.25, 1]},
								"down": {"uv": [0, 20], "uv_size": [2.25, -1]}
							}
						},
						{
							"origin": [-0.46599, 0.5625, -1.125],
							"size": [0.93198, 0.0625, 2.25],
							"inflate": 0.001,
							"uv": {
								"north": {"uv": [33, 22], "uv_size": [1, 0.25]},
								"east": {"uv": [3, 29], "uv_size": [2.25, 0.25]},
								"south": {"uv": [23, 33], "uv_size": [1, 0.25]},
								"west": {"uv": [6, 29], "uv_size": [2.25, 0.25]},
								"up": {"uv": [19, 0], "uv_size": [1, 2.25]},
								"down": {"uv": [3, 21.25], "uv_size": [1, -2.25]}
							}
						},
						{
							"origin": [-0.46599, 0.5625, -1.125],
							"size": [0.93198, 0.0625, 2.25],
							"pivot": [0, 0.59375, 0],
							"rotation": [0, -45, 0],
							"uv": {
								"north": {"uv": [33, 23], "uv_size": [1, 0.25]},
								"east": {"uv": [9, 29], "uv_size": [2.25, 0.25]},
								"south": {"uv": [24, 33], "uv_size": [1, 0.25]},
								"west": {"uv": [29, 9], "uv_size": [2.25, 0.25]},
								"up": {"uv": [19, 3], "uv_size": [1, 2.25]},
								"down": {"uv": [4, 21.25], "uv_size": [1, -2.25]}
							}
						}
					]
				},
				{
					"name": "pullcord",
					"parent": "r",
					"pivot": [0, 3.27748, 0],
					"cubes": [
						{
							"origin": [-0.25, 0.59375, -0.5],
							"size": [0.5, 1, 1],
							"pivot": [0, 1.09375, 0],
							"rotation": [45, 0, 0],
							"uv": {
								"north": {"uv": [4, 30], "uv_size": [0.5, 1]},
								"east": {"uv": [24, 20], "uv_size": [1, 1]},
								"south": {"uv": [30, 4], "uv_size": [0.5, 1]},
								"west": {"uv": [21, 24], "uv_size": [1, 1]},
								"up": {"uv": [5, 30], "uv_size": [0.5, 1]},
								"down": {"uv": [30, 6], "uv_size": [0.5, -1]}
							}
						},
						{
							"origin": [0.25, 1.65625, -0.09375],
							"size": [0.1875, 3.9375, 0.1875],
							"pivot": [0.4375, 1.65625, 0.09375],
							"rotation": [0, 0, -5],
							"uv": {
								"north": {"uv": [24, 21], "uv_size": [0.25, 4]},
								"east": {"uv": [25, 0], "uv_size": [0.25, 4]},
								"south": {"uv": [25, 4], "uv_size": [0.25, 4]},
								"west": {"uv": [5, 25], "uv_size": [0.25, 4]},
								"up": {"uv": [35, 28], "uv_size": [0.25, 0.25]}
							}
						},
						{
							"origin": [-0.4375, 1.65625, -0.09375],
							"size": [0.1875, 3.9375, 0.1875],
							"pivot": [-0.4375, 1.65625, 0.09375],
							"rotation": [0, 0, 5],
							"uv": {
								"north": {"uv": [6, 25], "uv_size": [0.25, 4]},
								"east": {"uv": [7, 25], "uv_size": [0.25, 4]},
								"south": {"uv": [8, 25], "uv_size": [0.25, 4]},
								"west": {"uv": [25, 8], "uv_size": [0.25, 4]},
								"up": {"uv": [29, 35], "uv_size": [0.25, 0.25]}
							}
						},
						{
							"origin": [-0.4375, 1.15625, -0.09375],
							"size": [0.875, 0.5, 0.1875],
							"uv": {
								"north": {"uv": [6, 30], "uv_size": [1, 0.5]},
								"east": {"uv": [35, 14], "uv_size": [0.25, 0.5]},
								"south": {"uv": [30, 6], "uv_size": [1, 0.5]},
								"west": {"uv": [15, 35], "uv_size": [0.25, 0.5]},
								"up": {"uv": [33, 24], "uv_size": [1, 0.25]},
								"down": {"uv": [25, 33.25], "uv_size": [1, -0.25]}
							}
						}
					]
				},
				{
					"name": "camera",
					"pivot": [5, 9, 14]
				},
				{
					"name": "idle_view",
					"pivot": [5, 9, 14]
				}
			]
		}
	]
}