{
	"format_version": "1.12.0",
	"minecraft:geometry": [
		{
			"description": {
				"identifier": "geometry.unknown",
				"texture_width": 64,
				"texture_height": 64,
				"visible_bounds_width": 3,
				"visible_bounds_height": 3.5,
				"visible_bounds_offset": [0, 1.25, 0]
			},
			"bones": [
				{
					"name": "root",
					"pivot": [0, 0, 0]
				},
				{
					"name": "762x1",
					"parent": "root",
					"pivot": [12, 3.96336, -4],
					"rotation": [0, 157.5, 0],
					"cubes": [
						{
							"origin": [26.07356, 0.39242, -8.44249],
							"size": [1.1, 3.41564, 1.1],
							"inflate": 0.003,
							"uv": {
								"north": {"uv": [40, 13], "uv_size": [1, 3.5]},
								"east": {"uv": [41, 13], "uv_size": [1, 3.5]},
								"south": {"uv": [44, 26], "uv_size": [1, 3.5]},
								"west": {"uv": [44, 30], "uv_size": [1, 3.5]},
								"up": {"uv": [32, 26], "uv_size": [1, 1]},
								"down": {"uv": [33, 27], "uv_size": [1, -1]}
							}
						},
						{
							"origin": [26.22568, 3.9258, -8.29037],
							"size": [0.79576, 0.59886, 0.79576],
							"inflate": 0.003,
							"uv": {
								"north": {"uv": [34, 26], "uv_size": [1, 1]},
								"east": {"uv": [35, 32], "uv_size": [1, 1]},
								"south": {"uv": [40, 17], "uv_size": [1, 1]},
								"west": {"uv": [41, 17], "uv_size": [1, 1]},
								"up": {"uv": [45, 42], "uv_size": [1, 1]},
								"down": {"uv": [13, 47], "uv_size": [1, -1]}
							}
						},
						{
							"origin": [26.22668, 2.14967, -8.01973],
							"size": [0.79376, 0.4875, 0.24374],
							"inflate": 0.003,
							"pivot": [12, 4.04148, -4.0625],
							"rotation": [-22.5, 0, 0],
							"uv": {
								"north": {"uv": [19, 47], "uv_size": [1, 0.5]},
								"east": {"uv": [0, 48], "uv_size": [0.5, 0.5]},
								"south": {"uv": [20, 47], "uv_size": [1, 0.5]},
								"west": {"uv": [1, 48], "uv_size": [0.5, 0.5]}
							}
						},
						{
							"origin": [26.28764, 4.52366, -8.22843],
							"size": [0.67186, 0.73126, 0.67186],
							"inflate": 0.003,
							"uv": {
								"north": {"uv": [2, 48], "uv_size": [0.5, 0.5]},
								"east": {"uv": [3, 48], "uv_size": [0.5, 0.5]},
								"south": {"uv": [6, 48], "uv_size": [0.5, 0.5]},
								"west": {"uv": [7, 48], "uv_size": [0.5, 0.5]},
								"up": {"uv": [8, 48], "uv_size": [0.5, 0.5]}
							}
						},
						{
							"origin": [26.22668, 5.12885, -7.41639],
							"size": [0.79376, 0.4875, 0.24374],
							"inflate": 0.003,
							"pivot": [12, 4.04148, -3.9375],
							"rotation": [22.5, 0, 0],
							"uv": {
								"north": {"uv": [21, 47], "uv_size": [1, 0.5]},
								"east": {"uv": [9, 48], "uv_size": [0.5, 0.5]},
								"south": {"uv": [22, 47], "uv_size": [1, 0.5]},
								"west": {"uv": [10, 48], "uv_size": [0.5, 0.5]}
							}
						},
						{
							"origin": [26.34858, 5.25492, -8.16749],
							"size": [0.54998, 0.80938, 0.54998],
							"inflate": 0.003,
							"uv": {
								"north": {"uv": [11, 48], "uv_size": [0.5, 0.5]},
								"east": {"uv": [12, 48], "uv_size": [0.5, 0.5]},
								"south": {"uv": [13, 48], "uv_size": [0.5, 0.5]},
								"west": {"uv": [14, 48], "uv_size": [0.5, 0.5]},
								"up": {"uv": [15, 48], "uv_size": [0.5, 0.5]}
							}
						},
						{
							"origin": [26.4095, 6.0143, -8.10657],
							"size": [0.42814, 0.2742, 0.42814],
							"inflate": 0.003,
							"uv": {
								"north": {"uv": [16, 48], "uv_size": [0.5, 0.5]},
								"east": {"uv": [19, 48], "uv_size": [0.5, 0.5]},
								"south": {"uv": [20, 48], "uv_size": [0.5, 0.5]},
								"west": {"uv": [21, 48], "uv_size": [0.5, 0.5]},
								"up": {"uv": [22, 48], "uv_size": [0.5, 0.5]}
							}
						},
						{
							"origin": [26.5009, 6.25806, -8.01515],
							"size": [0.24532, 0.1828, 0.24532],
							"inflate": 0.003,
							"uv": {
								"north": {"uv": [23, 48], "uv_size": [0.5, 0.5]},
								"east": {"uv": [24, 48], "uv_size": [0.5, 0.5]},
								"south": {"uv": [25, 48], "uv_size": [0.5, 0.5]},
								"west": {"uv": [26, 48], "uv_size": [0.5, 0.5]},
								"up": {"uv": [27, 48], "uv_size": [0.5, 0.5]}
							}
						},
						{
							"origin": [25.08687, 9.23545, -8.28937],
							"size": [0.24374, 0.4875, 0.79376],
							"inflate": 0.003,
							"pivot": [11.9375, 4.04148, -4],
							"rotation": [0, 0, 22.5],
							"uv": {
								"north": {"uv": [28, 48], "uv_size": [0.5, 0.5]},
								"east": {"uv": [23, 47], "uv_size": [1, 0.5]},
								"south": {"uv": [48, 28], "uv_size": [0.5, 0.5]},
								"west": {"uv": [24, 47], "uv_size": [1, 0.5]}
							}
						},
						{
							"origin": [25.69021, -1.95693, -8.28937],
							"size": [0.24374, 0.4875, 0.79376],
							"inflate": 0.003,
							"pivot": [12.0625, 4.04148, -4],
							"rotation": [0, 0, -22.5],
							"uv": {
								"north": {"uv": [29, 48], "uv_size": [0.5, 0.5]},
								"east": {"uv": [25, 47], "uv_size": [1, 0.5]},
								"south": {"uv": [48, 29], "uv_size": [0.5, 0.5]},
								"west": {"uv": [26, 47], "uv_size": [1, 0.5]}
							}
						},
						{
							"origin": [26.07356, 0.0268, -8.44249],
							"size": [1.1, 0.1828, 1.1],
							"inflate": 0.003,
							"uv": {
								"north": {"uv": [27, 47], "uv_size": [1, 0.5]},
								"east": {"uv": [28, 47], "uv_size": [1, 0.5]},
								"south": {"uv": [29, 47], "uv_size": [1, 0.5]},
								"west": {"uv": [30, 47], "uv_size": [1, 0.5]},
								"up": {"uv": [14, 46], "uv_size": [1, 1]},
								"down": {"uv": [15, 47], "uv_size": [1, -1]}
							}
						},
						{
							"origin": [26.19542, 0.14866, -8.32061],
							"size": [0.85626, 0.24376, 0.85626],
							"inflate": 0.003,
							"uv": {
								"north": {"uv": [31, 47], "uv_size": [1, 0.5]},
								"east": {"uv": [32, 47], "uv_size": [1, 0.5]},
								"south": {"uv": [33, 47], "uv_size": [1, 0.5]},
								"west": {"uv": [34, 47], "uv_size": [1, 0.5]}
							}
						}
					]
				},
				{
					"name": "762x2",
					"parent": "root",
					"pivot": [1.6, 0.6092, -5.6],
					"rotation": [-157.5, 0, -90],
					"cubes": [
						{
							"origin": [1.05, -2.80758, -6.15],
							"size": [1.1, 3.41564, 1.1],
							"inflate": 0.003,
							"uv": {
								"north": {"uv": [40, 13], "uv_size": [1, 3.5]},
								"east": {"uv": [41, 13], "uv_size": [1, 3.5]},
								"south": {"uv": [44, 26], "uv_size": [1, 3.5]},
								"west": {"uv": [44, 30], "uv_size": [1, 3.5]},
								"up": {"uv": [32, 26], "uv_size": [1, 1]},
								"down": {"uv": [33, 27], "uv_size": [1, -1]}
							}
						},
						{
							"origin": [1.20212, 0.7258, -5.99788],
							"size": [0.79576, 0.59886, 0.79576],
							"inflate": 0.003,
							"uv": {
								"north": {"uv": [34, 26], "uv_size": [1, 1]},
								"east": {"uv": [35, 32], "uv_size": [1, 1]},
								"south": {"uv": [40, 17], "uv_size": [1, 1]},
								"west": {"uv": [41, 17], "uv_size": [1, 1]},
								"up": {"uv": [45, 42], "uv_size": [1, 1]},
								"down": {"uv": [13, 47], "uv_size": [1, -1]}
							}
						},
						{
							"origin": [1.20312, -1.05033, -5.72724],
							"size": [0.79376, 0.4875, 0.24374],
							"inflate": 0.003,
							"pivot": [-13.02356, 0.84148, -1.77001],
							"rotation": [-22.5, 0, 0],
							"uv": {
								"north": {"uv": [19, 47], "uv_size": [1, 0.5]},
								"east": {"uv": [0, 48], "uv_size": [0.5, 0.5]},
								"south": {"uv": [20, 47], "uv_size": [1, 0.5]},
								"west": {"uv": [1, 48], "uv_size": [0.5, 0.5]}
							}
						},
						{
							"origin": [1.26408, 1.32366, -5.93594],
							"size": [0.67186, 0.73126, 0.67186],
							"inflate": 0.003,
							"uv": {
								"north": {"uv": [2, 48], "uv_size": [0.5, 0.5]},
								"east": {"uv": [3, 48], "uv_size": [0.5, 0.5]},
								"south": {"uv": [6, 48], "uv_size": [0.5, 0.5]},
								"west": {"uv": [7, 48], "uv_size": [0.5, 0.5]},
								"up": {"uv": [8, 48], "uv_size": [0.5, 0.5]}
							}
						},
						{
							"origin": [1.20312, 1.92885, -5.1239],
							"size": [0.79376, 0.4875, 0.24374],
							"inflate": 0.003,
							"pivot": [-13.02356, 0.84148, -1.64501],
							"rotation": [22.5, 0, 0],
							"uv": {
								"north": {"uv": [21, 47], "uv_size": [1, 0.5]},
								"east": {"uv": [9, 48], "uv_size": [0.5, 0.5]},
								"south": {"uv": [22, 47], "uv_size": [1, 0.5]},
								"west": {"uv": [10, 48], "uv_size": [0.5, 0.5]}
							}
						},
						{
							"origin": [1.32502, 2.05492, -5.875],
							"size": [0.54998, 0.80938, 0.54998],
							"inflate": 0.003,
							"uv": {
								"north": {"uv": [11, 48], "uv_size": [0.5, 0.5]},
								"east": {"uv": [12, 48], "uv_size": [0.5, 0.5]},
								"south": {"uv": [13, 48], "uv_size": [0.5, 0.5]},
								"west": {"uv": [14, 48], "uv_size": [0.5, 0.5]},
								"up": {"uv": [15, 48], "uv_size": [0.5, 0.5]}
							}
						},
						{
							"origin": [1.38594, 2.8143, -5.81408],
							"size": [0.42814, 0.2742, 0.42814],
							"inflate": 0.003,
							"uv": {
								"north": {"uv": [16, 48], "uv_size": [0.5, 0.5]},
								"east": {"uv": [19, 48], "uv_size": [0.5, 0.5]},
								"south": {"uv": [20, 48], "uv_size": [0.5, 0.5]},
								"west": {"uv": [21, 48], "uv_size": [0.5, 0.5]},
								"up": {"uv": [22, 48], "uv_size": [0.5, 0.5]}
							}
						},
						{
							"origin": [1.47734, 3.05806, -5.72266],
							"size": [0.24532, 0.1828, 0.24532],
							"inflate": 0.003,
							"uv": {
								"north": {"uv": [23, 48], "uv_size": [0.5, 0.5]},
								"east": {"uv": [24, 48], "uv_size": [0.5, 0.5]},
								"south": {"uv": [25, 48], "uv_size": [0.5, 0.5]},
								"west": {"uv": [26, 48], "uv_size": [0.5, 0.5]},
								"up": {"uv": [27, 48], "uv_size": [0.5, 0.5]}
							}
						},
						{
							"origin": [0.0633, 6.03545, -5.99688],
							"size": [0.24374, 0.4875, 0.79376],
							"inflate": 0.003,
							"pivot": [-13.08606, 0.84148, -1.70751],
							"rotation": [0, 0, 22.5],
							"uv": {
								"north": {"uv": [28, 48], "uv_size": [0.5, 0.5]},
								"east": {"uv": [23, 47], "uv_size": [1, 0.5]},
								"south": {"uv": [48, 28], "uv_size": [0.5, 0.5]},
								"west": {"uv": [24, 47], "uv_size": [1, 0.5]}
							}
						},
						{
							"origin": [0.66664, -5.15693, -5.99688],
							"size": [0.24374, 0.4875, 0.79376],
							"inflate": 0.003,
							"pivot": [-12.96106, 0.84148, -1.70751],
							"rotation": [0, 0, -22.5],
							"uv": {
								"north": {"uv": [29, 48], "uv_size": [0.5, 0.5]},
								"east": {"uv": [25, 47], "uv_size": [1, 0.5]},
								"south": {"uv": [48, 29], "uv_size": [0.5, 0.5]},
								"west": {"uv": [26, 47], "uv_size": [1, 0.5]}
							}
						},
						{
							"origin": [1.05, -3.1732, -6.15],
							"size": [1.1, 0.1828, 1.1],
							"inflate": 0.003,
							"uv": {
								"north": {"uv": [27, 47], "uv_size": [1, 0.5]},
								"east": {"uv": [28, 47], "uv_size": [1, 0.5]},
								"south": {"uv": [29, 47], "uv_size": [1, 0.5]},
								"west": {"uv": [30, 47], "uv_size": [1, 0.5]},
								"up": {"uv": [14, 46], "uv_size": [1, 1]},
								"down": {"uv": [15, 47], "uv_size": [1, -1]}
							}
						},
						{
							"origin": [1.17186, -3.05134, -6.02812],
							"size": [0.85626, 0.24376, 0.85626],
							"inflate": 0.003,
							"uv": {
								"north": {"uv": [31, 47], "uv_size": [1, 0.5]},
								"east": {"uv": [32, 47], "uv_size": [1, 0.5]},
								"south": {"uv": [33, 47], "uv_size": [1, 0.5]},
								"west": {"uv": [34, 47], "uv_size": [1, 0.5]}
							}
						}
					]
				},
				{
					"name": "box",
					"parent": "root",
					"pivot": [0, 0, 0],
					"rotation": [-90, 0, 0]
				},
				{
					"name": "bone",
					"parent": "box",
					"pivot": [0, -4, -7],
					"cubes": [
						{
							"origin": [-8, -4, -6],
							"size": [16, 8, 6],
							"inflate": 0.002,
							"uv": {
								"north": {"uv": [0, 0], "uv_size": [16, 8]},
								"east": {"uv": [16, 27], "uv_size": [6, 8]},
								"south": {"uv": [0, 8], "uv_size": [16, 8]},
								"west": {"uv": [22, 27], "uv_size": [6, 8]},
								"up": {"uv": [16, 21], "uv_size": [16, 6]},
								"down": {"uv": [0, 29], "uv_size": [16, -6]}
							}
						},
						{
							"origin": [-10.03873, -2.63776, -6],
							"size": [2.25, 5.27552, 6],
							"inflate": 0.003,
							"uv": {
								"north": {"uv": [36, 38], "uv_size": [2, 5.5]},
								"east": {"uv": [32, 6], "uv_size": [6, 5.5]},
								"south": {"uv": [38, 38], "uv_size": [2, 5.5]},
								"west": {"uv": [32, 12], "uv_size": [6, 5.5]},
								"up": {"uv": [0, 35], "uv_size": [2, 6]},
								"down": {"uv": [2, 41], "uv_size": [2, -6]}
							}
						},
						{
							"origin": [-8.79125, 1.6937, -6],
							"size": [1.25, 1.95, 6],
							"pivot": [-8.66625, 2.6687, -4],
							"rotation": [0, 0, -22.5],
							"uv": {
								"north": {"uv": [10, 35], "uv_size": [1, 2]},
								"east": {"uv": [32, 24], "uv_size": [6, 2]},
								"south": {"uv": [11, 35], "uv_size": [1, 2]},
								"west": {"uv": [4, 35], "uv_size": [6, 2]},
								"up": {"uv": [41, 0], "uv_size": [1, 6]},
								"down": {"uv": [41, 32], "uv_size": [1, -6]}
							}
						},
						{
							"origin": [-9.38592, 1.06172, -6],
							"size": [1.25, 1.95, 6],
							"inflate": 0.001,
							"pivot": [-9.26092, 2.03672, -4],
							"rotation": [0, 0, -45],
							"uv": {
								"north": {"uv": [12, 35], "uv_size": [1, 2]},
								"east": {"uv": [16, 35], "uv_size": [6, 2]},
								"south": {"uv": [13, 35], "uv_size": [1, 2]},
								"west": {"uv": [22, 35], "uv_size": [6, 2]},
								"up": {"uv": [34, 41], "uv_size": [1, 6]},
								"down": {"uv": [35, 47], "uv_size": [1, -6]}
							}
						},
						{
							"origin": [-8.79125, -3.6437, -6],
							"size": [1.25, 1.95, 6],
							"inflate": 0.001,
							"pivot": [-8.66625, -2.6687, -4],
							"rotation": [0, 0, 22.5],
							"uv": {
								"north": {"uv": [43, 45], "uv_size": [1, 2]},
								"east": {"uv": [35, 30], "uv_size": [6, 2]},
								"south": {"uv": [44, 45], "uv_size": [1, 2]},
								"west": {"uv": [36, 32], "uv_size": [6, 2]},
								"up": {"uv": [42, 12], "uv_size": [1, 6]},
								"down": {"uv": [42, 32], "uv_size": [1, -6]}
							}
						},
						{
							"origin": [-9.38592, -3.01172, -6],
							"size": [1.25, 1.95, 6],
							"pivot": [-9.26092, -2.03672, -4],
							"rotation": [0, 0, 45],
							"uv": {
								"north": {"uv": [41, 45], "uv_size": [1, 2]},
								"east": {"uv": [35, 26], "uv_size": [6, 2]},
								"south": {"uv": [42, 45], "uv_size": [1, 2]},
								"west": {"uv": [35, 28], "uv_size": [6, 2]},
								"up": {"uv": [42, 0], "uv_size": [1, 6]},
								"down": {"uv": [42, 12], "uv_size": [1, -6]}
							}
						},
						{
							"origin": [7.54125, 1.6937, -6],
							"size": [1.25, 1.95, 6],
							"inflate": 0.002,
							"pivot": [8.66625, 2.6687, -4],
							"rotation": [0, 0, 22.5],
							"uv": {
								"north": {"uv": [11, 46], "uv_size": [1, 2]},
								"east": {"uv": [38, 18], "uv_size": [6, 2]},
								"south": {"uv": [12, 46], "uv_size": [1, 2]},
								"west": {"uv": [38, 20], "uv_size": [6, 2]},
								"up": {"uv": [43, 32], "uv_size": [1, 6]},
								"down": {"uv": [43, 44], "uv_size": [1, -6]}
							}
						},
						{
							"origin": [7.78873, -2.63776, -6],
							"size": [2.25, 5.27552, 6],
							"inflate": 0.001,
							"uv": {
								"north": {"uv": [39, 0], "uv_size": [2, 5.5]},
								"east": {"uv": [32, 18], "uv_size": [6, 5.5]},
								"south": {"uv": [4, 39], "uv_size": [2, 5.5]},
								"west": {"uv": [28, 33], "uv_size": [6, 5.5]},
								"up": {"uv": [38, 6], "uv_size": [2, 6]},
								"down": {"uv": [38, 18], "uv_size": [2, -6]}
							}
						},
						{
							"origin": [8.13592, 1.06172, -6],
							"size": [1.25, 1.95, 6],
							"inflate": 0.003,
							"pivot": [9.26092, 2.03672, -4],
							"rotation": [0, 0, 45],
							"uv": {
								"north": {"uv": [9, 46], "uv_size": [1, 2]},
								"east": {"uv": [16, 37], "uv_size": [6, 2]},
								"south": {"uv": [10, 46], "uv_size": [1, 2]},
								"west": {"uv": [22, 37], "uv_size": [6, 2]},
								"up": {"uv": [43, 12], "uv_size": [1, 6]},
								"down": {"uv": [43, 32], "uv_size": [1, -6]}
							}
						},
						{
							"origin": [8.13592, -3.01172, -6],
							"size": [1.25, 1.95, 6],
							"inflate": 0.003,
							"pivot": [9.26092, -2.03672, -4],
							"rotation": [0, 0, -45],
							"uv": {
								"north": {"uv": [7, 46], "uv_size": [1, 2]},
								"east": {"uv": [4, 37], "uv_size": [6, 2]},
								"south": {"uv": [8, 46], "uv_size": [1, 2]},
								"west": {"uv": [10, 37], "uv_size": [6, 2]},
								"up": {"uv": [43, 0], "uv_size": [1, 6]},
								"down": {"uv": [43, 12], "uv_size": [1, -6]}
							}
						},
						{
							"origin": [7.54125, -3.6437, -6],
							"size": [1.25, 1.95, 6],
							"inflate": 0.002,
							"pivot": [8.66625, -2.6687, -4],
							"rotation": [0, 0, -22.5],
							"uv": {
								"north": {"uv": [45, 45], "uv_size": [1, 2]},
								"east": {"uv": [36, 34], "uv_size": [6, 2]},
								"south": {"uv": [6, 46], "uv_size": [1, 2]},
								"west": {"uv": [36, 36], "uv_size": [6, 2]},
								"up": {"uv": [42, 32], "uv_size": [1, 6]},
								"down": {"uv": [42, 44], "uv_size": [1, -6]}
							}
						}
					]
				},
				{
					"name": "bone2",
					"parent": "box",
					"pivot": [0, 0, -4],
					"cubes": [
						{
							"origin": [-8, 4, -6.2],
							"size": [16, 0.2, 6.4],
							"inflate": 0.003,
							"uv": {
								"north": {"uv": [38, 22], "uv_size": [16, 0.5]},
								"east": {"uv": [44, 34], "uv_size": [6.5, 0.5]},
								"south": {"uv": [38, 23], "uv_size": [16, 0.5]},
								"west": {"uv": [44, 35], "uv_size": [6.5, 0.5]},
								"up": {"uv": [0, 16], "uv_size": [16, 6.5]},
								"down": {"uv": [16, 6.5], "uv_size": [16, -6.5]}
							}
						},
						{
							"origin": [-8.03018, -4.07286, -6.2],
							"size": [16.06036, 0.21144, 6.4],
							"inflate": 0.003,
							"uv": {
								"north": {"uv": [38, 24], "uv_size": [16, 0.5]},
								"east": {"uv": [45, 18], "uv_size": [6.5, 0.5]},
								"south": {"uv": [38, 25], "uv_size": [16, 0.5]},
								"west": {"uv": [45, 19], "uv_size": [6.5, 0.5]},
								"up": {"uv": [16, 7], "uv_size": [16, 6.5]},
								"down": {"uv": [16, 20.5], "uv_size": [16, -6.5]}
							}
						},
						{
							"origin": [-10.15944, -2.63776, -6.2],
							"size": [0.27071, 5.39623, 6.4],
							"inflate": 0.003,
							"uv": {
								"north": {"uv": [5, 45], "uv_size": [0.5, 5.5]},
								"east": {"uv": [28, 27], "uv_size": [6.5, 5.5]},
								"south": {"uv": [45, 28], "uv_size": [0.5, 5.5]},
								"west": {"uv": [0, 29], "uv_size": [6.5, 5.5]},
								"up": {"uv": [36, 44], "uv_size": [0.5, 6.5]},
								"down": {"uv": [44, 42.5], "uv_size": [0.5, -6.5]}
							}
						},
						{
							"origin": [-8.79125, 3.5937, -6.2],
							"size": [1.32654, 0.23478, 6.4],
							"inflate": 0.003,
							"pivot": [-8.66625, 2.6687, -4],
							"rotation": [0, 0, -22.5],
							"uv": {
								"north": {"uv": [20, 46], "uv_size": [1.5, 0.5]},
								"east": {"uv": [42, 44], "uv_size": [6.5, 0.5]},
								"south": {"uv": [22, 46], "uv_size": [1.5, 0.5]},
								"west": {"uv": [44, 43], "uv_size": [6.5, 0.5]},
								"up": {"uv": [10, 39], "uv_size": [1.5, 6.5]},
								"down": {"uv": [12, 45.5], "uv_size": [1.5, -6.5]}
							}
						},
						{
							"origin": [-9.38592, 2.96172, -6.2],
							"size": [1.32071, 0.22071, 6.4],
							"inflate": 0.003,
							"pivot": [-9.26092, 2.03672, -4],
							"rotation": [0, 0, -45],
							"uv": {
								"north": {"uv": [24, 46], "uv_size": [1.5, 0.5]},
								"east": {"uv": [45, 4], "uv_size": [6.5, 0.5]},
								"south": {"uv": [26, 46], "uv_size": [1.5, 0.5]},
								"west": {"uv": [45, 5], "uv_size": [6.5, 0.5]},
								"up": {"uv": [14, 39], "uv_size": [1.5, 6.5]},
								"down": {"uv": [16, 45.5], "uv_size": [1.5, -6.5]}
							}
						},
						{
							"origin": [-8.82391, -3.72256, -6.2],
							"size": [1.28266, 0.22886, 6.4],
							"inflate": 0.003,
							"pivot": [-8.66625, -2.6687, -4],
							"rotation": [0, 0, 22.5],
							"uv": {
								"north": {"uv": [28, 46], "uv_size": [1.5, 0.5]},
								"east": {"uv": [45, 6], "uv_size": [6.5, 0.5]},
								"south": {"uv": [46, 28], "uv_size": [1.5, 0.5]},
								"west": {"uv": [45, 7], "uv_size": [6.5, 0.5]},
								"up": {"uv": [18, 39], "uv_size": [1.5, 6.5]},
								"down": {"uv": [20, 45.5], "uv_size": [1.5, -6.5]}
							}
						},
						{
							"origin": [-9.47127, -3.09708, -6.2],
							"size": [1.33536, 0.23536, 6.4],
							"inflate": 0.003,
							"pivot": [-9.26092, -2.03672, -4],
							"rotation": [0, 0, 45],
							"uv": {
								"north": {"uv": [46, 29], "uv_size": [1.5, 0.5]},
								"east": {"uv": [45, 8], "uv_size": [6.5, 0.5]},
								"south": {"uv": [30, 46], "uv_size": [1.5, 0.5]},
								"west": {"uv": [45, 9], "uv_size": [6.5, 0.5]},
								"up": {"uv": [22, 39], "uv_size": [1.5, 6.5]},
								"down": {"uv": [24, 45.5], "uv_size": [1.5, -6.5]}
							}
						},
						{
							"origin": [7.46471, 3.5937, -6.2],
							"size": [1.32654, 0.23478, 6.4],
							"inflate": 0.003,
							"pivot": [8.66625, 2.6687, -4],
							"rotation": [0, 0, 22.5],
							"uv": {
								"north": {"uv": [46, 30], "uv_size": [1.5, 0.5]},
								"east": {"uv": [45, 10], "uv_size": [6.5, 0.5]},
								"south": {"uv": [46, 31], "uv_size": [1.5, 0.5]},
								"west": {"uv": [45, 11], "uv_size": [6.5, 0.5]},
								"up": {"uv": [26, 39], "uv_size": [1.5, 6.5]},
								"down": {"uv": [28, 45.5], "uv_size": [1.5, -6.5]}
							}
						},
						{
							"origin": [9.88873, -2.63776, -6.2],
							"size": [0.27071, 5.39623, 6.4],
							"inflate": 0.003,
							"uv": {
								"north": {"uv": [45, 36], "uv_size": [0.5, 5.5]},
								"east": {"uv": [7, 29], "uv_size": [6.5, 5.5]},
								"south": {"uv": [40, 45], "uv_size": [0.5, 5.5]},
								"west": {"uv": [32, 0], "uv_size": [6.5, 5.5]},
								"up": {"uv": [37, 44], "uv_size": [0.5, 6.5]},
								"down": {"uv": [38, 50.5], "uv_size": [0.5, -6.5]}
							}
						},
						{
							"origin": [8.0652, 2.96172, -6.2],
							"size": [1.32071, 0.22071, 6.4],
							"inflate": 0.003,
							"pivot": [9.26092, 2.03672, -4],
							"rotation": [0, 0, 45],
							"uv": {
								"north": {"uv": [32, 46], "uv_size": [1.5, 0.5]},
								"east": {"uv": [45, 12], "uv_size": [6.5, 0.5]},
								"south": {"uv": [46, 32], "uv_size": [1.5, 0.5]},
								"west": {"uv": [45, 13], "uv_size": [6.5, 0.5]},
								"up": {"uv": [30, 39], "uv_size": [1.5, 6.5]},
								"down": {"uv": [32, 45.5], "uv_size": [1.5, -6.5]}
							}
						},
						{
							"origin": [8.13592, -3.09708, -6.2],
							"size": [1.33536, 0.23536, 6.4],
							"inflate": 0.003,
							"pivot": [9.26092, -2.03672, -4],
							"rotation": [0, 0, -45],
							"uv": {
								"north": {"uv": [46, 33], "uv_size": [1.5, 0.5]},
								"east": {"uv": [45, 14], "uv_size": [6.5, 0.5]},
								"south": {"uv": [46, 36], "uv_size": [1.5, 0.5]},
								"west": {"uv": [45, 15], "uv_size": [6.5, 0.5]},
								"up": {"uv": [40, 6], "uv_size": [1.5, 6.5]},
								"down": {"uv": [40, 44.5], "uv_size": [1.5, -6.5]}
							}
						},
						{
							"origin": [7.54125, -3.72256, -6.2],
							"size": [1.28266, 0.22886, 6.4],
							"inflate": 0.003,
							"pivot": [8.66625, -2.6687, -4],
							"rotation": [0, 0, -22.5],
							"uv": {
								"north": {"uv": [46, 37], "uv_size": [1.5, 0.5]},
								"east": {"uv": [45, 16], "uv_size": [6.5, 0.5]},
								"south": {"uv": [46, 38], "uv_size": [1.5, 0.5]},
								"west": {"uv": [45, 17], "uv_size": [6.5, 0.5]},
								"up": {"uv": [0, 41], "uv_size": [1.5, 6.5]},
								"down": {"uv": [2, 47.5], "uv_size": [1.5, -6.5]}
							}
						}
					]
				},
				{
					"name": "bone3",
					"parent": "box",
					"pivot": [7.07649, -1.54754, -6.71299],
					"rotation": [90, 0, 0],
					"cubes": [
						{
							"origin": [6.12521, -1.85254, -8.99445],
							"size": [1.9, 0.01, 7.8],
							"inflate": 0.003,
							"pivot": [7.27521, -1.84754, -5.09445],
							"rotation": [0, 0, -22.5],
							"uv": {
								"north": {"uv": [16, 46], "uv_size": [2, 0.5]},
								"east": {"uv": [44, 0], "uv_size": [8, 0.5]},
								"south": {"uv": [18, 46], "uv_size": [2, 0.5]},
								"west": {"uv": [44, 1], "uv_size": [8, 0.5]},
								"up": {"uv": [14, 29], "uv_size": [2, 8]},
								"down": {"uv": [34, 41], "uv_size": [2, -8]}
							}
						},
						{
							"origin": [5.94044, -2.32908, -8.99445],
							"size": [0.7, 0.01, 7.8],
							"inflate": 0.003,
							"pivot": [5.69044, -2.32408, -5.09445],
							"rotation": [0, 0, -10],
							"uv": {
								"north": {"uv": [31, 48], "uv_size": [0.5, 0.5]},
								"east": {"uv": [44, 2], "uv_size": [8, 0.5]},
								"south": {"uv": [48, 31], "uv_size": [0.5, 0.5]},
								"west": {"uv": [44, 3], "uv_size": [8, 0.5]},
								"up": {"uv": [44, 4], "uv_size": [0.5, 8]},
								"down": {"uv": [44, 20], "uv_size": [0.5, -8]}
							}
						},
						{
							"origin": [7.80394, -1.07787, -8.49445],
							"size": [1.6, 0.01, 6.8],
							"inflate": 0.003,
							"pivot": [8.60394, -1.07287, -5.09445],
							"rotation": [0, 0, -37.5],
							"uv": {
								"north": {"uv": [46, 39], "uv_size": [1.5, 0.5]},
								"east": {"uv": [44, 20], "uv_size": [7, 0.5]},
								"south": {"uv": [46, 40], "uv_size": [1.5, 0.5]},
								"west": {"uv": [44, 21], "uv_size": [7, 0.5]},
								"up": {"uv": [6, 39], "uv_size": [1.5, 7]},
								"down": {"uv": [8, 46], "uv_size": [1.5, -7]}
							}
						},
						{
							"origin": [8.9483, 0.02723, -7.99445],
							"size": [0.7, 0.01, 5.8],
							"inflate": 0.003,
							"pivot": [9.7483, 0.03223, -5.09445],
							"rotation": [0, 0, -50.5],
							"uv": {
								"north": {"uv": [30, 48], "uv_size": [0.5, 0.5]},
								"east": {"uv": [45, 26], "uv_size": [6, 0.5]},
								"south": {"uv": [48, 30], "uv_size": [0.5, 0.5]},
								"west": {"uv": [45, 27], "uv_size": [6, 0.5]},
								"up": {"uv": [39, 44], "uv_size": [0.5, 6]},
								"down": {"uv": [4, 51], "uv_size": [0.5, -6]}
							}
						},
						{
							"origin": [7.61681, -1.23386, -7.71299],
							"size": [1.4, 0.1, 0.3],
							"inflate": 0.003,
							"pivot": [8.31681, -1.18386, -7.56299],
							"rotation": [0, 0, -37.5],
							"uv": {
								"north": {"uv": [46, 41], "uv_size": [1.5, 0.5]},
								"east": {"uv": [32, 48], "uv_size": [0.5, 0.5]},
								"south": {"uv": [46, 42], "uv_size": [1.5, 0.5]},
								"west": {"uv": [48, 32], "uv_size": [0.5, 0.5]},
								"up": {"uv": [46, 45], "uv_size": [1.5, 0.5]},
								"down": {"uv": [46, 46.5], "uv_size": [1.5, -0.5]}
							}
						},
						{
							"origin": [6.98217, -1.6782, -7.71299],
							"size": [0.8, 0.1, 0.3],
							"inflate": 0.003,
							"pivot": [7.68217, -1.6282, -7.56299],
							"rotation": [0, 0, -15.5],
							"uv": {
								"north": {"uv": [35, 47], "uv_size": [1, 0.5]},
								"east": {"uv": [33, 48], "uv_size": [0.5, 0.5]},
								"south": {"uv": [41, 47], "uv_size": [1, 0.5]},
								"west": {"uv": [48, 33], "uv_size": [0.5, 0.5]},
								"up": {"uv": [42, 47], "uv_size": [1, 0.5]},
								"down": {"uv": [43, 47.5], "uv_size": [1, -0.5]}
							}
						},
						{
							"origin": [6.2367, -1.84, -7.71299],
							"size": [0.8, 0.1, 0.3],
							"inflate": 0.003,
							"pivot": [6.9367, -1.79, -7.56299],
							"rotation": [0, 0, 14.5],
							"uv": {
								"north": {"uv": [44, 47], "uv_size": [1, 0.5]},
								"east": {"uv": [34, 48], "uv_size": [0.5, 0.5]},
								"south": {"uv": [45, 47], "uv_size": [1, 0.5]},
								"west": {"uv": [35, 48], "uv_size": [0.5, 0.5]},
								"up": {"uv": [46, 47], "uv_size": [1, 0.5]},
								"down": {"uv": [47, 47.5], "uv_size": [1, -0.5]}
							}
						},
						{
							"origin": [6.14922, -1.7416, -8.21299],
							"size": [0.2, 0.2, 1.3],
							"inflate": 0.003,
							"pivot": [6.24922, -1.6416, -7.56299],
							"rotation": [0, 0, -18],
							"uv": {
								"north": {"uv": [48, 36], "uv_size": [0.5, 0.5]},
								"east": {"uv": [13, 47], "uv_size": [1.5, 0.5]},
								"south": {"uv": [48, 37], "uv_size": [0.5, 0.5]},
								"west": {"uv": [15, 47], "uv_size": [1.5, 0.5]},
								"up": {"uv": [17, 47], "uv_size": [0.5, 1.5]},
								"down": {"uv": [18, 48.5], "uv_size": [0.5, -1.5]}
							}
						}
					]
				},
				{
					"name": "positioning",
					"pivot": [-3.025, -8.95, -11.225]
				},
				{
					"name": "ground",
					"parent": "positioning",
					"pivot": [0, 0, 2]
				},
				{
					"name": "fixed",
					"parent": "positioning",
					"pivot": [-1.25, 11, 1.5],
					"rotation": [0.89803, -22.43537, -1.73977]
				},
				{
					"name": "thirdperson_hand",
					"parent": "positioning",
					"pivot": [-0.025, 2.05, 2.025],
					"rotation": [0, 90, 0]
				}
			]
		}
	]
}