{
	"credit": "Made with Blockbench",
	"parent": "item/generated",
	"textures": {
		"layer0": "./long_bow"
	},
	"display": {
		"thirdperson_righthand": {
			"rotation": [-80, -128, -40],
			"translation": [-1.5, -2.25, 1.25],
			"scale": [2.2, 1.9, 0.8]
		},
		"thirdperson_lefthand": {
			"rotation": [-80, 52, 40],
			"translation": [-1.5, -2.25, 1.25],
			"scale": [2.2, 1.9, 0.8]
		},
		"firstperson_righthand": {
			"rotation": [-38, -84, -4],
			"translation": [0.63, 3.2, 1.63],
			"scale": [1, 1, 0.68]
		},
		"firstperson_lefthand": {
			"rotation": [-38, 84, 4],
			"translation": [0.63, 3.2, 1.63],
			"scale": [1, 1, 0.68]
		},
		"ground": {
			"rotation": [0, 35, -45],
			"translation": [0, 2, 0],
			"scale": [1.2, 1.2, 1.1]
		},
		"gui": {
			"rotation": [0, 180, 0],
			"scale": [1.3, 1.3, 1]
		},
		"fixed": {
			"translation": [0, 0, -0.75],
			"scale": [1.5, 1.5, 1.45]
		}
	}
}