{
	"credit": "Made with Blockbench",
	"parent": "item/generated",
	"textures": {
		"layer0": "./long_bow_pulling_1"
	},
	"display": {
		"thirdperson_righthand": {
			"rotation": [-80, -128, -40],
			"translation": [-1.5, -2.25, 1.5],
			"scale": [2.2, 2.2, 0.8]
		},
		"thirdperson_lefthand": {
			"rotation": [-80, 52, 40],
			"translation": [-1.5, -2.25, 1.5],
			"scale": [2.2, 2.2, 0.8]
		},
		"firstperson_righthand": {
			"rotation": [-27, -89, -3],
			"translation": [0.63, 3.95, 1.63],
			"scale": [0.7, 0.7, 0.4]
		},
		"firstperson_lefthand": {
			"rotation": [-30, 90, 4],
			"translation": [0.88, 3.95, 1.63],
			"scale": [0.7, 0.7, 0.4]
		},
		"gui": {
			"rotation": [0, 180, 0],
			"scale": [1.3, 1.3, 1]
		},
		"fixed": {
			"translation": [0, 0, -0.75],
			"scale": [1.5, 1.5, 1.45]
		}
	}
}