{
	"credit": "Made with Blockbench",
	"parent": "item/handheld",
	"textures": {
		"layer0": "items/extra_item/weapon/iron_spear"
	},
	"gui_light": "front",
	"display": {
		"thirdperson_righthand": {
			"rotation": [30, 90, 0],
			"translation": [0, 4, 0.5],
			"scale": [1.9, 1.9, 1.2]
		},
		"thirdperson_lefthand": {
			"rotation": [-90, -270, 115],
			"translation": [0, 3.5, 8],
			"scale": [1.9, 1.9, 1.2]
		},
		"firstperson_righthand": {
			"rotation": [-35, 90, 35],
			"translation": [0, 5.25, 1.75],
			"scale": [1, 1.15, 0.6]
		},
		"firstperson_lefthand": {
			"rotation": [-25, 86, -15],
			"translation": [0.38, 7.2, 1.45],
			"scale": [0.9, 0.9, 0.72]
		},
		"ground": {
			"rotation": [0, 0, -45],
			"translation": [0, 4.25, 0],
			"scale": [1.1, 1.1, 0.8]
		},
		"gui": {
			"translation": [-0.25, -0.5, 0],
			"scale": [1.1, 1.1, 1]
		},
		"fixed": {
			"rotation": [0, -180, 0],
			"scale": [1.2, 1.2, 1]
		}
	}
}