{
    "model": "rebel:gun/ras1_geo",
    "texture": "rebel:gun/uv/ras1",
    "slot": "rebel:gun/slot/ras1",
    "hud": "rebel:gun/hud/ras1",
    "animation": "rebel:ras1",
    "use_default_animation": "rifle",

    "sounds": {
        "shoot": "rebel:ras1/ras1_shoot",
        "shoot_3p": "rebel:ras1/ras1_shoot_3p",
        "silence": "rebel:ras1/ras1_silence",
        "silence_3p": "rebel:ras1/ras1_silence_3p",
        "draw": "rebel:ras1/ras1_draw",
        "put_away": "rebel:ras1/ras1_put_away",
        "dry_fire": "rebel:dry_fire",
        "flesh_hit": "rebel:flesh_hit",
        "head_hit": "rebel:head_hit",
        "kill": "rebel:kill",
        "reload_empty": "rebel:ras1/ras1_reload_empty",
        "reload_tactical": "rebel:ras1/ras1_reload_tactical",
        "inspect_empty": "rebel:ras1/ras1_inspect_empty",
        "inspect": "rebel:ras1/ras1_inspect"
       
    
    },
       
    "muzzle_flash": {
       
        "texture": "tacz:flash/common_muzzle_flash",
        
        "scale": 0.8
      },

    "iron_zoom": 1.3,

    "shell": {
           
        "initial_velocity": [3, 5, -2],
       
        "random_velocity": [8, 3, 0.25],
       
        "acceleration": [0.0, -15, 0.0],
       
        "angular_velocity": [360, -1200, 90],
       
        "living_time": 2
    },

        "text_show": {
           
            "ammo_count_text_pos": {
             
              "scale": 0.35,
            
              "align": "right",
              
              "shadow": false,
            
              "color": "#53f9af",
            
              "light": 15,
             
              "text": "%ras1%"
            }
            
          },

    "transform": {
        "scale": {
           
            "thirdperson": [
                0.6,
                0.6,
                0.6
            ],
           
            "ground": [
                0.6,
                0.6,
                0.6
            ],
           
            "fixed": [
                1.0,
                1.0,
                1.0
            ]
        }
    },
    "third_person_animation": "default"
}