{
	"format_version": "1.12.0",
	"minecraft:geometry": [
		{
			"description": {
				"identifier": "geometry.unknown",
				"texture_width": 32,
				"texture_height": 32,
				"visible_bounds_width": 3,
				"visible_bounds_height": 2.5,
				"visible_bounds_offset": [0, 0.75, 0]
			},
			"bones": [
				{
					"name": "bayonet",
					"pivot": [0, -1, -0.1875]
				},
				{
					"name": "bone7",
					"parent": "bayonet",
					"pivot": [-0.03125, -1.16388, -15.15815],
					"cubes": [
						{
							"origin": [-0.36048, -2.21544, 0.01734],
							"size": [0.73159, 0.29284, 8.92159],
							"inflate": 0.001,
							"uv": {
								"north": {"uv": [20, 1], "uv_size": [0.5, 0.5]},
								"east": {"uv": [4, 8], "uv_size": [7.5, 0.5]},
								"south": {"uv": [20, 3], "uv_size": [0.5, 0.5]},
								"west": {"uv": [8, 4], "uv_size": [7.5, 0.5]},
								"up": {"uv": [4, 9], "uv_size": [0.5, 7.5]},
								"down": {"uv": [5, 16.5], "uv_size": [0.5, -7.5]}
							}
						},
						{
							"origin": [-0.59701, -1.19169, 0.01734],
							"size": [1.20466, 0.2817, 5.55784],
							"inflate": 0.001,
							"uv": {
								"north": {"uv": [19, 1], "uv_size": [1, 0.5]},
								"east": {"uv": [16, 4], "uv_size": [5, 0.5]},
								"south": {"uv": [19, 9], "uv_size": [1, 0.5]},
								"west": {"uv": [16, 5], "uv_size": [5, 0.5]},
								"up": {"uv": [0, 8], "uv_size": [1, 5]},
								"down": {"uv": [1, 13], "uv_size": [1, -5]}
							}
						},
						{
							"origin": [0.21381, -2.12901, 0.01734],
							"size": [0.41399, 0.21971, 8.92159],
							"inflate": 0.001,
							"pivot": [0.39679, -1.98259, 6.96439],
							"rotation": [0, 0, -45],
							"uv": {
								"north": {"uv": [20, 9], "uv_size": [0.5, 0.5]},
								"east": {"uv": [8, 5], "uv_size": [7.5, 0.5]},
								"south": {"uv": [10, 20], "uv_size": [0.5, 0.5]},
								"west": {"uv": [8, 6], "uv_size": [7.5, 0.5]},
								"up": {"uv": [6, 9], "uv_size": [0.5, 7.5]},
								"down": {"uv": [7, 16.5], "uv_size": [0.5, -7.5]}
							}
						},
						{
							"origin": [-0.61718, -2.12901, 0.01734],
							"size": [0.41399, 0.21971, 8.92159],
							"inflate": 0.001,
							"pivot": [-0.38617, -1.98259, 6.96439],
							"rotation": [0, 0, 45],
							"uv": {
								"north": {"uv": [20, 10], "uv_size": [0.5, 0.5]},
								"east": {"uv": [8, 7], "uv_size": [7.5, 0.5]},
								"south": {"uv": [11, 20], "uv_size": [0.5, 0.5]},
								"west": {"uv": [9, 0], "uv_size": [7.5, 0.5]},
								"up": {"uv": [8, 9], "uv_size": [0.5, 7.5]},
								"down": {"uv": [9, 16.5], "uv_size": [0.5, -7.5]}
							}
						},
						{
							"origin": [0.37077, -1.92294, 0.01734],
							"size": [0.29284, 0.87784, 8.92159],
							"inflate": 0.001,
							"uv": {
								"north": {"uv": [10, 19], "uv_size": [0.5, 1]},
								"east": {"uv": [0, 4], "uv_size": [7.5, 1]},
								"south": {"uv": [19, 10], "uv_size": [0.5, 1]},
								"west": {"uv": [0, 5], "uv_size": [7.5, 1]},
								"up": {"uv": [10, 9], "uv_size": [0.5, 7.5]},
								"down": {"uv": [11, 16.5], "uv_size": [0.5, -7.5]}
							}
						},
						{
							"origin": [0.37077, -1.92294, 8.93859],
							"size": [0.29284, 0.43909, 0.36596],
							"inflate": 0.001,
							"uv": {
								"north": {"uv": [20, 11], "uv_size": [0.5, 0.5]},
								"east": {"uv": [20, 12], "uv_size": [0.5, 0.5]},
								"south": {"uv": [13, 20], "uv_size": [0.5, 0.5]},
								"west": {"uv": [20, 13], "uv_size": [0.5, 0.5]},
								"up": {"uv": [14, 20], "uv_size": [0.5, 0.5]},
								"down": {"uv": [20, 14.5], "uv_size": [0.5, -0.5]}
							}
						},
						{
							"origin": [0.37077, -1.6777, 8.91014],
							"size": [0.29284, 0.58534, 0.29284],
							"inflate": 0.001,
							"pivot": [0.51719, -1.45816, 9.01999],
							"rotation": [45, 0, 0],
							"uv": {
								"north": {"uv": [15, 20], "uv_size": [0.5, 0.5]},
								"east": {"uv": [20, 15], "uv_size": [0.5, 0.5]},
								"south": {"uv": [16, 20], "uv_size": [0.5, 0.5]},
								"west": {"uv": [20, 16], "uv_size": [0.5, 0.5]},
								"up": {"uv": [17, 20], "uv_size": [0.5, 0.5]},
								"down": {"uv": [20, 17.5], "uv_size": [0.5, -0.5]}
							}
						},
						{
							"origin": [-0.36048, -2.21544, 8.93859],
							"size": [0.73159, 0.29284, 0.36596],
							"inflate": 0.001,
							"uv": {
								"north": {"uv": [18, 20], "uv_size": [0.5, 0.5]},
								"east": {"uv": [20, 18], "uv_size": [0.5, 0.5]},
								"south": {"uv": [19, 20], "uv_size": [0.5, 0.5]},
								"west": {"uv": [20, 19], "uv_size": [0.5, 0.5]},
								"up": {"uv": [20, 20], "uv_size": [0.5, 0.5]},
								"down": {"uv": [0, 21.5], "uv_size": [0.5, -0.5]}
							}
						},
						{
							"origin": [-0.36048, -2.50794, 8.93859],
							"size": [0.73159, 0.29284, 0.36596],
							"inflate": 0.001,
							"uv": {
								"north": {"uv": [21, 0], "uv_size": [0.5, 0.5]},
								"east": {"uv": [1, 21], "uv_size": [0.5, 0.5]},
								"south": {"uv": [21, 1], "uv_size": [0.5, 0.5]},
								"west": {"uv": [2, 21], "uv_size": [0.5, 0.5]},
								"up": {"uv": [21, 2], "uv_size": [0.5, 0.5]},
								"down": {"uv": [3, 21.5], "uv_size": [0.5, -0.5]}
							}
						},
						{
							"origin": [-0.36048, -2.39315, 8.21523],
							"size": [0.73159, 0.29284, 0.80471],
							"inflate": 0.001,
							"pivot": [0.00531, -2.24673, 8.69071],
							"rotation": [-22.5, 0, 0],
							"uv": {
								"north": {"uv": [21, 3], "uv_size": [0.5, 0.5]},
								"east": {"uv": [4, 21], "uv_size": [0.5, 0.5]},
								"south": {"uv": [21, 4], "uv_size": [0.5, 0.5]},
								"west": {"uv": [5, 21], "uv_size": [0.5, 0.5]},
								"up": {"uv": [21, 5], "uv_size": [0.5, 0.5]},
								"down": {"uv": [6, 21.5], "uv_size": [0.5, -0.5]}
							}
						},
						{
							"origin": [-0.36048, -2.39315, 6.07883],
							"size": [0.73159, 0.29284, 0.80472],
							"inflate": 0.001,
							"pivot": [0.00531, -2.24673, 6.40806],
							"rotation": [22.5, 0, 0],
							"uv": {
								"north": {"uv": [21, 6], "uv_size": [0.5, 0.5]},
								"east": {"uv": [7, 21], "uv_size": [0.5, 0.5]},
								"south": {"uv": [21, 7], "uv_size": [0.5, 0.5]},
								"west": {"uv": [8, 21], "uv_size": [0.5, 0.5]},
								"up": {"uv": [21, 8], "uv_size": [0.5, 0.5]},
								"down": {"uv": [9, 21.5], "uv_size": [0.5, -0.5]}
							}
						},
						{
							"origin": [-0.36048, -2.61252, 0.1557],
							"size": [0.73159, 0.58534, 0.65846],
							"inflate": 0.001,
							"pivot": [0.00531, -2.4661, 0.55806],
							"rotation": [22.5, 0, 0],
							"uv": {
								"north": {"uv": [21, 9], "uv_size": [0.5, 0.5]},
								"east": {"uv": [10, 21], "uv_size": [0.5, 0.5]},
								"south": {"uv": [21, 10], "uv_size": [0.5, 0.5]},
								"west": {"uv": [11, 21], "uv_size": [0.5, 0.5]},
								"up": {"uv": [21, 11], "uv_size": [0.5, 0.5]},
								"down": {"uv": [12, 21.5], "uv_size": [0.5, -0.5]}
							}
						},
						{
							"origin": [-0.36048, -2.50794, 0.60234],
							"size": [0.73159, 0.29284, 5.55784],
							"inflate": 0.001,
							"uv": {
								"north": {"uv": [21, 12], "uv_size": [0.5, 0.5]},
								"east": {"uv": [16, 6], "uv_size": [5, 0.5]},
								"south": {"uv": [13, 21], "uv_size": [0.5, 0.5]},
								"west": {"uv": [16, 7], "uv_size": [5, 0.5]},
								"up": {"uv": [16, 9], "uv_size": [0.5, 5]},
								"down": {"uv": [12, 21], "uv_size": [0.5, -5]}
							}
						},
						{
							"origin": [0.21381, -2.12901, 8.93859],
							"size": [0.41399, 0.21971, 0.36596],
							"inflate": 0.001,
							"pivot": [0.39679, -1.98259, 10.10876],
							"rotation": [0, 0, -45],
							"uv": {
								"north": {"uv": [21, 13], "uv_size": [0.5, 0.5]},
								"east": {"uv": [14, 21], "uv_size": [0.5, 0.5]},
								"south": {"uv": [21, 14], "uv_size": [0.5, 0.5]},
								"west": {"uv": [15, 21], "uv_size": [0.5, 0.5]},
								"up": {"uv": [21, 15], "uv_size": [0.5, 0.5]},
								"down": {"uv": [16, 21.5], "uv_size": [0.5, -0.5]}
							}
						},
						{
							"origin": [-0.65298, -1.6777, 8.91014],
							"size": [0.29284, 0.58534, 0.29284],
							"inflate": 0.001,
							"pivot": [-0.50656, -1.45816, 9.01999],
							"rotation": [45, 0, 0],
							"uv": {
								"north": {"uv": [21, 16], "uv_size": [0.5, 0.5]},
								"east": {"uv": [17, 21], "uv_size": [0.5, 0.5]},
								"south": {"uv": [21, 17], "uv_size": [0.5, 0.5]},
								"west": {"uv": [18, 21], "uv_size": [0.5, 0.5]},
								"up": {"uv": [21, 18], "uv_size": [0.5, 0.5]},
								"down": {"uv": [19, 21.5], "uv_size": [0.5, -0.5]}
							}
						},
						{
							"origin": [-0.65298, -1.92294, 8.93859],
							"size": [0.29284, 0.43909, 0.36596],
							"inflate": 0.001,
							"uv": {
								"north": {"uv": [21, 19], "uv_size": [0.5, 0.5]},
								"east": {"uv": [20, 21], "uv_size": [0.5, 0.5]},
								"south": {"uv": [21, 20], "uv_size": [0.5, 0.5]},
								"west": {"uv": [21, 21], "uv_size": [0.5, 0.5]},
								"up": {"uv": [0, 22], "uv_size": [0.5, 0.5]},
								"down": {"uv": [22, 0.5], "uv_size": [0.5, -0.5]}
							}
						},
						{
							"origin": [-0.61718, -2.12901, 8.93859],
							"size": [0.41399, 0.21971, 0.36596],
							"inflate": 0.001,
							"pivot": [-0.38617, -1.98259, 10.10876],
							"rotation": [0, 0, 45],
							"uv": {
								"north": {"uv": [1, 22], "uv_size": [0.5, 0.5]},
								"east": {"uv": [22, 1], "uv_size": [0.5, 0.5]},
								"south": {"uv": [2, 22], "uv_size": [0.5, 0.5]},
								"west": {"uv": [22, 2], "uv_size": [0.5, 0.5]},
								"up": {"uv": [3, 22], "uv_size": [0.5, 0.5]},
								"down": {"uv": [22, 3.5], "uv_size": [0.5, -0.5]}
							}
						},
						{
							"origin": [0.35392, -1.10697, 0.01734],
							"size": [0.29284, 0.14659, 8.92159],
							"inflate": 0.001,
							"pivot": [0.50034, -1.03367, 7.36657],
							"rotation": [0, 0, -22.5],
							"uv": {
								"north": {"uv": [4, 22], "uv_size": [0.5, 0.5]},
								"east": {"uv": [9, 1], "uv_size": [7.5, 0.5]},
								"south": {"uv": [22, 4], "uv_size": [0.5, 0.5]},
								"west": {"uv": [9, 2], "uv_size": [7.5, 0.5]},
								"up": {"uv": [12, 8], "uv_size": [0.5, 7.5]},
								"down": {"uv": [0, 20.5], "uv_size": [0.5, -7.5]}
							}
						},
						{
							"origin": [-0.63613, -1.10697, 0.01734],
							"size": [0.29284, 0.14659, 8.92159],
							"inflate": 0.001,
							"pivot": [-0.48971, -1.03367, 7.36657],
							"rotation": [0, 0, 22.5],
							"uv": {
								"north": {"uv": [5, 22], "uv_size": [0.5, 0.5]},
								"east": {"uv": [9, 3], "uv_size": [7.5, 0.5]},
								"south": {"uv": [22, 5], "uv_size": [0.5, 0.5]},
								"west": {"uv": [13, 8], "uv_size": [7.5, 0.5]},
								"up": {"uv": [1, 13], "uv_size": [0.5, 7.5]},
								"down": {"uv": [13, 16.5], "uv_size": [0.5, -7.5]}
							}
						},
						{
							"origin": [0.15139, -1.48419, 5.79422],
							"size": [0.21971, 0.29284, 3.14472],
							"inflate": 0.001,
							"uv": {
								"north": {"uv": [6, 22], "uv_size": [0.5, 0.5]},
								"east": {"uv": [17, 3], "uv_size": [2.5, 0.5]},
								"south": {"uv": [22, 6], "uv_size": [0.5, 0.5]},
								"west": {"uv": [8, 17], "uv_size": [2.5, 0.5]},
								"up": {"uv": [17, 9], "uv_size": [0.5, 2.5]},
								"down": {"uv": [11, 19.5], "uv_size": [0.5, -2.5]}
							}
						},
						{
							"origin": [-0.36048, -1.48419, 5.79422],
							"size": [0.21972, 0.29284, 3.14472],
							"inflate": 0.001,
							"uv": {
								"north": {"uv": [7, 22], "uv_size": [0.5, 0.5]},
								"east": {"uv": [17, 12], "uv_size": [2.5, 0.5]},
								"south": {"uv": [22, 7], "uv_size": [0.5, 0.5]},
								"west": {"uv": [13, 17], "uv_size": [2.5, 0.5]},
								"up": {"uv": [2, 18], "uv_size": [0.5, 2.5]},
								"down": {"uv": [3, 20.5], "uv_size": [0.5, -2.5]}
							}
						},
						{
							"origin": [-0.65298, -1.92294, 0.01734],
							"size": [0.29284, 0.87784, 8.92159],
							"inflate": 0.001,
							"uv": {
								"north": {"uv": [19, 14], "uv_size": [0.5, 1]},
								"east": {"uv": [0, 6], "uv_size": [7.5, 1]},
								"south": {"uv": [15, 19], "uv_size": [0.5, 1]},
								"west": {"uv": [0, 7], "uv_size": [7.5, 1]},
								"up": {"uv": [14, 9], "uv_size": [0.5, 7.5]},
								"down": {"uv": [15, 16.5], "uv_size": [0.5, -7.5]}
							}
						},
						{
							"origin": [-0.72679, -2.80112, -0.04584],
							"size": [1.4642, 2.09045, 0.34608],
							"inflate": 0.005,
							"uv": {
								"north": {"uv": [16, 14], "uv_size": [1.5, 1.5]},
								"east": {"uv": [14, 18], "uv_size": [0.5, 1.5]},
								"south": {"uv": [16, 16], "uv_size": [1.5, 1.5]},
								"west": {"uv": [18, 14], "uv_size": [0.5, 1.5]},
								"up": {"uv": [18, 11], "uv_size": [1.5, 0.5]},
								"down": {"uv": [15, 18.5], "uv_size": [1.5, -0.5]}
							}
						},
						{
							"origin": [-0.09986, -2.65419, -10.22016],
							"size": [0.13722, 1.60909, 10.23784],
							"inflate": 0.001,
							"uv": {
								"north": {"uv": [18, 16], "uv_size": [0.5, 1.5]},
								"east": {"uv": [0, 0], "uv_size": [9, 1.5]},
								"south": {"uv": [17, 18], "uv_size": [0.5, 1.5]},
								"west": {"uv": [0, 2], "uv_size": [9, 1.5]},
								"up": {"uv": [2, 8], "uv_size": [0.5, 9]},
								"down": {"uv": [3, 17], "uv_size": [0.5, -9]}
							}
						},
						{
							"origin": [-0.09986, -1.99606, -12.41391],
							"size": [0.13722, 0.95096, 2.19409],
							"inflate": 0.001,
							"uv": {
								"north": {"uv": [19, 15], "uv_size": [0.5, 1]},
								"east": {"uv": [17, 0], "uv_size": [2, 1]},
								"south": {"uv": [16, 19], "uv_size": [0.5, 1]},
								"west": {"uv": [17, 1], "uv_size": [2, 1]},
								"up": {"uv": [18, 9], "uv_size": [0.5, 2]},
								"down": {"uv": [13, 20], "uv_size": [0.5, -2]}
							}
						},
						{
							"origin": [-0.09986, -1.81874, -15.09426],
							"size": [0.13722, 0.41749, 2.83533],
							"inflate": 0.001,
							"pivot": [-0.03125, -2.20579, -14.5991],
							"rotation": [9, 0, 0],
							"uv": {
								"north": {"uv": [23, 6], "uv_size": [0.5, 0.5]},
								"east": {"uv": [17, 13], "uv_size": [2.5, 0.5]},
								"south": {"uv": [7, 23], "uv_size": [0.5, 0.5]},
								"west": {"uv": [8, 18], "uv_size": [2.5, 0.5]},
								"up": {"uv": [4, 18], "uv_size": [0.5, 2.5]},
								"down": {"uv": [5, 20.5], "uv_size": [0.5, -2.5]}
							}
						},
						{
							"origin": [-0.09986, -2.4906, -14.31966],
							"size": [0.13722, 0.65846, 4.09534],
							"inflate": 0.001,
							"pivot": [-0.03125, -2.63668, -12.56449],
							"rotation": [-4, 0, 0],
							"uv": {
								"north": {"uv": [23, 7], "uv_size": [0.5, 0.5]},
								"east": {"uv": [2, 17], "uv_size": [3.5, 0.5]},
								"south": {"uv": [8, 23], "uv_size": [0.5, 0.5]},
								"west": {"uv": [17, 2], "uv_size": [3.5, 0.5]},
								"up": {"uv": [6, 17], "uv_size": [0.5, 3.5]},
								"down": {"uv": [7, 20.5], "uv_size": [0.5, -3.5]}
							}
						},
						{
							"origin": [-0.09986, -1.9056, -14.10029],
							"size": [0.13722, 0.51221, 1.68221],
							"inflate": 0.001,
							"pivot": [-0.03125, -1.97855, -12.56449],
							"rotation": [-2, 0, 0],
							"uv": {
								"north": {"uv": [23, 8], "uv_size": [0.5, 0.5]},
								"east": {"uv": [18, 18], "uv_size": [1.5, 0.5]},
								"south": {"uv": [9, 23], "uv_size": [0.5, 0.5]},
								"west": {"uv": [19, 0], "uv_size": [1.5, 0.5]},
								"up": {"uv": [8, 19], "uv_size": [0.5, 1.5]},
								"down": {"uv": [9, 20.5], "uv_size": [0.5, -1.5]}
							}
						},
						{
							"origin": [-0.09986, -1.7615, -14.95666],
							"size": [0.13722, 0.33855, 0.96483],
							"inflate": 0.001,
							"pivot": [-0.03125, -1.45968, -15.32211],
							"rotation": [-29, 0, 0],
							"uv": {
								"north": {"uv": [23, 9], "uv_size": [0.5, 0.5]},
								"east": {"uv": [19, 16], "uv_size": [1, 0.5]},
								"south": {"uv": [10, 23], "uv_size": [0.5, 0.5]},
								"west": {"uv": [19, 17], "uv_size": [1, 0.5]},
								"up": {"uv": [18, 19], "uv_size": [0.5, 1]},
								"down": {"uv": [19, 20], "uv_size": [0.5, -1]}
							}
						},
						{
							"origin": [-0.09986, -1.4657, -14.35394],
							"size": [0.13722, 0.26543, 0.37983],
							"inflate": 0.001,
							"pivot": [-0.03125, -1.16388, -15.15815],
							"rotation": [-29, 0, 0],
							"uv": {
								"north": {"uv": [23, 10], "uv_size": [0.5, 0.5]},
								"east": {"uv": [11, 23], "uv_size": [0.5, 0.5]},
								"south": {"uv": [23, 11], "uv_size": [0.5, 0.5]},
								"west": {"uv": [12, 23], "uv_size": [0.5, 0.5]},
								"up": {"uv": [23, 12], "uv_size": [0.5, 0.5]},
								"down": {"uv": [13, 23.5], "uv_size": [0.5, -0.5]}
							}
						}
					]
				},
				{
					"name": "bone8",
					"parent": "bone7",
					"pivot": [0.56731, 0.40728, 0.1272],
					"cubes": [
						{
							"origin": [0.29434, -0.08906, -0.03144],
							"size": [0.73847, 0.10667, 0.31727],
							"inflate": 0.001,
							"pivot": [0.66358, -0.03572, 0.1272],
							"rotation": [0, 0, -90],
							"uv": {
								"north": {"uv": [11, 22], "uv_size": [0.5, 0.5]},
								"east": {"uv": [22, 11], "uv_size": [0.5, 0.5]},
								"south": {"uv": [12, 22], "uv_size": [0.5, 0.5]},
								"west": {"uv": [22, 12], "uv_size": [0.5, 0.5]},
								"up": {"uv": [13, 22], "uv_size": [0.5, 0.5]},
								"down": {"uv": [22, 13.5], "uv_size": [0.5, -0.5]}
							}
						},
						{
							"origin": [0.19807, -0.53208, -0.03144],
							"size": [0.52787, 0.10667, 0.31727],
							"inflate": 0.001,
							"pivot": [0.56731, -0.47874, 0.1272],
							"rotation": [0, 0, -45],
							"uv": {
								"north": {"uv": [17, 22], "uv_size": [0.5, 0.5]},
								"east": {"uv": [22, 17], "uv_size": [0.5, 0.5]},
								"south": {"uv": [18, 22], "uv_size": [0.5, 0.5]},
								"west": {"uv": [22, 18], "uv_size": [0.5, 0.5]},
								"up": {"uv": [19, 22], "uv_size": [0.5, 0.5]},
								"down": {"uv": [22, 19.5], "uv_size": [0.5, -0.5]}
							}
						},
						{
							"origin": [-0.77517, -0.53208, -0.03144],
							"size": [0.52787, 0.10667, 0.31727],
							"inflate": 0.001,
							"pivot": [-0.61654, -0.47874, 0.1272],
							"rotation": [0, 0, 45],
							"uv": {
								"north": {"uv": [23, 0], "uv_size": [0.5, 0.5]},
								"east": {"uv": [1, 23], "uv_size": [0.5, 0.5]},
								"south": {"uv": [23, 1], "uv_size": [0.5, 0.5]},
								"west": {"uv": [2, 23], "uv_size": [0.5, 0.5]},
								"up": {"uv": [23, 2], "uv_size": [0.5, 0.5]},
								"down": {"uv": [3, 23.5], "uv_size": [0.5, -0.5]}
							}
						},
						{
							"origin": [-1.08204, -0.08906, -0.03144],
							"size": [0.73847, 0.10667, 0.31727],
							"inflate": 0.001,
							"pivot": [-0.7128, -0.03572, 0.1272],
							"rotation": [0, 0, 90],
							"uv": {
								"north": {"uv": [20, 22], "uv_size": [0.5, 0.5]},
								"east": {"uv": [22, 20], "uv_size": [0.5, 0.5]},
								"south": {"uv": [21, 22], "uv_size": [0.5, 0.5]},
								"west": {"uv": [22, 21], "uv_size": [0.5, 0.5]},
								"up": {"uv": [22, 22], "uv_size": [0.5, 0.5]},
								"down": {"uv": [0, 23.5], "uv_size": [0.5, -0.5]}
							}
						},
						{
							"origin": [-0.77517, 0.35394, -0.03144],
							"size": [0.52787, 0.10667, 0.31727],
							"inflate": 0.001,
							"pivot": [-0.61654, 0.40728, 0.1272],
							"rotation": [0, 0, -45],
							"uv": {
								"north": {"uv": [23, 3], "uv_size": [0.5, 0.5]},
								"east": {"uv": [4, 23], "uv_size": [0.5, 0.5]},
								"south": {"uv": [23, 4], "uv_size": [0.5, 0.5]},
								"west": {"uv": [5, 23], "uv_size": [0.5, 0.5]},
								"up": {"uv": [23, 5], "uv_size": [0.5, 0.5]},
								"down": {"uv": [6, 23.5], "uv_size": [0.5, -0.5]}
							}
						},
						{
							"origin": [-0.39385, 0.59913, -0.03144],
							"size": [0.73847, 0.10667, 0.31727],
							"inflate": 0.001,
							"uv": {
								"north": {"uv": [8, 22], "uv_size": [0.5, 0.5]},
								"east": {"uv": [22, 8], "uv_size": [0.5, 0.5]},
								"south": {"uv": [9, 22], "uv_size": [0.5, 0.5]},
								"west": {"uv": [22, 9], "uv_size": [0.5, 0.5]},
								"up": {"uv": [10, 22], "uv_size": [0.5, 0.5]},
								"down": {"uv": [22, 10.5], "uv_size": [0.5, -0.5]}
							}
						},
						{
							"origin": [0.19807, 0.35394, -0.03144],
							"size": [0.52787, 0.10667, 0.31727],
							"inflate": 0.001,
							"pivot": [0.56731, 0.40728, 0.1272],
							"rotation": [0, 0, 45],
							"uv": {
								"north": {"uv": [14, 22], "uv_size": [0.5, 0.5]},
								"east": {"uv": [22, 14], "uv_size": [0.5, 0.5]},
								"south": {"uv": [15, 22], "uv_size": [0.5, 0.5]},
								"west": {"uv": [22, 15], "uv_size": [0.5, 0.5]},
								"up": {"uv": [16, 22], "uv_size": [0.5, 0.5]},
								"down": {"uv": [22, 16.5], "uv_size": [0.5, -0.5]}
							}
						}
					]
				}
			]
		}
	]
}