{
	"format_version": "1.12.0",
	"minecraft:geometry": [
		{
			"description": {
				"identifier": "geometry.scope_standard_8x - Converted",
				"texture_width": 512,
				"texture_height": 512,
				"visible_bounds_width": 22,
				"visible_bounds_height": 15,
				"visible_bounds_offset": [0, 0.5, 0]
			},
			"bones": [
				{
					"name": "scope_body",
					"pivot": [0, 7.575, 0.125]
				},
				{
					"name": "1_6",
					"parent": "scope_body",
					"pivot": [0, 0.6875, -0.1875]
				},
				{
					"name": "iron_sight_ring",
					"parent": "1_6",
					"pivot": [0, 0.6875, -0.1875],
					"cubes": [
						{
							"origin": [0.875, 1.1875, 2],
							"size": [0.25, 1.25, 0.375],
							"uv": {
								"north": {"uv": [30, 35], "uv_size": [1, 1]},
								"east": {"uv": [32, 35], "uv_size": [1, 1]},
								"south": {"uv": [35, 32], "uv_size": [1, 1]},
								"west": {"uv": [34, 35], "uv_size": [1, 1]}
							}
						},
						{
							"origin": [-1.125, 1.1875, 2],
							"size": [0.25, 1.25, 0.375],
							"uv": {
								"north": {"uv": [36, 0], "uv_size": [1, 1]},
								"east": {"uv": [2, 36], "uv_size": [1, 1]},
								"south": {"uv": [36, 4], "uv_size": [1, 1]},
								"west": {"uv": [36, 6], "uv_size": [1, 1]}
							}
						},
						{
							"origin": [-0.625, 0.6875, 2],
							"size": [1.25, 0.25, 0.375],
							"uv": {
								"north": {"uv": [36, 8], "uv_size": [1, 1]},
								"south": {"uv": [36, 10], "uv_size": [1, 1]},
								"up": {"uv": [12, 36], "uv_size": [1, 1]},
								"down": {"uv": [36, 13], "uv_size": [1, -1]}
							}
						},
						{
							"origin": [-0.625, 2.6875, 2],
							"size": [1.25, 0.25, 0.375],
							"uv": {
								"north": {"uv": [14, 36], "uv_size": [1, 1]},
								"south": {"uv": [16, 36], "uv_size": [1, 1]},
								"up": {"uv": [18, 36], "uv_size": [1, 1]},
								"down": {"uv": [20, 37], "uv_size": [1, -1]}
							}
						},
						{
							"origin": [-1.20136, 2.62186, 2],
							"size": [0.7071, 0.25, 0.375],
							"pivot": [-0.63886, 2.74686, 2.1875],
							"rotation": [0, 0, -45],
							"uv": {
								"north": {"uv": [36, 21], "uv_size": [1, 1]},
								"south": {"uv": [22, 36], "uv_size": [1, 1]},
								"up": {"uv": [27, 36], "uv_size": [1, 1]},
								"down": {"uv": [36, 31], "uv_size": [1, -1]}
							}
						},
						{
							"origin": [-1.04235, 0.46285, 2],
							"size": [0.7071, 0.25, 0.375],
							"pivot": [-0.47985, 2.58785, 2.1875],
							"rotation": [0, 0, -45],
							"uv": {
								"north": {"uv": [36, 34], "uv_size": [1, 1]},
								"south": {"uv": [36, 36], "uv_size": [1, 1]},
								"up": {"uv": [4, 37], "uv_size": [1, 1]},
								"down": {"uv": [6, 38], "uv_size": [1, -1]}
							}
						},
						{
							"origin": [0.98744, 1.45895, 2],
							"size": [0.25, 0.7071, 0.375],
							"pivot": [0, 1.8125, 2.1875],
							"rotation": [0, 0, -45],
							"uv": {
								"north": {"uv": [8, 37], "uv_size": [1, 1]},
								"east": {"uv": [10, 37], "uv_size": [1, 1]},
								"south": {"uv": [37, 16], "uv_size": [1, 1]},
								"west": {"uv": [37, 18], "uv_size": [1, 1]}
							}
						},
						{
							"origin": [-1.23744, 1.45895, 2],
							"size": [0.25, 0.7071, 0.375],
							"pivot": [0, 1.8125, 2.1875],
							"rotation": [0, 0, -45],
							"uv": {
								"north": {"uv": [37, 23], "uv_size": [1, 1]},
								"east": {"uv": [37, 25], "uv_size": [1, 1]},
								"south": {"uv": [37, 27], "uv_size": [1, 1]},
								"west": {"uv": [29, 37], "uv_size": [1, 1]}
							}
						}
					]
				},
				{
					"name": "octagon",
					"parent": "iron_sight_ring",
					"pivot": [0, 0.6875, -0.1875]
				},
				{
					"name": "rear_lens",
					"parent": "1_6",
					"pivot": [0.5, 1.25, 2.8125]
				},
				{
					"name": "rear_scope",
					"parent": "1_6",
					"pivot": [0, 0.6875, -0.1875]
				},
				{
					"name": "octagon9",
					"parent": "rear_scope",
					"pivot": [0, 0.6875, -0.1875],
					"cubes": [
						{
							"origin": [-1.09375, 1.35945, -0.625],
							"size": [0.125, 0.9061, 0.75],
							"uv": {
								"north": {"uv": [31, 37], "uv_size": [1, 1]},
								"east": {"uv": [37, 32], "uv_size": [1, 1]},
								"south": {"uv": [33, 37], "uv_size": [1, 1]}
							}
						},
						{
							"origin": [-0.45305, 0.71875, -0.625],
							"size": [0.9061, 0.125, 0.75],
							"pivot": [0, 1.8125, -0.25],
							"rotation": [0, 0, 45],
							"uv": {
								"north": {"uv": [0, 38], "uv_size": [1, 1]},
								"south": {"uv": [38, 0], "uv_size": [1, 1]},
								"down": {"uv": [2, 39], "uv_size": [1, -1]}
							}
						},
						{
							"origin": [0.96875, 1.35945, -0.625],
							"size": [0.125, 0.9061, 0.75],
							"uv": {
								"north": {"uv": [38, 2], "uv_size": [1, 1]},
								"south": {"uv": [38, 4], "uv_size": [1, 1]},
								"west": {"uv": [38, 6], "uv_size": [1, 1]}
							}
						},
						{
							"origin": [-0.45305, 2.78125, -0.625],
							"size": [0.9061, 0.125, 0.75],
							"pivot": [0, 1.8125, -0.25],
							"rotation": [0, 0, 45],
							"uv": {
								"north": {"uv": [38, 8], "uv_size": [1, 1]},
								"south": {"uv": [38, 10], "uv_size": [1, 1]},
								"up": {"uv": [12, 38], "uv_size": [1, 1]}
							}
						},
						{
							"origin": [-0.45305, 0.71875, -0.625],
							"size": [0.9061, 0.125, 0.75],
							"uv": {
								"north": {"uv": [38, 12], "uv_size": [1, 1]},
								"south": {"uv": [14, 38], "uv_size": [1, 1]},
								"down": {"uv": [38, 15], "uv_size": [1, -1]}
							}
						},
						{
							"origin": [0.96875, 1.35945, -0.625],
							"size": [0.125, 0.9061, 0.75],
							"pivot": [0, 1.8125, -0.25],
							"rotation": [0, 0, 45],
							"uv": {
								"north": {"uv": [16, 38], "uv_size": [1, 1]},
								"south": {"uv": [18, 38], "uv_size": [1, 1]},
								"west": {"uv": [20, 38], "uv_size": [1, 1]}
							}
						},
						{
							"origin": [-0.45305, 2.78125, -0.625],
							"size": [0.9061, 0.125, 0.75],
							"uv": {
								"north": {"uv": [38, 20], "uv_size": [1, 1]},
								"south": {"uv": [22, 38], "uv_size": [1, 1]},
								"up": {"uv": [24, 38], "uv_size": [1, 1]}
							}
						},
						{
							"origin": [-1.09375, 1.35945, -0.625],
							"size": [0.125, 0.9061, 0.75],
							"pivot": [0, 1.8125, -0.25],
							"rotation": [0, 0, 45],
							"uv": {
								"north": {"uv": [26, 38], "uv_size": [1, 1]},
								"east": {"uv": [38, 29], "uv_size": [1, 1]},
								"south": {"uv": [38, 34], "uv_size": [1, 1]}
							}
						}
					]
				},
				{
					"name": "hexadecagon5",
					"parent": "rear_scope",
					"pivot": [0, 0.6875, -0.1875],
					"cubes": [
						{
							"origin": [-0.21134, 0.75, -0.9375],
							"size": [0.42268, 0.1875, 3.375],
							"pivot": [0, 1.8125, 1.4375],
							"rotation": [0, 0, -45],
							"uv": {
								"north": {"uv": [35, 38], "uv_size": [1, 1]},
								"south": {"uv": [38, 36], "uv_size": [1, 1]},
								"up": {"uv": [6, 22], "uv_size": [1, 3]},
								"down": {"uv": [8, 25], "uv_size": [1, -3]}
							}
						},
						{
							"origin": [-0.21134, 0.75, -0.9375],
							"size": [0.42268, 0.1875, 3.375],
							"pivot": [0, 1.8125, 1.4375],
							"rotation": [0, 0, -22.5],
							"uv": {
								"north": {"uv": [37, 38], "uv_size": [1, 1]},
								"south": {"uv": [4, 39], "uv_size": [1, 1]},
								"up": {"uv": [10, 22], "uv_size": [1, 3]},
								"down": {"uv": [12, 25], "uv_size": [1, -3]}
							}
						},
						{
							"origin": [-0.21134, 0.75, -0.9375],
							"size": [0.42268, 0.1875, 3.375],
							"uv": {
								"north": {"uv": [6, 39], "uv_size": [1, 1]},
								"south": {"uv": [8, 39], "uv_size": [1, 1]},
								"up": {"uv": [14, 22], "uv_size": [1, 3]},
								"down": {"uv": [16, 25], "uv_size": [1, -3]}
							}
						},
						{
							"origin": [-0.21134, 0.75, -0.9375],
							"size": [0.42268, 0.1875, 3.375],
							"pivot": [0, 1.8125, 1.4375],
							"rotation": [0, 0, 22.5],
							"uv": {
								"north": {"uv": [10, 39], "uv_size": [1, 1]},
								"south": {"uv": [39, 16], "uv_size": [1, 1]},
								"up": {"uv": [22, 16], "uv_size": [1, 3]},
								"down": {"uv": [22, 23], "uv_size": [1, -3]}
							}
						},
						{
							"origin": [-0.21134, 0.75, -0.9375],
							"size": [0.42268, 0.1875, 3.375],
							"pivot": [0, 1.8125, 1.4375],
							"rotation": [0, 0, 45],
							"uv": {
								"north": {"uv": [39, 18], "uv_size": [1, 1]},
								"south": {"uv": [39, 22], "uv_size": [1, 1]},
								"up": {"uv": [0, 24], "uv_size": [1, 3]},
								"down": {"uv": [2, 27], "uv_size": [1, -3]}
							}
						},
						{
							"origin": [-0.21134, 2.6875, -0.9375],
							"size": [0.42268, 0.1875, 3.375],
							"pivot": [0, 1.8125, 1.4375],
							"rotation": [0, 0, -45],
							"uv": {
								"north": {"uv": [39, 24], "uv_size": [1, 1]},
								"south": {"uv": [39, 26], "uv_size": [1, 1]},
								"up": {"uv": [4, 24], "uv_size": [1, 3]},
								"down": {"uv": [24, 11], "uv_size": [1, -3]}
							}
						},
						{
							"origin": [-0.21134, 2.6875, -0.9375],
							"size": [0.42268, 0.1875, 3.375],
							"pivot": [0, 1.8125, 1.4375],
							"rotation": [0, 0, -22.5],
							"uv": {
								"north": {"uv": [28, 39], "uv_size": [1, 1]},
								"south": {"uv": [30, 39], "uv_size": [1, 1]},
								"up": {"uv": [24, 12], "uv_size": [1, 3]},
								"down": {"uv": [24, 19], "uv_size": [1, -3]}
							}
						},
						{
							"origin": [-0.21134, 2.6875, -0.9375],
							"size": [0.42268, 0.1875, 3.375],
							"uv": {
								"north": {"uv": [39, 31], "uv_size": [1, 1]},
								"south": {"uv": [32, 39], "uv_size": [1, 1]},
								"up": {"uv": [24, 20], "uv_size": [1, 3]},
								"down": {"uv": [22, 27], "uv_size": [1, -3]}
							}
						},
						{
							"origin": [-0.21134, 2.6875, -0.9375],
							"size": [0.42268, 0.1875, 3.375],
							"pivot": [0, 1.8125, 1.4375],
							"rotation": [0, 0, 22.5],
							"uv": {
								"north": {"uv": [39, 38], "uv_size": [1, 1]},
								"south": {"uv": [0, 40], "uv_size": [1, 1]},
								"up": {"uv": [24, 24], "uv_size": [1, 3]},
								"down": {"uv": [26, 3], "uv_size": [1, -3]}
							}
						},
						{
							"origin": [-0.21134, 2.6875, -0.9375],
							"size": [0.42268, 0.1875, 3.375],
							"pivot": [0, 1.8125, 1.4375],
							"rotation": [0, 0, 45],
							"uv": {
								"north": {"uv": [40, 0], "uv_size": [1, 1]},
								"south": {"uv": [2, 40], "uv_size": [1, 1]},
								"up": {"uv": [26, 4], "uv_size": [1, 3]},
								"down": {"uv": [6, 29], "uv_size": [1, -3]}
							}
						},
						{
							"origin": [0.875, 1.60116, -0.9375],
							"size": [0.1875, 0.42268, 3.375],
							"pivot": [0, 1.8125, 1.4375],
							"rotation": [0, 0, -22.5],
							"uv": {
								"north": {"uv": [40, 2], "uv_size": [1, 1]},
								"east": {"uv": [8, 26], "uv_size": [3, 1]},
								"south": {"uv": [40, 4], "uv_size": [1, 1]},
								"west": {"uv": [26, 8], "uv_size": [3, 1]}
							}
						},
						{
							"origin": [0.875, 1.60116, -0.9375],
							"size": [0.1875, 0.42268, 3.375],
							"uv": {
								"north": {"uv": [40, 6], "uv_size": [1, 1]},
								"east": {"uv": [26, 10], "uv_size": [3, 1]},
								"south": {"uv": [40, 8], "uv_size": [1, 1]},
								"west": {"uv": [12, 26], "uv_size": [3, 1]}
							}
						},
						{
							"origin": [0.875, 1.60116, -0.9375],
							"size": [0.1875, 0.42268, 3.375],
							"pivot": [0, 1.8125, 1.4375],
							"rotation": [0, 0, 22.5],
							"uv": {
								"north": {"uv": [40, 10], "uv_size": [1, 1]},
								"east": {"uv": [26, 12], "uv_size": [3, 1]},
								"south": {"uv": [12, 40], "uv_size": [1, 1]},
								"west": {"uv": [26, 14], "uv_size": [3, 1]}
							}
						},
						{
							"origin": [-1.0625, 1.60116, -0.9375],
							"size": [0.1875, 0.42268, 3.375],
							"pivot": [0, 1.8125, 1.4375],
							"rotation": [0, 0, -22.5],
							"uv": {
								"north": {"uv": [40, 12], "uv_size": [1, 1]},
								"east": {"uv": [16, 26], "uv_size": [3, 1]},
								"south": {"uv": [14, 40], "uv_size": [1, 1]},
								"west": {"uv": [26, 16], "uv_size": [3, 1]}
							}
						},
						{
							"origin": [-1.0625, 1.60116, -0.9375],
							"size": [0.1875, 0.42268, 3.375],
							"uv": {
								"north": {"uv": [40, 14], "uv_size": [1, 1]},
								"east": {"uv": [26, 18], "uv_size": [3, 1]},
								"south": {"uv": [16, 40], "uv_size": [1, 1]},
								"west": {"uv": [26, 20], "uv_size": [3, 1]}
							}
						},
						{
							"origin": [-1.0625, 1.60116, -0.9375],
							"size": [0.1875, 0.42268, 3.375],
							"pivot": [0, 1.8125, 1.4375],
							"rotation": [0, 0, 22.5],
							"uv": {
								"north": {"uv": [18, 40], "uv_size": [1, 1]},
								"east": {"uv": [26, 22], "uv_size": [3, 1]},
								"south": {"uv": [20, 40], "uv_size": [1, 1]},
								"west": {"uv": [26, 24], "uv_size": [3, 1]}
							}
						},
						{
							"origin": [-0.18648, 0.875, 2.4375],
							"size": [0.37296, 0.0625, 0.25],
							"pivot": [0, 1.8125, 2.1875],
							"rotation": [0, 0, -45],
							"uv": {
								"up": {"uv": [40, 20], "uv_size": [1, 1]},
								"down": {"uv": [22, 41], "uv_size": [1, -1]}
							}
						},
						{
							"origin": [-0.18648, 0.875, 2.4375],
							"size": [0.37296, 0.0625, 0.25],
							"pivot": [0, 1.8125, 2.1875],
							"rotation": [0, 0, -22.5],
							"uv": {
								"up": {"uv": [24, 40], "uv_size": [1, 1]},
								"down": {"uv": [26, 41], "uv_size": [1, -1]}
							}
						},
						{
							"origin": [-0.18648, 0.875, 2.4375],
							"size": [0.37296, 0.0625, 0.25],
							"uv": {
								"up": {"uv": [40, 28], "uv_size": [1, 1]},
								"down": {"uv": [40, 34], "uv_size": [1, -1]}
							}
						},
						{
							"origin": [-0.18648, 0.875, 2.4375],
							"size": [0.37296, 0.0625, 0.25],
							"pivot": [0, 1.8125, 2.1875],
							"rotation": [0, 0, 22.5],
							"uv": {
								"up": {"uv": [34, 40], "uv_size": [1, 1]},
								"down": {"uv": [40, 36], "uv_size": [1, -1]}
							}
						},
						{
							"origin": [-0.18648, 0.875, 2.4375],
							"size": [0.37296, 0.0625, 0.25],
							"pivot": [0, 1.8125, 2.1875],
							"rotation": [0, 0, 45],
							"uv": {
								"up": {"uv": [36, 40], "uv_size": [1, 1]},
								"down": {"uv": [38, 41], "uv_size": [1, -1]}
							}
						},
						{
							"origin": [-0.18648, 2.6875, 2.4375],
							"size": [0.37296, 0.0625, 0.25],
							"pivot": [0, 1.8125, 2.1875],
							"rotation": [0, 0, -45],
							"uv": {
								"up": {"uv": [40, 40], "uv_size": [1, 1]},
								"down": {"uv": [4, 42], "uv_size": [1, -1]}
							}
						},
						{
							"origin": [-0.18648, 2.6875, 2.4375],
							"size": [0.37296, 0.0625, 0.25],
							"pivot": [0, 1.8125, 2.1875],
							"rotation": [0, 0, -22.5],
							"uv": {
								"up": {"uv": [6, 41], "uv_size": [1, 1]},
								"down": {"uv": [8, 42], "uv_size": [1, -1]}
							}
						},
						{
							"origin": [-0.18648, 2.6875, 2.4375],
							"size": [0.37296, 0.0625, 0.25],
							"uv": {
								"up": {"uv": [10, 41], "uv_size": [1, 1]},
								"down": {"uv": [41, 17], "uv_size": [1, -1]}
							}
						},
						{
							"origin": [-0.18648, 2.6875, 2.4375],
							"size": [0.37296, 0.0625, 0.25],
							"pivot": [0, 1.8125, 2.1875],
							"rotation": [0, 0, 22.5],
							"uv": {
								"up": {"uv": [41, 18], "uv_size": [1, 1]},
								"down": {"uv": [41, 23], "uv_size": [1, -1]}
							}
						},
						{
							"origin": [-0.18648, 2.6875, 2.4375],
							"size": [0.37296, 0.0625, 0.25],
							"pivot": [0, 1.8125, 2.1875],
							"rotation": [0, 0, 45],
							"uv": {
								"up": {"uv": [41, 24], "uv_size": [1, 1]},
								"down": {"uv": [41, 27], "uv_size": [1, -1]}
							}
						},
						{
							"origin": [0.875, 1.62602, 2.4375],
							"size": [0.0625, 0.37296, 0.25],
							"pivot": [0, 1.8125, 2.1875],
							"rotation": [0, 0, -22.5],
							"uv": {
								"east": {"uv": [28, 41], "uv_size": [1, 1]},
								"west": {"uv": [30, 41], "uv_size": [1, 1]}
							}
						},
						{
							"origin": [0.875, 1.62602, 2.4375],
							"size": [0.0625, 0.37296, 0.25],
							"uv": {
								"east": {"uv": [41, 30], "uv_size": [1, 1]},
								"west": {"uv": [32, 41], "uv_size": [1, 1]}
							}
						},
						{
							"origin": [0.875, 1.62602, 2.4375],
							"size": [0.0625, 0.37296, 0.25],
							"pivot": [0, 1.8125, 2.1875],
							"rotation": [0, 0, 22.5],
							"uv": {
								"east": {"uv": [41, 37], "uv_size": [1, 1]},
								"west": {"uv": [0, 42], "uv_size": [1, 1]}
							}
						},
						{
							"origin": [-0.9375, 1.62602, 2.4375],
							"size": [0.0625, 0.37296, 0.25],
							"pivot": [0, 1.8125, 2.1875],
							"rotation": [0, 0, -22.5],
							"uv": {
								"east": {"uv": [42, 0], "uv_size": [1, 1]},
								"west": {"uv": [2, 42], "uv_size": [1, 1]}
							}
						},
						{
							"origin": [-0.9375, 1.62602, 2.4375],
							"size": [0.0625, 0.37296, 0.25],
							"uv": {
								"east": {"uv": [42, 2], "uv_size": [1, 1]},
								"west": {"uv": [42, 4], "uv_size": [1, 1]}
							}
						},
						{
							"origin": [-0.9375, 1.62602, 2.4375],
							"size": [0.0625, 0.37296, 0.25],
							"pivot": [0, 1.8125, 2.1875],
							"rotation": [0, 0, 22.5],
							"uv": {
								"east": {"uv": [42, 6], "uv_size": [1, 1]},
								"west": {"uv": [42, 8], "uv_size": [1, 1]}
							}
						}
					]
				},
				{
					"name": "mount",
					"parent": "1_6",
					"pivot": [0, 0.6875, -0.1875]
				},
				{
					"name": "hide_when_ads",
					"parent": "1_6",
					"pivot": [0, 5.5, 4.625]
				},
				{
					"name": "hexadecagon4",
					"parent": "hide_when_ads",
					"pivot": [0, 0.6875, -0.1875],
					"cubes": [
						{
							"origin": [-0.14918, 1.0625, -20.6875],
							"size": [0.29836, 0.125, 0.625],
							"pivot": [0, 1.8125, -20.3125],
							"rotation": [0, 0, -45],
							"uv": {
								"north": {"uv": [6, 47], "uv_size": [1, 1]},
								"south": {"uv": [8, 47], "uv_size": [1, 1]},
								"up": {"uv": [10, 47], "uv_size": [1, 1]},
								"down": {"uv": [47, 17], "uv_size": [1, -1]}
							}
						},
						{
							"origin": [-0.14918, 1.0625, -20.6875],
							"size": [0.29836, 0.125, 0.625],
							"pivot": [0, 1.8125, -20.3125],
							"rotation": [0, 0, -22.5],
							"uv": {
								"north": {"uv": [47, 18], "uv_size": [1, 1]},
								"south": {"uv": [47, 22], "uv_size": [1, 1]},
								"up": {"uv": [47, 24], "uv_size": [1, 1]},
								"down": {"uv": [47, 27], "uv_size": [1, -1]}
							}
						},
						{
							"origin": [-0.14918, 1.0625, -20.6875],
							"size": [0.29836, 0.125, 0.625],
							"uv": {
								"north": {"uv": [28, 47], "uv_size": [1, 1]},
								"south": {"uv": [30, 47], "uv_size": [1, 1]},
								"up": {"uv": [47, 30], "uv_size": [1, 1]},
								"down": {"uv": [32, 48], "uv_size": [1, -1]}
							}
						},
						{
							"origin": [-0.14918, 1.0625, -20.6875],
							"size": [0.29836, 0.125, 0.625],
							"pivot": [0, 1.8125, -20.3125],
							"rotation": [0, 0, 22.5],
							"uv": {
								"north": {"uv": [47, 36], "uv_size": [1, 1]},
								"south": {"uv": [42, 47], "uv_size": [1, 1]},
								"up": {"uv": [0, 48], "uv_size": [1, 1]},
								"down": {"uv": [48, 1], "uv_size": [1, -1]}
							}
						},
						{
							"origin": [-0.14918, 1.0625, -20.6875],
							"size": [0.29836, 0.125, 0.625],
							"pivot": [0, 1.8125, -20.3125],
							"rotation": [0, 0, 45],
							"uv": {
								"north": {"uv": [2, 48], "uv_size": [1, 1]},
								"south": {"uv": [48, 2], "uv_size": [1, 1]},
								"up": {"uv": [48, 4], "uv_size": [1, 1]},
								"down": {"uv": [48, 7], "uv_size": [1, -1]}
							}
						},
						{
							"origin": [-0.14918, 2.4375, -20.6875],
							"size": [0.29836, 0.125, 0.625],
							"pivot": [0, 1.8125, -20.3125],
							"rotation": [0, 0, -45],
							"uv": {
								"north": {"uv": [48, 8], "uv_size": [1, 1]},
								"south": {"uv": [48, 10], "uv_size": [1, 1]},
								"up": {"uv": [12, 48], "uv_size": [1, 1]},
								"down": {"uv": [48, 13], "uv_size": [1, -1]}
							}
						},
						{
							"origin": [-0.14918, 2.4375, -20.6875],
							"size": [0.29836, 0.125, 0.625],
							"pivot": [0, 1.8125, -20.3125],
							"rotation": [0, 0, -22.5],
							"uv": {
								"north": {"uv": [14, 48], "uv_size": [1, 1]},
								"south": {"uv": [48, 14], "uv_size": [1, 1]},
								"up": {"uv": [16, 48], "uv_size": [1, 1]},
								"down": {"uv": [18, 49], "uv_size": [1, -1]}
							}
						},
						{
							"origin": [-0.14918, 2.4375, -20.6875],
							"size": [0.29836, 0.125, 0.625],
							"uv": {
								"north": {"uv": [20, 48], "uv_size": [1, 1]},
								"south": {"uv": [48, 20], "uv_size": [1, 1]},
								"up": {"uv": [22, 48], "uv_size": [1, 1]},
								"down": {"uv": [24, 49], "uv_size": [1, -1]}
							}
						},
						{
							"origin": [-0.14918, 2.4375, -20.6875],
							"size": [0.29836, 0.125, 0.625],
							"pivot": [0, 1.8125, -20.3125],
							"rotation": [0, 0, 22.5],
							"uv": {
								"north": {"uv": [26, 48], "uv_size": [1, 1]},
								"south": {"uv": [48, 28], "uv_size": [1, 1]},
								"up": {"uv": [48, 32], "uv_size": [1, 1]},
								"down": {"uv": [34, 49], "uv_size": [1, -1]}
							}
						},
						{
							"origin": [-0.14918, 2.4375, -20.6875],
							"size": [0.29836, 0.125, 0.625],
							"pivot": [0, 1.8125, -20.3125],
							"rotation": [0, 0, 45],
							"uv": {
								"north": {"uv": [48, 34], "uv_size": [1, 1]},
								"south": {"uv": [36, 48], "uv_size": [1, 1]},
								"up": {"uv": [38, 48], "uv_size": [1, 1]},
								"down": {"uv": [48, 39], "uv_size": [1, -1]}
							}
						},
						{
							"origin": [0.625, 1.66332, -20.6875],
							"size": [0.125, 0.29836, 0.625],
							"pivot": [0, 1.8125, -20.3125],
							"rotation": [0, 0, -22.5],
							"uv": {
								"north": {"uv": [40, 48], "uv_size": [1, 1]},
								"east": {"uv": [48, 40], "uv_size": [1, 1]},
								"south": {"uv": [48, 42], "uv_size": [1, 1]},
								"west": {"uv": [44, 48], "uv_size": [1, 1]}
							}
						},
						{
							"origin": [0.625, 1.66332, -20.6875],
							"size": [0.125, 0.29836, 0.625],
							"uv": {
								"north": {"uv": [48, 44], "uv_size": [1, 1]},
								"east": {"uv": [46, 48], "uv_size": [1, 1]},
								"south": {"uv": [48, 46], "uv_size": [1, 1]},
								"west": {"uv": [48, 48], "uv_size": [1, 1]}
							}
						},
						{
							"origin": [0.625, 1.66332, -20.6875],
							"size": [0.125, 0.29836, 0.625],
							"pivot": [0, 1.8125, -20.3125],
							"rotation": [0, 0, 22.5],
							"uv": {
								"north": {"uv": [4, 49], "uv_size": [1, 1]},
								"east": {"uv": [6, 49], "uv_size": [1, 1]},
								"south": {"uv": [8, 49], "uv_size": [1, 1]},
								"west": {"uv": [10, 49], "uv_size": [1, 1]}
							}
						},
						{
							"origin": [-0.75, 1.66332, -20.6875],
							"size": [0.125, 0.29836, 0.625],
							"pivot": [0, 1.8125, -20.3125],
							"rotation": [0, 0, -22.5],
							"uv": {
								"north": {"uv": [49, 16], "uv_size": [1, 1]},
								"east": {"uv": [49, 18], "uv_size": [1, 1]},
								"south": {"uv": [49, 22], "uv_size": [1, 1]},
								"west": {"uv": [49, 24], "uv_size": [1, 1]}
							}
						},
						{
							"origin": [-0.75, 1.66332, -20.6875],
							"size": [0.125, 0.29836, 0.625],
							"uv": {
								"north": {"uv": [49, 26], "uv_size": [1, 1]},
								"east": {"uv": [28, 49], "uv_size": [1, 1]},
								"south": {"uv": [30, 49], "uv_size": [1, 1]},
								"west": {"uv": [49, 30], "uv_size": [1, 1]}
							}
						},
						{
							"origin": [-0.75, 1.66332, -20.6875],
							"size": [0.125, 0.29836, 0.625],
							"pivot": [0, 1.8125, -20.3125],
							"rotation": [0, 0, 22.5],
							"uv": {
								"north": {"uv": [32, 49], "uv_size": [1, 1]},
								"east": {"uv": [49, 36], "uv_size": [1, 1]},
								"south": {"uv": [42, 49], "uv_size": [1, 1]},
								"west": {"uv": [0, 50], "uv_size": [1, 1]}
							}
						}
					]
				},
				{
					"name": "hexadecagon3",
					"parent": "hexadecagon4",
					"pivot": [0, 0.6875, -0.1875],
					"cubes": [
						{
							"origin": [-0.13675, 1.125, -20.0625],
							"size": [0.2735, 0.0625, 18.875],
							"pivot": [0, 1.8125, -2.6875],
							"rotation": [0, 0, -45],
							"uv": {
								"up": {"uv": [0, 0], "uv_size": [1, 7]},
								"down": {"uv": [2, 7], "uv_size": [1, -7]}
							}
						},
						{
							"origin": [-0.13675, 1.125, -20.0625],
							"size": [0.2735, 0.0625, 18.875],
							"pivot": [0, 1.8125, -2.6875],
							"rotation": [0, 0, -22.5],
							"uv": {
								"up": {"uv": [4, 0], "uv_size": [1, 7]},
								"down": {"uv": [6, 7], "uv_size": [1, -7]}
							}
						},
						{
							"origin": [-0.13675, 1.125, -20.0625],
							"size": [0.2735, 0.0625, 18.875],
							"uv": {
								"up": {"uv": [0, 8], "uv_size": [1, 7]},
								"down": {"uv": [8, 7], "uv_size": [1, -7]}
							}
						},
						{
							"origin": [-0.13675, 1.125, -20.0625],
							"size": [0.2735, 0.0625, 18.875],
							"pivot": [0, 1.8125, -2.6875],
							"rotation": [0, 0, 22.5],
							"uv": {
								"up": {"uv": [2, 8], "uv_size": [1, 7]},
								"down": {"uv": [4, 15], "uv_size": [1, -7]}
							}
						},
						{
							"origin": [-0.13675, 1.125, -20.0625],
							"size": [0.2735, 0.0625, 18.875],
							"pivot": [0, 1.8125, -2.6875],
							"rotation": [0, 0, 45],
							"uv": {
								"up": {"uv": [6, 8], "uv_size": [1, 7]},
								"down": {"uv": [8, 15], "uv_size": [1, -7]}
							}
						},
						{
							"origin": [-0.13675, 2.4375, -20.0625],
							"size": [0.2735, 0.0625, 18.875],
							"pivot": [0, 1.8125, -2.6875],
							"rotation": [0, 0, -45],
							"uv": {
								"up": {"uv": [10, 0], "uv_size": [1, 7]},
								"down": {"uv": [10, 15], "uv_size": [1, -7]}
							}
						},
						{
							"origin": [-0.13675, 2.4375, -20.0625],
							"size": [0.2735, 0.0625, 18.875],
							"pivot": [0, 1.8125, -2.6875],
							"rotation": [0, 0, -22.5],
							"uv": {
								"up": {"uv": [12, 0], "uv_size": [1, 7]},
								"down": {"uv": [12, 15], "uv_size": [1, -7]}
							}
						},
						{
							"origin": [-0.13675, 2.4375, -20.0625],
							"size": [0.2735, 0.0625, 18.875],
							"uv": {
								"up": {"uv": [14, 0], "uv_size": [1, 7]},
								"down": {"uv": [14, 15], "uv_size": [1, -7]}
							}
						},
						{
							"origin": [-0.13675, 2.4375, -20.0625],
							"size": [0.2735, 0.0625, 18.875],
							"pivot": [0, 1.8125, -2.6875],
							"rotation": [0, 0, 22.5],
							"uv": {
								"up": {"uv": [0, 16], "uv_size": [1, 7]},
								"down": {"uv": [16, 7], "uv_size": [1, -7]}
							}
						},
						{
							"origin": [-0.13675, 2.4375, -20.0625],
							"size": [0.2735, 0.0625, 18.875],
							"pivot": [0, 1.8125, -2.6875],
							"rotation": [0, 0, 45],
							"uv": {
								"up": {"uv": [2, 16], "uv_size": [1, 7]},
								"down": {"uv": [4, 23], "uv_size": [1, -7]}
							}
						},
						{
							"origin": [0.625, 1.67575, -20.0625],
							"size": [0.0625, 0.2735, 18.875],
							"pivot": [0, 1.8125, -2.6875],
							"rotation": [0, 0, -22.5],
							"uv": {
								"east": {"uv": [6, 16], "uv_size": [7, 1]},
								"west": {"uv": [16, 8], "uv_size": [7, 1]}
							}
						},
						{
							"origin": [0.625, 1.67575, -20.0625],
							"size": [0.0625, 0.2735, 18.875],
							"uv": {
								"east": {"uv": [16, 10], "uv_size": [7, 1]},
								"west": {"uv": [16, 12], "uv_size": [7, 1]}
							}
						},
						{
							"origin": [0.625, 1.67575, -20.0625],
							"size": [0.0625, 0.2735, 18.875],
							"pivot": [0, 1.8125, -2.6875],
							"rotation": [0, 0, 22.5],
							"uv": {
								"east": {"uv": [14, 16], "uv_size": [7, 1]},
								"west": {"uv": [16, 14], "uv_size": [7, 1]}
							}
						},
						{
							"origin": [-0.6875, 1.67575, -20.0625],
							"size": [0.0625, 0.2735, 18.875],
							"pivot": [0, 1.8125, -2.6875],
							"rotation": [0, 0, -22.5],
							"uv": {
								"east": {"uv": [18, 0], "uv_size": [7, 1]},
								"west": {"uv": [18, 2], "uv_size": [7, 1]}
							}
						},
						{
							"origin": [-0.6875, 1.67575, -20.0625],
							"size": [0.0625, 0.2735, 18.875],
							"uv": {
								"east": {"uv": [18, 4], "uv_size": [7, 1]},
								"west": {"uv": [6, 18], "uv_size": [7, 1]}
							}
						},
						{
							"origin": [-0.6875, 1.67575, -20.0625],
							"size": [0.0625, 0.2735, 18.875],
							"pivot": [0, 1.8125, -2.6875],
							"rotation": [0, 0, 22.5],
							"uv": {
								"east": {"uv": [18, 6], "uv_size": [7, 1]},
								"west": {"uv": [14, 18], "uv_size": [7, 1]}
							}
						}
					]
				},
				{
					"name": "hexadecagon2",
					"parent": "hide_when_ads",
					"pivot": [0, 0.6875, -0.1875],
					"cubes": [
						{
							"origin": [-0.17405, 0.9375, -1.25],
							"size": [0.3481, 0.25, 0.3125],
							"pivot": [0, 1.8125, -1.4375],
							"rotation": [0, 0, -45],
							"uv": {
								"north": {"uv": [62, 12], "uv_size": [1, 1]},
								"south": {"uv": [14, 62], "uv_size": [1, 1]},
								"up": {"uv": [62, 14], "uv_size": [1, 1]},
								"down": {"uv": [16, 63], "uv_size": [1, -1]}
							}
						},
						{
							"origin": [-0.17405, 0.9375, -1.25],
							"size": [0.3481, 0.25, 0.3125],
							"pivot": [0, 1.8125, -1.4375],
							"rotation": [0, 0, -22.5],
							"uv": {
								"north": {"uv": [18, 62], "uv_size": [1, 1]},
								"south": {"uv": [20, 62], "uv_size": [1, 1]},
								"up": {"uv": [62, 20], "uv_size": [1, 1]},
								"down": {"uv": [22, 63], "uv_size": [1, -1]}
							}
						},
						{
							"origin": [-0.17405, 0.9375, -1.25],
							"size": [0.3481, 0.25, 0.3125],
							"uv": {
								"north": {"uv": [24, 62], "uv_size": [1, 1]},
								"south": {"uv": [26, 62], "uv_size": [1, 1]},
								"up": {"uv": [62, 28], "uv_size": [1, 1]},
								"down": {"uv": [62, 33], "uv_size": [1, -1]}
							}
						},
						{
							"origin": [-0.17405, 0.9375, -1.25],
							"size": [0.3481, 0.25, 0.3125],
							"pivot": [0, 1.8125, -1.4375],
							"rotation": [0, 0, 22.5],
							"uv": {
								"north": {"uv": [34, 62], "uv_size": [1, 1]},
								"south": {"uv": [62, 34], "uv_size": [1, 1]},
								"up": {"uv": [36, 62], "uv_size": [1, 1]},
								"down": {"uv": [38, 63], "uv_size": [1, -1]}
							}
						},
						{
							"origin": [-0.17405, 0.9375, -1.25],
							"size": [0.3481, 0.25, 0.3125],
							"pivot": [0, 1.8125, -1.4375],
							"rotation": [0, 0, 45],
							"uv": {
								"north": {"uv": [62, 38], "uv_size": [1, 1]},
								"south": {"uv": [40, 62], "uv_size": [1, 1]},
								"up": {"uv": [62, 40], "uv_size": [1, 1]},
								"down": {"uv": [62, 43], "uv_size": [1, -1]}
							}
						},
						{
							"origin": [-0.17405, 2.4375, -1.25],
							"size": [0.3481, 0.25, 0.3125],
							"pivot": [0, 1.8125, -1.4375],
							"rotation": [0, 0, -45],
							"uv": {
								"north": {"uv": [44, 62], "uv_size": [1, 1]},
								"south": {"uv": [62, 44], "uv_size": [1, 1]},
								"up": {"uv": [46, 62], "uv_size": [1, 1]},
								"down": {"uv": [62, 47], "uv_size": [1, -1]}
							}
						},
						{
							"origin": [-0.17405, 2.4375, -1.25],
							"size": [0.3481, 0.25, 0.3125],
							"pivot": [0, 1.8125, -1.4375],
							"rotation": [0, 0, -22.5],
							"uv": {
								"north": {"uv": [48, 62], "uv_size": [1, 1]},
								"south": {"uv": [62, 48], "uv_size": [1, 1]},
								"up": {"uv": [50, 62], "uv_size": [1, 1]},
								"down": {"uv": [62, 51], "uv_size": [1, -1]}
							}
						},
						{
							"origin": [-0.17405, 2.4375, -1.25],
							"size": [0.3481, 0.25, 0.3125],
							"uv": {
								"north": {"uv": [52, 62], "uv_size": [1, 1]},
								"south": {"uv": [62, 52], "uv_size": [1, 1]},
								"up": {"uv": [54, 62], "uv_size": [1, 1]},
								"down": {"uv": [62, 55], "uv_size": [1, -1]}
							}
						},
						{
							"origin": [-0.17405, 2.4375, -1.25],
							"size": [0.3481, 0.25, 0.3125],
							"pivot": [0, 1.8125, -1.4375],
							"rotation": [0, 0, 22.5],
							"uv": {
								"north": {"uv": [56, 62], "uv_size": [1, 1]},
								"south": {"uv": [62, 56], "uv_size": [1, 1]},
								"up": {"uv": [58, 62], "uv_size": [1, 1]},
								"down": {"uv": [62, 59], "uv_size": [1, -1]}
							}
						},
						{
							"origin": [-0.17405, 2.4375, -1.25],
							"size": [0.3481, 0.25, 0.3125],
							"pivot": [0, 1.8125, -1.4375],
							"rotation": [0, 0, 45],
							"uv": {
								"north": {"uv": [60, 62], "uv_size": [1, 1]},
								"south": {"uv": [62, 60], "uv_size": [1, 1]},
								"up": {"uv": [62, 62], "uv_size": [1, 1]},
								"down": {"uv": [4, 64], "uv_size": [1, -1]}
							}
						},
						{
							"origin": [0.625, 1.63845, -1.25],
							"size": [0.25, 0.3481, 0.3125],
							"pivot": [0, 1.8125, -1.4375],
							"rotation": [0, 0, -22.5],
							"uv": {
								"north": {"uv": [6, 63], "uv_size": [1, 1]},
								"east": {"uv": [8, 63], "uv_size": [1, 1]},
								"south": {"uv": [10, 63], "uv_size": [1, 1]},
								"west": {"uv": [63, 16], "uv_size": [1, 1]}
							}
						},
						{
							"origin": [0.625, 1.63845, -1.25],
							"size": [0.25, 0.3481, 0.3125],
							"uv": {
								"north": {"uv": [63, 18], "uv_size": [1, 1]},
								"east": {"uv": [63, 22], "uv_size": [1, 1]},
								"south": {"uv": [63, 24], "uv_size": [1, 1]},
								"west": {"uv": [63, 26], "uv_size": [1, 1]}
							}
						},
						{
							"origin": [0.625, 1.63845, -1.25],
							"size": [0.25, 0.3481, 0.3125],
							"pivot": [0, 1.8125, -1.4375],
							"rotation": [0, 0, 22.5],
							"uv": {
								"north": {"uv": [28, 63], "uv_size": [1, 1]},
								"east": {"uv": [30, 63], "uv_size": [1, 1]},
								"south": {"uv": [63, 30], "uv_size": [1, 1]},
								"west": {"uv": [32, 63], "uv_size": [1, 1]}
							}
						},
						{
							"origin": [-0.875, 1.63845, -1.25],
							"size": [0.25, 0.3481, 0.3125],
							"pivot": [0, 1.8125, -1.4375],
							"rotation": [0, 0, -22.5],
							"uv": {
								"north": {"uv": [63, 36], "uv_size": [1, 1]},
								"east": {"uv": [42, 63], "uv_size": [1, 1]},
								"south": {"uv": [0, 64], "uv_size": [1, 1]},
								"west": {"uv": [64, 0], "uv_size": [1, 1]}
							}
						},
						{
							"origin": [-0.875, 1.63845, -1.25],
							"size": [0.25, 0.3481, 0.3125],
							"uv": {
								"north": {"uv": [2, 64], "uv_size": [1, 1]},
								"east": {"uv": [64, 2], "uv_size": [1, 1]},
								"south": {"uv": [64, 4], "uv_size": [1, 1]},
								"west": {"uv": [64, 6], "uv_size": [1, 1]}
							}
						},
						{
							"origin": [-0.875, 1.63845, -1.25],
							"size": [0.25, 0.3481, 0.3125],
							"pivot": [0, 1.8125, -1.4375],
							"rotation": [0, 0, 22.5],
							"uv": {
								"north": {"uv": [64, 8], "uv_size": [1, 1]},
								"east": {"uv": [64, 10], "uv_size": [1, 1]},
								"south": {"uv": [12, 64], "uv_size": [1, 1]},
								"west": {"uv": [64, 12], "uv_size": [1, 1]}
							}
						}
					]
				},
				{
					"name": "lens",
					"parent": "hide_when_ads",
					"pivot": [0.5, 0.375, -6.6875]
				},
				{
					"name": "ocular",
					"pivot": [0, 2.075, 5.225],
					"cubes": [
						{
							"origin": [-0.9625, 1.62105, 2.84625],
							"size": [1.925, 0.38291, 0],
							"pivot": [0, 1.8125, 2.29625],
							"rotation": [0, 0, 22.5],
							"uv": {
								"south": {"uv": [35, 2], "uv_size": [2, 1]}
							}
						},
						{
							"origin": [-0.9625, 1.62105, 2.84625],
							"size": [1.925, 0.38291, 0],
							"uv": {
								"south": {"uv": [5, 35], "uv_size": [2, 1]}
							}
						},
						{
							"origin": [-0.9625, 1.62105, 2.84625],
							"size": [1.925, 0.38291, 0],
							"pivot": [0, 1.8125, 2.29625],
							"rotation": [0, 0, -22.5],
							"uv": {
								"south": {"uv": [35, 14], "uv_size": [2, 1]}
							}
						},
						{
							"origin": [-0.19145, 0.85, 2.84625],
							"size": [0.38291, 1.925, 0],
							"pivot": [0, 1.8125, 2.29625],
							"rotation": [0, 0, 45],
							"uv": {
								"south": {"uv": [0, 35], "uv_size": [1, 2]}
							}
						},
						{
							"origin": [-0.19145, 0.85, 2.84625],
							"size": [0.38291, 1.925, 0],
							"pivot": [0, 1.8125, 2.29625],
							"rotation": [0, 0, 22.5],
							"uv": {
								"south": {"uv": [35, 16], "uv_size": [1, 2]}
							}
						},
						{
							"origin": [-0.19145, 0.85, 2.84625],
							"size": [0.38291, 1.925, 0],
							"uv": {
								"south": {"uv": [35, 24], "uv_size": [1, 2]}
							}
						},
						{
							"origin": [-0.19145, 0.85, 2.84625],
							"size": [0.38291, 1.925, 0],
							"pivot": [0, 1.8125, 2.29625],
							"rotation": [0, 0, -22.5],
							"uv": {
								"south": {"uv": [25, 35], "uv_size": [1, 2]}
							}
						},
						{
							"origin": [-0.19145, 0.85, 2.84625],
							"size": [0.38291, 1.925, 0],
							"pivot": [0, 1.8125, 2.29625],
							"rotation": [0, 0, -45],
							"uv": {
								"south": {"uv": [35, 27], "uv_size": [1, 2]}
							}
						}
					]
				},
				{
					"name": "ocular_ring",
					"pivot": [0, 0, 1.25]
				},
				{
					"name": "hexadecagon6",
					"parent": "ocular_ring",
					"pivot": [0, 0.6875, -0.1875],
					"cubes": [
						{
							"origin": [-0.21134, 0.75, 2.6875],
							"size": [0.42268, 0.125, 0.3125],
							"pivot": [0, 1.8125, 2.4375],
							"rotation": [0, 0, -45],
							"uv": {
								"north": {"uv": [14, 64], "uv_size": [1, 1]},
								"south": {"uv": [64, 14], "uv_size": [1, 1]},
								"up": {"uv": [16, 64], "uv_size": [1, 1]},
								"down": {"uv": [18, 65], "uv_size": [1, -1]}
							}
						},
						{
							"origin": [-0.21134, 0.75, 2.6875],
							"size": [0.42268, 0.125, 0.3125],
							"pivot": [0, 1.8125, 2.4375],
							"rotation": [0, 0, -22.5],
							"uv": {
								"north": {"uv": [20, 64], "uv_size": [1, 1]},
								"south": {"uv": [64, 20], "uv_size": [1, 1]},
								"up": {"uv": [22, 64], "uv_size": [1, 1]},
								"down": {"uv": [24, 65], "uv_size": [1, -1]}
							}
						},
						{
							"origin": [-0.21134, 0.75, 2.6875],
							"size": [0.42268, 0.125, 0.3125],
							"uv": {
								"north": {"uv": [26, 64], "uv_size": [1, 1]},
								"south": {"uv": [64, 28], "uv_size": [1, 1]},
								"up": {"uv": [64, 32], "uv_size": [1, 1]},
								"down": {"uv": [34, 65], "uv_size": [1, -1]}
							}
						},
						{
							"origin": [-0.21134, 0.75, 2.6875],
							"size": [0.42268, 0.125, 0.3125],
							"pivot": [0, 1.8125, 2.4375],
							"rotation": [0, 0, 22.5],
							"uv": {
								"north": {"uv": [64, 34], "uv_size": [1, 1]},
								"south": {"uv": [36, 64], "uv_size": [1, 1]},
								"up": {"uv": [38, 64], "uv_size": [1, 1]},
								"down": {"uv": [64, 39], "uv_size": [1, -1]}
							}
						},
						{
							"origin": [-0.21134, 0.75, 2.6875],
							"size": [0.42268, 0.125, 0.3125],
							"pivot": [0, 1.8125, 2.4375],
							"rotation": [0, 0, 45],
							"uv": {
								"north": {"uv": [40, 64], "uv_size": [1, 1]},
								"south": {"uv": [64, 40], "uv_size": [1, 1]},
								"up": {"uv": [64, 42], "uv_size": [1, 1]},
								"down": {"uv": [44, 65], "uv_size": [1, -1]}
							}
						},
						{
							"origin": [-0.21134, 2.75, 2.6875],
							"size": [0.42268, 0.125, 0.3125],
							"pivot": [0, 1.8125, 2.4375],
							"rotation": [0, 0, -45],
							"uv": {
								"north": {"uv": [64, 44], "uv_size": [1, 1]},
								"south": {"uv": [46, 64], "uv_size": [1, 1]},
								"up": {"uv": [64, 46], "uv_size": [1, 1]},
								"down": {"uv": [48, 65], "uv_size": [1, -1]}
							}
						},
						{
							"origin": [-0.21134, 2.75, 2.6875],
							"size": [0.42268, 0.125, 0.3125],
							"pivot": [0, 1.8125, 2.4375],
							"rotation": [0, 0, -22.5],
							"uv": {
								"north": {"uv": [64, 48], "uv_size": [1, 1]},
								"south": {"uv": [50, 64], "uv_size": [1, 1]},
								"up": {"uv": [64, 50], "uv_size": [1, 1]},
								"down": {"uv": [52, 65], "uv_size": [1, -1]}
							}
						},
						{
							"origin": [-0.21134, 2.75, 2.6875],
							"size": [0.42268, 0.125, 0.3125],
							"uv": {
								"north": {"uv": [64, 52], "uv_size": [1, 1]},
								"south": {"uv": [54, 64], "uv_size": [1, 1]},
								"up": {"uv": [64, 54], "uv_size": [1, 1]},
								"down": {"uv": [56, 65], "uv_size": [1, -1]}
							}
						},
						{
							"origin": [-0.21134, 2.75, 2.6875],
							"size": [0.42268, 0.125, 0.3125],
							"pivot": [0, 1.8125, 2.4375],
							"rotation": [0, 0, 22.5],
							"uv": {
								"north": {"uv": [64, 56], "uv_size": [1, 1]},
								"south": {"uv": [58, 64], "uv_size": [1, 1]},
								"up": {"uv": [64, 58], "uv_size": [1, 1]},
								"down": {"uv": [60, 65], "uv_size": [1, -1]}
							}
						},
						{
							"origin": [-0.21134, 2.75, 2.6875],
							"size": [0.42268, 0.125, 0.3125],
							"pivot": [0, 1.8125, 2.4375],
							"rotation": [0, 0, 45],
							"uv": {
								"north": {"uv": [64, 60], "uv_size": [1, 1]},
								"south": {"uv": [62, 64], "uv_size": [1, 1]},
								"up": {"uv": [64, 62], "uv_size": [1, 1]},
								"down": {"uv": [64, 65], "uv_size": [1, -1]}
							}
						},
						{
							"origin": [0.9375, 1.60116, 2.6875],
							"size": [0.125, 0.42268, 0.3125],
							"pivot": [0, 1.8125, 2.4375],
							"rotation": [0, 0, -22.5],
							"uv": {
								"north": {"uv": [4, 65], "uv_size": [1, 1]},
								"east": {"uv": [6, 65], "uv_size": [1, 1]},
								"south": {"uv": [8, 65], "uv_size": [1, 1]},
								"west": {"uv": [10, 65], "uv_size": [1, 1]}
							}
						},
						{
							"origin": [0.9375, 1.60116, 2.6875],
							"size": [0.125, 0.42268, 0.3125],
							"uv": {
								"north": {"uv": [65, 16], "uv_size": [1, 1]},
								"east": {"uv": [65, 18], "uv_size": [1, 1]},
								"south": {"uv": [65, 22], "uv_size": [1, 1]},
								"west": {"uv": [65, 24], "uv_size": [1, 1]}
							}
						},
						{
							"origin": [0.9375, 1.60116, 2.6875],
							"size": [0.125, 0.42268, 0.3125],
							"pivot": [0, 1.8125, 2.4375],
							"rotation": [0, 0, 22.5],
							"uv": {
								"north": {"uv": [65, 26], "uv_size": [1, 1]},
								"east": {"uv": [28, 65], "uv_size": [1, 1]},
								"south": {"uv": [30, 65], "uv_size": [1, 1]},
								"west": {"uv": [65, 30], "uv_size": [1, 1]}
							}
						},
						{
							"origin": [-1.0625, 1.60116, 2.6875],
							"size": [0.125, 0.42268, 0.3125],
							"pivot": [0, 1.8125, 2.4375],
							"rotation": [0, 0, -22.5],
							"uv": {
								"north": {"uv": [32, 65], "uv_size": [1, 1]},
								"east": {"uv": [65, 36], "uv_size": [1, 1]},
								"south": {"uv": [42, 65], "uv_size": [1, 1]},
								"west": {"uv": [0, 66], "uv_size": [1, 1]}
							}
						},
						{
							"origin": [-1.0625, 1.60116, 2.6875],
							"size": [0.125, 0.42268, 0.3125],
							"uv": {
								"north": {"uv": [66, 0], "uv_size": [1, 1]},
								"east": {"uv": [2, 66], "uv_size": [1, 1]},
								"south": {"uv": [66, 2], "uv_size": [1, 1]},
								"west": {"uv": [66, 4], "uv_size": [1, 1]}
							}
						},
						{
							"origin": [-1.0625, 1.60116, 2.6875],
							"size": [0.125, 0.42268, 0.3125],
							"pivot": [0, 1.8125, 2.4375],
							"rotation": [0, 0, 22.5],
							"uv": {
								"north": {"uv": [66, 6], "uv_size": [1, 1]},
								"east": {"uv": [66, 8], "uv_size": [1, 1]},
								"south": {"uv": [66, 10], "uv_size": [1, 1]},
								"west": {"uv": [12, 66], "uv_size": [1, 1]}
							}
						}
					]
				},
				{
					"name": "hexadecagon",
					"parent": "ocular_ring",
					"pivot": [0, 0.6875, -0.1875]
				},
				{
					"name": "division",
					"pivot": [-0.08437, 1.04688, -79.575],
					"cubes": [
						{
							"origin": [-26.1875, -25.21874, -80.75],
							"size": [52.375, 52.40625, 0.25],
							"uv": {
								"south": {"uv": [128, 128], "uv_size": [384, 384]}
							}
						},
						{
							"origin": [-92.89375, -75.20312, -80.75],
							"size": [66.70625, 152.375, 0.25],
							"uv": {
								"south": {"uv": [68, 0], "uv_size": [1, 1]}
							}
						},
						{
							"origin": [26.1875, -75.20312, -80.75],
							"size": [67.26875, 152.375, 0.25],
							"uv": {
								"south": {"uv": [68, 0], "uv_size": [1, 1]}
							}
						},
						{
							"origin": [-26.1875, 27.17188, -80.75],
							"size": [52.375, 50, 0.25],
							"uv": {
								"south": {"uv": [68, 0], "uv_size": [1, 1]}
							}
						},
						{
							"origin": [-26.1875, -75.20312, -80.75],
							"size": [52.375, 50, 0.25],
							"uv": {
								"south": {"uv": [68, 0], "uv_size": [1, 1]}
							}
						},
						{
							"origin": [-0.17677, 1.49822, -80.375],
							"size": [0.35355, 0.35355, 0],
							"pivot": [0.00001, 1.675, -80.375],
							"rotation": [0, 0, -135],
							"uv": {
								"south": {"uv": [0, 68], "uv_size": [1, 1]}
							}
						},
						{
							"origin": [0, 1.57813, -80.375],
							"size": [16, 0.09375, 0],
							"uv": {
								"south": {"uv": [0, 68], "uv_size": [1, 1]}
							}
						},
						{
							"origin": [-16, 1.57813, -80.375],
							"size": [16, 0.09375, 0],
							"uv": {
								"south": {"uv": [0, 68], "uv_size": [1, 1]}
							}
						},
						{
							"origin": [-8, -6.42187, -80.375],
							"size": [16, 0.09375, 0],
							"pivot": [0, -6.375, -80.375],
							"rotation": [0, 0, -90],
							"uv": {
								"south": {"uv": [0, 68], "uv_size": [1, 1]}
							}
						},
						{
							"origin": [2.95313, -0.375, -80.375],
							"size": [0.09375, 1, 0],
							"pivot": [3, 0.125, -80.375],
							"rotation": [0, 0, -90],
							"uv": {
								"south": {"uv": [0, 68], "uv_size": [1, 1]}
							}
						},
						{
							"origin": [2.95313, 0.875, -80.375],
							"size": [0.09375, 1, 0],
							"pivot": [3, 1.375, -80.375],
							"rotation": [0, 0, -90],
							"uv": {
								"south": {"uv": [0, 68], "uv_size": [1, 1]}
							}
						},
						{
							"origin": [3.70313, 2.62501, -80.375],
							"size": [0.09375, 0.5, 0],
							"pivot": [3.75, 2.87501, -80.375],
							"rotation": [0, 0, -90],
							"uv": {
								"south": {"uv": [0, 68], "uv_size": [1, 1]}
							}
						},
						{
							"origin": [2.70312, 2.62501, -80.375],
							"size": [0.09375, 0.5, 0],
							"pivot": [2.75, 2.87501, -80.375],
							"rotation": [0, 0, -90],
							"uv": {
								"south": {"uv": [0, 68], "uv_size": [1, 1]}
							}
						},
						{
							"origin": [-2.89688, 2.72501, -80.375],
							"size": [0.09375, 0.3, 0],
							"pivot": [-2.85, 2.87501, -80.375],
							"rotation": [0, 0, -90],
							"uv": {
								"south": {"uv": [0, 68], "uv_size": [1, 1]}
							}
						},
						{
							"origin": [-3.5883, 2.73358, -80.375],
							"size": [0.08517, 0.29142, 0],
							"pivot": [-3.54571, 2.87929, -80.375],
							"rotation": [0, 0, -90],
							"uv": {
								"south": {"uv": [0, 68], "uv_size": [1, 1]}
							}
						},
						{
							"origin": [-3.80181, 2.82479, -80.375],
							"size": [0.08162, 0.27842, 0],
							"pivot": [-3.761, 2.964, -80.375],
							"rotation": [0, 0, -45],
							"uv": {
								"south": {"uv": [0, 68], "uv_size": [1, 1]}
							}
						},
						{
							"origin": [-3.83132, 3.17115, -80.375],
							"size": [0.09375, 0.2, 0],
							"pivot": [-3.78444, 3.27115, -80.375],
							"rotation": [0, 0, 45],
							"uv": {
								"south": {"uv": [0, 68], "uv_size": [1, 1]}
							}
						},
						{
							"origin": [-3.64375, 3.17813, -80.375],
							"size": [0.09375, 0.3, 0],
							"pivot": [-3.59688, 3.32813, -80.375],
							"rotation": [0, 0, -90],
							"uv": {
								"south": {"uv": [0, 68], "uv_size": [1, 1]}
							}
						},
						{
							"origin": [2.65625, 3.07813, -80.375],
							"size": [0.09375, 0.5, 0],
							"pivot": [2.70312, 3.32813, -80.375],
							"rotation": [0, 0, -90],
							"uv": {
								"south": {"uv": [0, 68], "uv_size": [1, 1]}
							}
						},
						{
							"origin": [2.65625, 2.17813, -80.375],
							"size": [0.09375, 0.5, 0],
							"pivot": [2.70312, 2.42813, -80.375],
							"rotation": [0, 0, -90],
							"uv": {
								"south": {"uv": [0, 68], "uv_size": [1, 1]}
							}
						},
						{
							"origin": [3.95313, 2.375, -80.375],
							"size": [0.09375, 1, 0],
							"uv": {
								"south": {"uv": [0, 68], "uv_size": [1, 1]}
							}
						},
						{
							"origin": [-2.74687, 2.375, -80.375],
							"size": [0.09375, 1, 0],
							"pivot": [-2.7, 2.87501, -80.375],
							"rotation": [0, 0, -15],
							"uv": {
								"south": {"uv": [0, 68], "uv_size": [1, 1]}
							}
						},
						{
							"origin": [-3.04687, 2.375, -80.375],
							"size": [0.09375, 1, 0],
							"pivot": [-3, 2.87501, -80.375],
							"rotation": [0, 0, 15],
							"uv": {
								"south": {"uv": [1, 68], "uv_size": [-1, 1]}
							}
						},
						{
							"origin": [3.45312, 2.375, -80.375],
							"size": [0.09375, 1, 0],
							"uv": {
								"south": {"uv": [0, 68], "uv_size": [1, 1]}
							}
						},
						{
							"origin": [2.95312, 2.375, -80.375],
							"size": [0.09375, 1, 0],
							"uv": {
								"south": {"uv": [0, 68], "uv_size": [1, 1]}
							}
						},
						{
							"origin": [-3.44688, 2.375, -80.375],
							"size": [0.09375, 1, 0],
							"uv": {
								"south": {"uv": [0, 68], "uv_size": [1, 1]}
							}
						},
						{
							"origin": [-3.8883, 3.03358, -80.375],
							"size": [0.09375, 0.2, 0],
							"uv": {
								"south": {"uv": [0, 68], "uv_size": [1, 1]}
							}
						},
						{
							"origin": [-3.04687, 0.875, -80.375],
							"size": [0.09375, 1, 0],
							"pivot": [-3, 1.375, -80.375],
							"rotation": [0, 0, 90],
							"uv": {
								"south": {"uv": [1, 68], "uv_size": [-1, 1]}
							}
						},
						{
							"origin": [-3.04687, 0.575, -80.375],
							"size": [0.09375, 1, 0],
							"pivot": [-3, 1.075, -80.375],
							"rotation": [0, 0, 90],
							"uv": {
								"south": {"uv": [1, 68], "uv_size": [-1, 1]}
							}
						},
						{
							"origin": [-3.04687, 0.175, -80.375],
							"size": [0.09375, 1, 0],
							"pivot": [-3, 0.675, -80.375],
							"rotation": [0, 0, 90],
							"uv": {
								"south": {"uv": [1, 68], "uv_size": [-1, 1]}
							}
						},
						{
							"origin": [-3.04687, -0.225, -80.375],
							"size": [0.09375, 1, 0],
							"pivot": [-3, 0.275, -80.375],
							"rotation": [0, 0, 90],
							"uv": {
								"south": {"uv": [1, 68], "uv_size": [-1, 1]}
							}
						},
						{
							"origin": [-3.04687, -0.725, -80.375],
							"size": [0.09375, 1, 0],
							"pivot": [-3, -0.225, -80.375],
							"rotation": [0, 0, 90],
							"uv": {
								"south": {"uv": [1, 68], "uv_size": [-1, 1]}
							}
						},
						{
							"origin": [-3.04687, -1.325, -80.375],
							"size": [0.09375, 1, 0],
							"pivot": [-3, -0.82499, -80.375],
							"rotation": [0, 0, 90],
							"uv": {
								"south": {"uv": [1, 68], "uv_size": [-1, 1]}
							}
						},
						{
							"origin": [-3.04687, -1.925, -80.375],
							"size": [0.09375, 1, 0],
							"pivot": [-3, -1.425, -80.375],
							"rotation": [0, 0, 90],
							"uv": {
								"south": {"uv": [1, 68], "uv_size": [-1, 1]}
							}
						},
						{
							"origin": [-3.04687, -2.525, -80.375],
							"size": [0.09375, 1, 0],
							"pivot": [-3, -2.025, -80.375],
							"rotation": [0, 0, 90],
							"uv": {
								"south": {"uv": [1, 68], "uv_size": [-1, 1]}
							}
						},
						{
							"origin": [-3.04687, -3.225, -80.375],
							"size": [0.09375, 1, 0],
							"pivot": [-3, -2.725, -80.375],
							"rotation": [0, 0, 90],
							"uv": {
								"south": {"uv": [1, 68], "uv_size": [-1, 1]}
							}
						},
						{
							"origin": [-3.04687, -4.025, -80.375],
							"size": [0.09375, 1, 0],
							"pivot": [-3, -3.525, -80.375],
							"rotation": [0, 0, 90],
							"uv": {
								"south": {"uv": [1, 68], "uv_size": [-1, 1]}
							}
						},
						{
							"origin": [-3.04687, -4.825, -80.375],
							"size": [0.09375, 1, 0],
							"pivot": [-3, -4.325, -80.375],
							"rotation": [0, 0, 90],
							"uv": {
								"south": {"uv": [1, 68], "uv_size": [-1, 1]}
							}
						},
						{
							"origin": [-3.04687, -5.72499, -80.375],
							"size": [0.09375, 1, 0],
							"pivot": [-3, -5.22499, -80.375],
							"rotation": [0, 0, 90],
							"uv": {
								"south": {"uv": [1, 68], "uv_size": [-1, 1]}
							}
						},
						{
							"origin": [-3.04687, -6.92499, -80.375],
							"size": [0.09375, 1, 0],
							"pivot": [-3, -6.42499, -80.375],
							"rotation": [0, 0, 90],
							"uv": {
								"south": {"uv": [1, 68], "uv_size": [-1, 1]}
							}
						},
						{
							"origin": [-3.04687, -8.42499, -80.375],
							"size": [0.09375, 1, 0],
							"pivot": [-3, -7.92499, -80.375],
							"rotation": [0, 0, 90],
							"uv": {
								"south": {"uv": [1, 68], "uv_size": [-1, 1]}
							}
						},
						{
							"origin": [-3.04687, -10.12499, -80.375],
							"size": [0.09375, 1, 0],
							"pivot": [-3, -9.62499, -80.375],
							"rotation": [0, 0, 90],
							"uv": {
								"south": {"uv": [1, 68], "uv_size": [-1, 1]}
							}
						},
						{
							"origin": [-3.04687, -11.72499, -80.375],
							"size": [0.09375, 1, 0],
							"pivot": [-3, -11.22499, -80.375],
							"rotation": [0, 0, 90],
							"uv": {
								"south": {"uv": [1, 68], "uv_size": [-1, 1]}
							}
						},
						{
							"origin": [-3.04687, -13.32499, -80.375],
							"size": [0.09375, 1, 0],
							"pivot": [-3, -12.82499, -80.375],
							"rotation": [0, 0, 90],
							"uv": {
								"south": {"uv": [1, 68], "uv_size": [-1, 1]}
							}
						},
						{
							"origin": [2.95313, 0.375, -80.375],
							"size": [0.09375, 1, 0],
							"pivot": [3, 0.875, -80.375],
							"rotation": [0, 0, -90],
							"uv": {
								"south": {"uv": [0, 68], "uv_size": [1, 1]}
							}
						},
						{
							"origin": [-0.51121, 1.04437, -80.375],
							"size": [0.09375, 0.7, 0],
							"pivot": [-0.46433, 1.39437, -80.375],
							"rotation": [0, 0, 45],
							"uv": {
								"south": {"uv": [1, 68], "uv_size": [-1, 1]}
							}
						},
						{
							"origin": [0.41746, 1.04437, -80.375],
							"size": [0.09375, 0.7, 0],
							"pivot": [0.46433, 1.39437, -80.375],
							"rotation": [0, 0, -45],
							"uv": {
								"south": {"uv": [0, 68], "uv_size": [1, 1]}
							}
						},
						{
							"origin": [2.95313, -1.375, -80.375],
							"size": [0.09375, 1, 0],
							"pivot": [3, -0.875, -80.375],
							"rotation": [0, 0, -90],
							"uv": {
								"south": {"uv": [0, 68], "uv_size": [1, 1]}
							}
						},
						{
							"origin": [2.95313, -2.375, -80.375],
							"size": [0.09375, 1, 0],
							"pivot": [3, -1.875, -80.375],
							"rotation": [0, 0, -90],
							"uv": {
								"south": {"uv": [0, 68], "uv_size": [1, 1]}
							}
						},
						{
							"origin": [2.95313, -3.625, -80.375],
							"size": [0.09375, 1, 0],
							"pivot": [3, -3.125, -80.375],
							"rotation": [0, 0, -90],
							"uv": {
								"south": {"uv": [0, 68], "uv_size": [1, 1]}
							}
						},
						{
							"origin": [2.95313, -4.875, -80.375],
							"size": [0.09375, 1, 0],
							"pivot": [3, -4.375, -80.375],
							"rotation": [0, 0, -90],
							"uv": {
								"south": {"uv": [0, 68], "uv_size": [1, 1]}
							}
						},
						{
							"origin": [2.95313, -6.375, -80.375],
							"size": [0.09375, 1, 0],
							"pivot": [3, -5.875, -80.375],
							"rotation": [0, 0, -90],
							"uv": {
								"south": {"uv": [0, 68], "uv_size": [1, 1]}
							}
						},
						{
							"origin": [2.95313, -8.375, -80.375],
							"size": [0.09375, 1, 0],
							"pivot": [3, -7.875, -80.375],
							"rotation": [0, 0, -90],
							"uv": {
								"south": {"uv": [0, 68], "uv_size": [1, 1]}
							}
						},
						{
							"origin": [2.95313, -10.625, -80.375],
							"size": [0.09375, 1, 0],
							"pivot": [3, -10.125, -80.375],
							"rotation": [0, 0, -90],
							"uv": {
								"south": {"uv": [0, 68], "uv_size": [1, 1]}
							}
						},
						{
							"origin": [2.95313, -13.125, -80.375],
							"size": [0.09375, 1, 0],
							"pivot": [3, -12.625, -80.375],
							"rotation": [0, 0, -90],
							"uv": {
								"south": {"uv": [0, 68], "uv_size": [1, 1]}
							}
						}
					]
				},
				{
					"name": "cross_illuminated",
					"parent": "division",
					"pivot": [0, 1.625, -80.3125]
				},
				{
					"name": "scope_view",
					"pivot": [0, 1.8125, 6.25]
				}
			]
		}
	]
}