{
"handmadeguns2.fire_fire": {"category": "neutral","sounds": [{"name": "handmadeguns2:fire_fire","stream": true}]},
"handmadeguns2.fire_grenade": {"category": "neutral","sounds": [{"name": "handmadeguns2:fire_grenade","stream": true}]},
"handmadeguns2.fire_hg_heavy": {"category": "neutral","sounds": [{"name": "handmadeguns2:fire_hg_heavy","stream": true}]},
"handmadeguns2.fire_hg_light": {"category": "neutral","sounds": [{"name": "handmadeguns2:fire_hg_light","stream": true}]},
"handmadeguns2.fire_mg": {"category": "neutral","sounds": [{"name": "handmadeguns2:fire_mg","stream": true}]},
"handmadeguns2.fire_rifle_amr": {"category": "neutral","sounds": [{"name": "handmadeguns2:fire_rifle_amr","stream": true}]},
"handmadeguns2.fire_rifle_heavy": {"category": "neutral","sounds": [{"name": "handmadeguns2:fire_rifle_heavy","stream": true}]},
"handmadeguns2.fire_rifle_light": {"category": "neutral","sounds": [{"name": "handmadeguns2:fire_rifle_light","stream": true}]},
"handmadeguns2.fire_rocket": {"category": "neutral","sounds": [{"name": "handmadeguns2:fire_rocket","stream": true}]},
"handmadeguns2.fire_supu": {"category": "neutral","sounds": [{"name": "handmadeguns2:fire_supu","stream": true}]},
"handmadeguns2.reload_clip": {"category": "neutral","sounds": [{"name": "handmadeguns2:reload_clip","stream": true}]},
"handmadeguns2.reload_cocking": {"category": "neutral","sounds": [{"name": "handmadeguns2:reload_cocking","stream": true}]},
"handmadeguns2.reload_mag": {"category": "neutral","sounds": [{"name": "handmadeguns2:reload_mag","stream": true}]},
"handmadeguns2.reload_mg": {"category": "neutral","sounds": [{"name": "handmadeguns2:reload_mg","stream": true}]},
"handmadeguns2.throw_grenade": {"category": "neutral","sounds": [{"name": "handmadeguns2:throw_grenade","stream": true}]},
"handmadeguns2.nulls": {"category": "neutral","sounds": [{"name": "handmadeguns2:nulls","stream": true}]}
}