{
  "daruma.death": {
    "category": "player",
    "sounds": [
      "v-death"
    ]
  },
  "daruma.daa": {
    "category": "player",
    "sounds": [
      "v-daa"
    ]
  },
  "daruma.0": {
    "category": "player",
    "sounds": [
      "v-daa"
    ]
  },
  "daruma.ru": {
    "category": "player",
    "sounds": [
      "v-ru"
    ]
  },
  "daruma.1": {
    "category": "player",
    "sounds": [
      "v-ru"
    ]
  },
  "daruma.ma": {
    "category": "player",
    "sounds": [
      "v-ma"
    ]
  },
  "daruma.2": {
    "category": "player",
    "sounds": [
      "v-ma"
    ]
  },
  "daruma.san": {
    "category": "player",
    "sounds": [
      "v-san"
    ]
  },
  "daruma.3": {
    "category": "player",
    "sounds": [
      "v-san"
    ]
  },
  "daruma.ga": {
    "category": "player",
    "sounds": [
      "v-ga"
    ]
  },
  "daruma.5": {
    "category": "player",
    "sounds": [
      "v-ga"
    ]
  },
  "daruma.ko": {
    "category": "player",
    "sounds": [
      "v-ko"
    ]
  },
  "daruma.6": {
    "category": "player",
    "sounds": [
      "v-ko"
    ]
  },
  "daruma.ron": {
    "category": "player",
    "sounds": [
      "v-ron"
    ]
  },
  "daruma.7": {
    "category": "player",
    "sounds": [
      "v-ron"
    ]
  },
  "daruma.da": {
    "category": "player",
    "sounds": [
      "v-da"
    ]
  },
  "daruma.9": {
    "category": "player",
    "sounds": [
      "v-da"
    ]
  }
}
