{
	"credit": "Made with Blockbench",
	"ambientocclusion": false,
	"texture_size": [64, 64],
	"textures": {
		"0": "models/armor/test_1",
		"1": "models/armor/test_2",
		"particle": "models/armor/test_1"
	},
	"elements": [
		{
			"name": "head",
			"from": [3.39695, 21.65171, 4.4013],
			"to": [12.59695, 30.85171, 13.6013],
			"shade": false,
			"rotation": {"angle": 0, "axis": "y", "origin": [7.97902, 8.5, 6.02094]},
			"faces": {
				"north": {"uv": [2, 2, 4, 4], "texture": "#0"},
				"east": {"uv": [0, 2, 2, 4], "texture": "#0"},
				"south": {"uv": [6, 2, 8, 4], "texture": "#0"},
				"west": {"uv": [4, 2, 6, 4], "texture": "#0"},
				"up": {"uv": [2, 0, 4, 2], "rotation": 180, "texture": "#0"},
				"down": {"uv": [4, 0, 6, 2], "texture": "#0"}
			}
		},
		{
			"name": "head2",
			"from": [2.8966, 21.20171, 3.90165],
			"to": [13.0966, 31.40171, 14.10165],
			"shade": false,
			"rotation": {"angle": 0, "axis": "y", "origin": [7.97902, 8.5, 5.77094]},
			"faces": {
				"north": {"uv": [10, 2, 12, 4], "texture": "#0"},
				"east": {"uv": [8, 2, 10, 4], "texture": "#0"},
				"south": {"uv": [14, 2, 16, 4], "texture": "#0"},
				"west": {"uv": [12, 2, 14, 4], "texture": "#0"},
				"up": {"uv": [10, 0, 12, 2], "rotation": 180, "texture": "#0"},
				"down": {"uv": [12, 0, 14, 2], "texture": "#0"}
			}
		},
		{
			"name": "armR",
			"from": [11.10043, 9, 1.3],
			"to": [16.30043, 22.2, 6.5],
			"rotation": {"angle": 22.5, "axis": "x", "origin": [13.97902, 8, 8.91806]},
			"faces": {
				"north": {"uv": [11, 5, 12, 8], "texture": "#0"},
				"east": {"uv": [11, 5, 10, 8], "texture": "#0"},
				"south": {"uv": [13, 5, 14, 8], "texture": "#0"},
				"west": {"uv": [13, 5, 12, 8], "texture": "#0"},
				"up": {"uv": [11, 4, 12, 5], "rotation": 180, "texture": "#0"},
				"down": {"uv": [13, 4, 12, 5], "rotation": 180, "texture": "#0"}
			}
		},
		{
			"name": "armL",
			"from": [-0.30043, 9, 1.3],
			"to": [4.89957, 22.2, 6.5],
			"rotation": {"angle": 22.5, "axis": "x", "origin": [2.02098, 8, 8.91806]},
			"faces": {
				"north": {"uv": [12, 5, 11, 8], "texture": "#0"},
				"east": {"uv": [12, 5, 13, 8], "texture": "#0"},
				"south": {"uv": [14, 5, 13, 8], "texture": "#0"},
				"west": {"uv": [10, 5, 11, 8], "texture": "#0"},
				"up": {"uv": [12, 4, 11, 5], "rotation": 180, "texture": "#0"},
				"down": {"uv": [12, 4, 13, 5], "rotation": 180, "texture": "#0"}
			}
		},
		{
			"name": "chestplate2",
			"from": [3.29956, 10.04996, 6.19756],
			"to": [12.69956, 23.44996, 11.59756],
			"rotation": {"angle": 0, "axis": "y", "origin": [7.97902, 8, 6.91806]},
			"faces": {
				"north": {"uv": [5, 5, 7, 8], "texture": "#0"},
				"east": {"uv": [4, 5, 5, 8], "texture": "#0"},
				"south": {"uv": [8, 5, 10, 8], "texture": "#0"},
				"west": {"uv": [7, 5, 8, 8], "texture": "#0"},
				"up": {"uv": [5, 4, 7, 5], "rotation": 180, "texture": "#0"}
			}
		},
		{
			"name": "legL",
			"from": [3.89956, -0.35004, 6.77756],
			"to": [8.09956, 11.84996, 10.97756],
			"shade": false,
			"rotation": {"angle": 0, "axis": "y", "origin": [7.97902, 8, 6.91806]},
			"faces": {
				"north": {"uv": [2, 5, 1, 8], "texture": "#1"},
				"east": {"uv": [3, 5, 2, 8], "texture": "#1"},
				"south": {"uv": [4, 5, 3, 8], "texture": "#1"},
				"west": {"uv": [1, 5, 0, 8], "texture": "#1"},
				"up": {"uv": [1, 4, 2, 5], "texture": "#1"}
			}
		},
		{
			"name": "legR",
			"from": [7.84956, -0.40004, 6.74756],
			"to": [12.14956, 11.89996, 11.04756],
			"rotation": {"angle": 0, "axis": "y", "origin": [7.97902, 8, 6.91806]},
			"faces": {
				"north": {"uv": [1, 5, 2, 8], "texture": "#1"},
				"east": {"uv": [0, 5, 1, 8], "texture": "#1"},
				"south": {"uv": [3, 5, 4, 8], "texture": "#1"},
				"west": {"uv": [2, 5, 3, 8], "texture": "#1"},
				"up": {"uv": [1, 4, 1.938, 5], "texture": "#1"}
			}
		},
		{
			"name": "chestplate1",
			"from": [3.79808, 11.55145, 6.65043],
			"to": [12.19808, 16.95145, 11.05043],
			"rotation": {"angle": 0, "axis": "y", "origin": [7.97727, 8, 6.02269]},
			"faces": {
				"north": {"uv": [5, 6.75, 7, 8], "texture": "#1"},
				"east": {"uv": [4, 6.75, 5, 8], "texture": "#1"},
				"south": {"uv": [8, 6.75, 10, 8], "texture": "#1"},
				"west": {"uv": [7, 6.75, 8, 8], "texture": "#1"}
			}
		},
		{
			"name": "footR",
			"from": [7.29956, -0.95004, 6.19756],
			"to": [12.69956, 11.44996, 11.59756],
			"rotation": {"angle": 0, "axis": "y", "origin": [7.97902, 8, 6.91806]},
			"faces": {
				"north": {"uv": [1, 5, 2, 8], "texture": "#0"},
				"east": {"uv": [0, 5, 1, 8], "texture": "#0"},
				"south": {"uv": [3, 5, 4, 8], "texture": "#0"},
				"west": {"uv": [2, 5, 3, 8], "texture": "#0"},
				"down": {"uv": [2, 4, 3, 5], "texture": "#0"}
			}
		},
		{
			"name": "footL",
			"from": [3.29922, -0.94271, 6.39058],
			"to": [8.69922, 11.45729, 11.79058],
			"rotation": {"angle": 0, "axis": "y", "origin": [7.97902, 8, 6.91806]},
			"faces": {
				"north": {"uv": [1, 5, 2, 8], "texture": "#0"},
				"east": {"uv": [0, 5, 1, 8], "texture": "#0"},
				"south": {"uv": [3, 5, 4, 8], "texture": "#0"},
				"west": {"uv": [2, 5, 3, 8], "texture": "#0"},
				"down": {"uv": [2, 4, 3, 5], "texture": "#0"}
			}
		}
	],
	"display": {
		"thirdperson_righthand": {
			"rotation": [67, 0, 0],
			"translation": [-6, -6.15, -2.75],
			"scale": [1.05, 1.05, 1.05]
		},
		"thirdperson_lefthand": {
			"rotation": [75, 45, 0],
			"translation": [0, 2.5, 0],
			"scale": [0.3, 0.3, 0.3]
		},
		"firstperson_righthand": {
			"rotation": [0, 101, 0],
			"translation": [4.75, 2.75, -4.25],
			"scale": [0.4, 0.4, 0.4]
		},
		"firstperson_lefthand": {
			"rotation": [0, 114, 0],
			"translation": [4.75, 2.5, -5],
			"scale": [0.4, 0.4, 0.4]
		},
		"ground": {
			"translation": [0, 11, 0],
			"scale": [0.4, 0.4, 0.4]
		},
		"gui": {
			"rotation": [25, 138, 0],
			"translation": [0.5, 0.5, 0],
			"scale": [0.4, 0.4, 0.4]
		},
		"head": {
			"translation": [0, -29, 0],
			"scale": [1.6, 1.6, 1.6]
		},
		"fixed": {
			"rotation": [-90, 0, 0],
			"translation": [0, -2, -41.75],
			"scale": [2, 2, 2]
		}
	},
	"groups": [
		{
			"name": "HEAD",
			"origin": [8, 8, 8],
			"children": [0, 1]
		},
		{
			"name": "CHESTPLATE",
			"origin": [2, 9, 10],
			"children": [2, 3, 4]
		},
		{
			"name": "LEGGINGS",
			"origin": [8, 8, 8],
			"children": [5, 6, 7]
		},
		{
			"name": "BOOTS",
			"origin": [8, 8, 8],
			"children": [8, 9]
		}
	]
}