{
	"credit": "Made with Blockbench",
	"texture_size": [64, 64],
	"textures": {
		"0": "entity/zombie/zombie",
		"particle": "entity/zombie/zombie"
	},
	"elements": [
		{
			"name": "head",
			"from": [-4, 24, -4],
			"to": [4, 32, 4],
			"shade": false,
			"faces": {
				"north": {"uv": [4, 2, 2, 4], "texture": "#0"},
				"east": {"uv": [6, 2, 4, 4], "texture": "#0"},
				"south": {"uv": [8, 2, 6, 4], "texture": "#0"},
				"west": {"uv": [2, 2, 0, 4], "texture": "#0"},
				"up": {"uv": [2, 2, 4, 0], "texture": "#0"},
				"down": {"uv": [4, 0, 6, 2], "texture": "#0"}
			}
		},
		{
			"name": "body",
			"from": [-4, 12, -2],
			"to": [4, 24, 2],
			"shade": false,
			"faces": {
				"north": {"uv": [7, 5, 5, 8], "texture": "#0"},
				"east": {"uv": [8, 5, 7, 8], "texture": "#0"},
				"south": {"uv": [10, 5, 8, 8], "texture": "#0"},
				"west": {"uv": [5, 5, 4, 8], "texture": "#0"},
				"up": {"uv": [5, 5, 7, 4], "texture": "#0"},
				"down": {"uv": [7, 4, 9, 5], "texture": "#0"}
			}
		},
		{
			"name": "leftArm",
			"from": [4, 20, -10],
			"to": [8, 24, 2],
			"rotation": {"angle": 0, "axis": "x", "origin": [0, 22, 0]},
			"faces": {
				"north": {"uv": [13, 4, 12, 5], "rotation": 180, "texture": "#0"},
				"east": {"uv": [10, 5, 11, 8], "rotation": 270, "texture": "#0"},
				"south": {"uv": [12, 5, 11, 4], "texture": "#0"},
				"west": {"uv": [12, 5, 13, 8], "rotation": 90, "texture": "#0"},
				"up": {"uv": [11, 5, 12, 8], "rotation": 180, "texture": "#0"},
				"down": {"uv": [13, 5, 14, 8], "texture": "#0"}
			}
		},
		{
			"name": "rightArm",
			"from": [-8, 20, -10],
			"to": [-4, 24, 2],
			"shade": false,
			"rotation": {"angle": 0, "axis": "x", "origin": [0, 22, 0]},
			"faces": {
				"north": {"uv": [12, 4, 13, 5], "rotation": 180, "texture": "#0"},
				"east": {"uv": [13, 5, 12, 8], "rotation": 270, "texture": "#0"},
				"south": {"uv": [11, 5, 12, 4], "texture": "#0"},
				"west": {"uv": [11, 5, 10, 8], "rotation": 90, "texture": "#0"},
				"up": {"uv": [12, 5, 11, 8], "rotation": 180, "texture": "#0"},
				"down": {"uv": [14, 5, 13, 8], "texture": "#0"}
			}
		},
		{
			"name": "leftLeg",
			"from": [-0.1, 0, -2],
			"to": [3.9, 12, 2],
			"faces": {
				"north": {"uv": [1, 5, 2, 8], "texture": "#0"},
				"east": {"uv": [0, 5, 1, 8], "texture": "#0"},
				"south": {"uv": [3, 5, 4, 8], "texture": "#0"},
				"west": {"uv": [2, 5, 3, 8], "texture": "#0"},
				"up": {"uv": [2, 5, 1, 4], "texture": "#0"},
				"down": {"uv": [3, 4, 2, 5], "texture": "#0"}
			}
		},
		{
			"name": "rightLeg",
			"from": [-3.9, 0, -2],
			"to": [0.1, 12, 2],
			"shade": false,
			"faces": {
				"north": {"uv": [2, 5, 1, 8], "texture": "#0"},
				"east": {"uv": [3, 5, 2, 8], "texture": "#0"},
				"south": {"uv": [4, 5, 3, 8], "texture": "#0"},
				"west": {"uv": [1, 5, 0, 8], "texture": "#0"},
				"up": {"uv": [1, 5, 2, 4], "texture": "#0"},
				"down": {"uv": [2, 4, 3, 5], "texture": "#0"}
			}
		}
	],
	"groups": [
		{
			"name": "head",
			"origin": [0, 24, 0],
			"shade": false,
			"children": []
		},
		{
			"name": "body",
			"origin": [0, 24, 0],
			"shade": false,
			"children": []
		},
		{
			"name": "leftArm",
			"origin": [5, 22, 0],
			"shade": false,
			"children": []
		},
		{
			"name": "rightArm",
			"origin": [-5, 22, 0],
			"shade": false,
			"children": []
		},
		{
			"name": "leftLeg",
			"origin": [1.9, 12, 0],
			"shade": false,
			"children": []
		},
		{
			"name": "rightLeg",
			"origin": [-1.9, 12, 0],
			"shade": false,
			"children": []
		},
		{
			"name": "head",
			"origin": [0, 24, 0],
			"shade": false,
			"children": [0]
		},
		{
			"name": "body",
			"origin": [0, 24, 0],
			"shade": false,
			"children": [1]
		},
		{
			"name": "leftArm",
			"origin": [5, 22, 0],
			"shade": false,
			"children": [2]
		},
		{
			"name": "rightArm",
			"origin": [-5, 22, 0],
			"shade": false,
			"children": [3]
		},
		{
			"name": "leftLeg",
			"origin": [1.9, 12, 0],
			"shade": false,
			"children": [4]
		},
		{
			"name": "rightLeg",
			"origin": [-1.9, 12, 0],
			"shade": false,
			"children": [5]
		}
	]
}