{
	"credit": "Made with Blockbench",
	"textures": {
		"1": "block/barrel_side",
		"2": "block/barrel_bottom",
		"4": "block/barrel_top",
		"5": "block/barrel_top_open",
		"particle": "block/barrel_side"
	},
	"elements": [
		{
			"from": [0, 0, 0],
			"to": [16, 16, 16],
			"faces": {
				"north": {"uv": [0, 0, 16, 16], "texture": "#1"},
				"east": {"uv": [0, 0, 16, 16], "texture": "#1"},
				"south": {"uv": [0, 0, 16, 16], "texture": "#1"},
				"west": {"uv": [0, 0, 16, 16], "texture": "#1"},
				"up": {"uv": [0, 0, 16, 16], "texture": "#5"},
				"down": {"uv": [0, 0, 16, 16], "texture": "#2"}
			}
		},
		{
			"from": [1.5, 16, 1.5],
			"to": [14.5, 17, 14.55],
			"faces": {
				"north": {"uv": [1.5, 1.5, 14.5, 2.5], "texture": "#2"},
				"east": {"uv": [1.5, 1.5, 14.5, 2.5], "texture": "#2"},
				"south": {"uv": [1.5, 1.5, 14.5, 2.5], "texture": "#2"},
				"west": {"uv": [1.5, 1.5, 14.5, 2.5], "texture": "#2"},
				"up": {"uv": [1.5, 1.5, 14.5, 14.55], "texture": "#4"}
			}
		}
	],
	"display": {
		"thirdperson_righthand": {
			"rotation": [75, 45, 0],
			"translation": [0, 2.5, 0],
			"scale": [0.375, 0.375, 0.375]
		},
		"thirdperson_lefthand": {
			"rotation": [75, 45, 0],
			"translation": [0, 2.5, 0],
			"scale": [0.375, 0.375, 0.375]
		},
		"firstperson_righthand": {
			"rotation": [0, 45, 0],
			"scale": [0.4, 0.4, 0.4]
		},
		"firstperson_lefthand": {
			"rotation": [0, 225, 0],
			"scale": [0.4, 0.4, 0.4]
		},
		"ground": {
			"translation": [0, 3, 0],
			"scale": [0.25, 0.25, 0.25]
		},
		"gui": {
			"rotation": [30, 225, 0],
			"scale": [0.625, 0.625, 0.625]
		},
		"fixed": {
			"scale": [0.5, 0.5, 0.5]
		}
	}
}