{
	"credit": "Made with Blockbench",
	"ambientocclusion": true,
	"textures": {
		"1": "block/barrel_side",
		"2": "block/barrel_bottom",
		"4": "block/barrel_top",
		"5": "block/barrel_top_open",
		"6": "block/barrel_inside",
		"particle": "block/barrel_side"
	},
	"elements": [
		{
			"from": [-7, 16.1, 0.8],
			"to": [7, 17.1, 14.8],
			"faces": {
				"north": {"uv": [1, 15, 15, 16], "texture": "#2"},
				"east": {"uv": [1, 15, 15, 16], "texture": "#2"},
				"south": {"uv": [1, 15, 15, 16], "texture": "#2"},
				"west": {"uv": [1, 15, 15, 16], "texture": "#2"},
				"up": {"uv": [1, 1, 15, 15], "texture": "#4"},
				"down": {"uv": [1, 15, 15, 1], "texture": "#4"}
			}
		},
		{
			"from": [13.5, 0, 0],
			"to": [16, 16, 16],
			"faces": {
				"north": {"uv": [0, 0, 2.5, 16], "texture": "#1"},
				"east": {"uv": [0, 0, 16, 16], "texture": "#1"},
				"south": {"uv": [13.5, 0, 16, 16], "texture": "#1"},
				"west": {"uv": [0, 0, 16, 16], "texture": "#6"},
				"up": {"uv": [13.5, 0, 16, 16], "texture": "#5"}
			}
		},
		{
			"from": [2.5, 0, 13.5],
			"to": [13.5, 16, 16],
			"faces": {
				"north": {"uv": [2.5, 0, 13.5, 16], "texture": "#6"},
				"south": {"uv": [2.5, 0, 13.5, 16], "texture": "#1"},
				"up": {"uv": [2.5, 13.5, 13.5, 16], "texture": "#5"}
			}
		},
		{
			"from": [2.5, 0, 0],
			"to": [13.5, 16, 2.5],
			"faces": {
				"north": {"uv": [2.5, 0, 13.5, 16], "texture": "#1"},
				"south": {"uv": [2.5, 0, 13.5, 16], "texture": "#6"},
				"up": {"uv": [2.5, 0, 13.5, 2.5], "texture": "#5"}
			}
		},
		{
			"from": [0, 0, 0],
			"to": [2.5, 16, 16],
			"faces": {
				"north": {"uv": [13.5, 0, 16, 16], "texture": "#1"},
				"east": {"uv": [0, 0, 16, 16], "texture": "#6"},
				"south": {"uv": [0, 0, 2.5, 16], "texture": "#1"},
				"west": {"uv": [0, 0, 16, 16], "texture": "#1"},
				"up": {"uv": [0, 0, 2.5, 16], "texture": "#5"}
			}
		},
		{
			"from": [0, 0, 0],
			"to": [16, 1, 16],
			"rotation": {"angle": 0, "axis": "y", "origin": [8, 9, 8]},
			"faces": {
				"up": {"uv": [0, 0, 16, 16], "texture": "#5"},
				"down": {"uv": [0, 0, 16, 16], "texture": "#2"}
			}
		}
	],
	"display": {
		"thirdperson_righthand": {
			"rotation": [75, 45, 0],
			"translation": [0, 2.5, 0],
			"scale": [0.375, 0.375, 0.375]
		},
		"thirdperson_lefthand": {
			"rotation": [75, 45, 0],
			"translation": [0, 2.5, 0],
			"scale": [0.375, 0.375, 0.375]
		},
		"firstperson_righthand": {
			"rotation": [0, 45, 0],
			"scale": [0.4, 0.4, 0.4]
		},
		"firstperson_lefthand": {
			"rotation": [0, 225, 0],
			"scale": [0.4, 0.4, 0.4]
		},
		"ground": {
			"translation": [0, 3, 0],
			"scale": [0.25, 0.25, 0.25]
		},
		"gui": {
			"rotation": [30, 225, 0],
			"scale": [0.625, 0.625, 0.625]
		},
		"fixed": {
			"scale": [0.5, 0.5, 0.5]
		}
	}
}