{
	"credit": "Made with Blockbench",
	"parent": "block/block",
	"ambientocclusion": false,
	"textures": {
		"3": "block/bone_block_top",
		"4": "block/bone_block_side",
		"5": "block/obsidian",
		"7": "block/glass",
		"obsidian": "block/enchanting_table_bottom",
		"particle": "block/beacon",
		"beacon": "block/beacon"
	},
	"elements": [
		{
			"from": [2, 3, 2],
			"to": [14, 15, 14],
			"faces": {
				"north": {"uv": [0, 0, 16, 16], "texture": "#7"},
				"east": {"uv": [0, 0, 16, 16], "texture": "#7"},
				"south": {"uv": [0, 0, 16, 16], "texture": "#7"},
				"west": {"uv": [0, 0, 16, 16], "texture": "#7"},
				"up": {"uv": [0, 0, 16, 16], "texture": "#7"},
				"down": {"uv": [0, 0, 16, 16], "texture": "#7"}
			}
		},
		{
			"from": [0, 0.1, 0],
			"to": [16, 3, 16],
			"faces": {
				"north": {"uv": [1, 13, 15, 16], "texture": "#obsidian"},
				"east": {"uv": [1, 13, 15, 16], "texture": "#obsidian"},
				"south": {"uv": [1, 13, 15, 16], "texture": "#obsidian"},
				"west": {"uv": [1, 13, 15, 16], "texture": "#obsidian"},
				"up": {"uv": [1, 1, 15, 15], "texture": "#obsidian"},
				"down": {"uv": [2, 2, 14, 14], "texture": "#obsidian"}
			}
		},
		{
			"from": [3, 3, 3],
			"to": [13, 5, 13],
			"faces": {
				"north": {"uv": [3, 11, 13, 13], "texture": "#5"},
				"east": {"uv": [3, 11, 13, 13], "texture": "#5"},
				"south": {"uv": [3, 11, 13, 13], "texture": "#5"},
				"west": {"uv": [3, 11, 13, 13], "texture": "#5"},
				"up": {"uv": [3, 3, 13, 13], "texture": "#5"},
				"down": {"uv": [3, 3, 13, 13], "texture": "#5"}
			}
		},
		{
			"from": [4.5, 3.20476, 14.07405],
			"to": [11.5, 4.20476, 20.07405],
			"rotation": {"angle": -22.5, "axis": "x", "origin": [8, 2.70476, 19.07405]},
			"faces": {
				"east": {"uv": [8, 4, 9, 10], "rotation": 270, "texture": "#3"},
				"south": {"uv": [5, 4, 12, 5], "rotation": 180, "texture": "#3"},
				"west": {"uv": [8, 3, 9, 9], "rotation": 90, "texture": "#3"},
				"up": {"uv": [5, 10, 12, 16], "rotation": 180, "texture": "#3"},
				"down": {"uv": [5, 10, 12, 16], "rotation": 180, "texture": "#3"}
			}
		},
		{
			"from": [3.9, 5, 3.9],
			"to": [12.1, 13.2, 12.1],
			"faces": {
				"north": {"uv": [1, 1, 15, 15], "texture": "#beacon"},
				"east": {"uv": [1, 1, 15, 15], "texture": "#beacon"},
				"south": {"uv": [1, 1, 15, 15], "texture": "#beacon"},
				"west": {"uv": [1, 1, 15, 15], "texture": "#beacon"},
				"up": {"uv": [1, 1, 15, 15], "texture": "#beacon"}
			}
		},
		{
			"from": [14, 3, 14],
			"to": [15.75, 9, 15.75],
			"faces": {
				"north": {"uv": [0.25, 7, 2, 13], "texture": "#4"},
				"east": {"uv": [0.25, 7, 2, 13], "texture": "#4"},
				"south": {"uv": [14, 7, 15.75, 13], "texture": "#4"},
				"west": {"uv": [14, 7, 15.75, 13], "texture": "#4"}
			}
		},
		{
			"from": [4.5, 3.13387, -4.19761],
			"to": [11.5, 4.13387, 1.80239],
			"rotation": {"angle": 22.5, "axis": "x", "origin": [8, 2.63387, -3.19761]},
			"faces": {
				"north": {"uv": [5, 4, 12, 5], "rotation": 180, "texture": "#3"},
				"east": {"uv": [8, 3, 9, 9], "rotation": 90, "texture": "#3"},
				"west": {"uv": [8, 4, 9, 10], "rotation": 270, "texture": "#3"},
				"up": {"uv": [5, 10, 12, 16], "texture": "#3"},
				"down": {"uv": [5, 10, 12, 16], "texture": "#3"}
			}
		},
		{
			"from": [14.07405, 3.20476, 4.5],
			"to": [20.07405, 4.20476, 11.5],
			"rotation": {"angle": 22.5, "axis": "z", "origin": [19.07405, 2.70476, 8]},
			"faces": {
				"north": {"uv": [8, 4, 9, 10], "rotation": 270, "texture": "#3"},
				"east": {"uv": [5, 4, 12, 5], "rotation": 180, "texture": "#3"},
				"south": {"uv": [8, 3, 9, 9], "rotation": 90, "texture": "#3"},
				"up": {"uv": [5, 10, 12, 16], "rotation": 90, "texture": "#3"},
				"down": {"uv": [5, 10, 12, 16], "rotation": 270, "texture": "#3"}
			}
		},
		{
			"from": [-4.07405, 3.20476, 4.5],
			"to": [1.92595, 4.20476, 11.5],
			"rotation": {"angle": -22.5, "axis": "z", "origin": [-3.07405, 2.70476, 8]},
			"faces": {
				"north": {"uv": [8, 3, 9, 9], "rotation": 90, "texture": "#3"},
				"south": {"uv": [8, 4, 9, 10], "rotation": 270, "texture": "#3"},
				"west": {"uv": [5, 4, 12, 5], "rotation": 180, "texture": "#3"},
				"up": {"uv": [5, 10, 12, 16], "rotation": 270, "texture": "#3"},
				"down": {"uv": [5, 10, 12, 16], "rotation": 90, "texture": "#3"}
			}
		},
		{
			"from": [13.7, 14.7, 13.7],
			"to": [16.05, 17.05, 16.05],
			"faces": {
				"north": {"uv": [13, 13, 16, 16], "texture": "#obsidian"},
				"east": {"uv": [13, 13, 16, 16], "texture": "#obsidian"},
				"south": {"uv": [13, 13, 16, 16], "texture": "#obsidian"},
				"west": {"uv": [13, 13, 16, 16], "texture": "#obsidian"},
				"up": {"uv": [13, 13, 16, 16], "texture": "#obsidian"},
				"down": {"uv": [13, 13, 16, 16], "texture": "#obsidian"}
			}
		},
		{
			"from": [14, 9, 14],
			"to": [15.75, 15, 15.75],
			"faces": {
				"north": {"uv": [0.25, 1, 2, 7], "texture": "#4"},
				"east": {"uv": [0.25, 1, 2, 7], "texture": "#4"},
				"south": {"uv": [14, 1, 15.75, 7], "texture": "#4"},
				"west": {"uv": [14, 1, 15.75, 7], "texture": "#4"}
			}
		},
		{
			"from": [13.7, 14.7, -0.1],
			"to": [16.05, 17.05, 2.25],
			"faces": {
				"north": {"uv": [13, 13, 16, 16], "texture": "#obsidian"},
				"east": {"uv": [13, 13, 16, 16], "texture": "#obsidian"},
				"south": {"uv": [13, 13, 16, 16], "texture": "#obsidian"},
				"west": {"uv": [13, 13, 16, 16], "texture": "#obsidian"},
				"up": {"uv": [13, 13, 16, 16], "texture": "#obsidian"},
				"down": {"uv": [13, 13, 16, 16], "texture": "#obsidian"}
			}
		},
		{
			"from": [14, 9, 0.2],
			"to": [15.75, 15, 1.95],
			"faces": {
				"north": {"uv": [0.25, 1, 2, 7], "texture": "#4"},
				"east": {"uv": [14.05, 1, 15.8, 7], "texture": "#4"},
				"south": {"uv": [14, 1, 15.75, 7], "texture": "#4"},
				"west": {"uv": [0.2, 1, 1.95, 7], "texture": "#4"}
			}
		},
		{
			"from": [14, 3, 0.2],
			"to": [15.75, 9, 1.95],
			"faces": {
				"north": {"uv": [0.25, 7, 2, 13], "texture": "#4"},
				"east": {"uv": [14.05, 7, 15.8, 13], "texture": "#4"},
				"south": {"uv": [14, 7, 15.75, 13], "texture": "#4"},
				"west": {"uv": [0.2, 7, 1.95, 13], "texture": "#4"}
			}
		},
		{
			"from": [-0.05, 14.7, 13.7],
			"to": [2.3, 17.05, 16.05],
			"faces": {
				"north": {"uv": [13, 13, 16, 16], "texture": "#obsidian"},
				"east": {"uv": [13, 13, 16, 16], "texture": "#obsidian"},
				"south": {"uv": [13, 13, 16, 16], "texture": "#obsidian"},
				"west": {"uv": [13, 13, 16, 16], "texture": "#obsidian"},
				"up": {"uv": [13, 13, 16, 16], "texture": "#obsidian"},
				"down": {"uv": [13, 13, 16, 16], "texture": "#obsidian"}
			}
		},
		{
			"from": [0.25, 9, 14],
			"to": [2, 15, 15.75],
			"faces": {
				"north": {"uv": [14, 1, 15.75, 7], "texture": "#4"},
				"east": {"uv": [0.25, 1, 2, 7], "texture": "#4"},
				"south": {"uv": [0.25, 1, 2, 7], "texture": "#4"},
				"west": {"uv": [14, 1, 15.75, 7], "texture": "#4"}
			}
		},
		{
			"from": [0.25, 3, 14],
			"to": [2, 9, 15.75],
			"faces": {
				"north": {"uv": [14, 7, 15.75, 13], "texture": "#4"},
				"east": {"uv": [0.25, 7, 2, 13], "texture": "#4"},
				"south": {"uv": [0.25, 7, 2, 13], "texture": "#4"},
				"west": {"uv": [14, 7, 15.75, 13], "texture": "#4"}
			}
		},
		{
			"from": [-0.05, 14.7, -0.1],
			"to": [2.3, 17.05, 2.25],
			"faces": {
				"north": {"uv": [13, 13, 16, 16], "texture": "#obsidian"},
				"east": {"uv": [13, 13, 16, 16], "texture": "#obsidian"},
				"south": {"uv": [13, 13, 16, 16], "texture": "#obsidian"},
				"west": {"uv": [13, 13, 16, 16], "texture": "#obsidian"},
				"up": {"uv": [13, 13, 16, 16], "texture": "#obsidian"},
				"down": {"uv": [13, 13, 16, 16], "texture": "#obsidian"}
			}
		},
		{
			"from": [0.25, 9, 0.2],
			"to": [2, 15, 1.95],
			"faces": {
				"north": {"uv": [14, 1, 15.75, 7], "texture": "#4"},
				"east": {"uv": [14.05, 1, 15.8, 7], "texture": "#4"},
				"south": {"uv": [0.25, 1, 2, 7], "texture": "#4"},
				"west": {"uv": [0.2, 1, 1.95, 7], "texture": "#4"}
			}
		},
		{
			"from": [0.25, 3, 0.2],
			"to": [2, 9, 1.95],
			"faces": {
				"north": {"uv": [14, 7, 15.75, 13], "texture": "#4"},
				"east": {"uv": [14.05, 7, 15.8, 13], "texture": "#4"},
				"south": {"uv": [0.25, 7, 2, 13], "texture": "#4"},
				"west": {"uv": [0.2, 7, 1.95, 13], "texture": "#4"}
			}
		}
	]
}