{
	"credit": "Made with Blockbench",
	"textures": {
		"0": "block/barricate/detonator",
		"particle": "block/stone"
	},
	"elements": [
		{
			"from": [6, 0, 6],
			"to": [10, 5, 10],
			"rotation": {"angle": 0, "axis": "y", "origin": [3.5, 0, 6]},
			"faces": {
				"north": {"uv": [0, 0, 4, 5], "texture": "#0"},
				"east": {"uv": [4, 0, 8, 5], "texture": "#0"},
				"south": {"uv": [0, 5, 4, 10], "texture": "#0"},
				"west": {"uv": [4, 5, 8, 10], "texture": "#0"},
				"up": {"uv": [12, 4, 8, 0], "texture": "#0"},
				"down": {"uv": [12, 4, 8, 8], "texture": "#0"}
			}
		},
		{
			"from": [5, 0, 6.5],
			"to": [6, 5, 9.5],
			"rotation": {"angle": 0, "axis": "y", "origin": [4.5, 0, 5.5]},
			"faces": {
				"north": {"uv": [5, 10, 6, 15], "texture": "#0"},
				"south": {"uv": [6, 10, 7, 15], "texture": "#0"},
				"west": {"uv": [0, 10, 3, 15], "texture": "#0"},
				"up": {"uv": [13, 6, 12, 3], "texture": "#0"},
				"down": {"uv": [12, 12, 11, 15], "texture": "#0"}
			}
		},
		{
			"from": [10, 0, 6.5],
			"to": [11, 5, 9.5],
			"rotation": {"angle": 0, "axis": "y", "origin": [4.5, 0, 5.5]},
			"faces": {
				"north": {"uv": [3, 10, 4, 15], "texture": "#0"},
				"east": {"uv": [8, 8, 11, 13], "texture": "#0"},
				"south": {"uv": [4, 10, 5, 15], "texture": "#0"},
				"up": {"uv": [8, 13, 7, 10], "texture": "#0"},
				"down": {"uv": [13, 0, 12, 3], "texture": "#0"}
			}
		},
		{
			"from": [8.5, 5, 8.5],
			"to": [9.5, 6, 9.5],
			"rotation": {"angle": 0, "axis": "y", "origin": [4.5, 0, 5.5]},
			"faces": {
				"north": {"uv": [14, 5, 15, 6], "texture": "#0"},
				"east": {"uv": [14, 6, 15, 7], "texture": "#0"},
				"south": {"uv": [14, 7, 15, 8], "texture": "#0"},
				"west": {"uv": [8, 14, 9, 15], "texture": "#0"},
				"up": {"uv": [10, 15, 9, 14], "texture": "#0"}
			}
		},
		{
			"from": [5.5, 5, 7.25],
			"to": [7, 6, 8.75],
			"rotation": {"angle": 0, "axis": "y", "origin": [4.5, 0, 5.5]},
			"faces": {
				"north": {"uv": [8, 13, 9.5, 14], "texture": "#0"},
				"east": {"uv": [13, 12, 14.5, 13], "texture": "#0"},
				"south": {"uv": [13, 13, 14.5, 14], "texture": "#0"},
				"west": {"uv": [14, 0, 15.5, 1], "texture": "#0"},
				"up": {"uv": [13.5, 7.5, 12, 6], "texture": "#0"}
			}
		},
		{
			"from": [5.75, 6, 7.5],
			"to": [6.75, 9, 8.5],
			"rotation": {"angle": 0, "axis": "y", "origin": [4.5, 0, 5.5]},
			"faces": {
				"north": {"uv": [12, 12, 13, 15], "texture": "#0"},
				"east": {"uv": [13, 0, 14, 3], "texture": "#0"},
				"south": {"uv": [13, 3, 14, 6], "texture": "#0"},
				"west": {"uv": [7, 13, 8, 16], "texture": "#0"}
			}
		},
		{
			"from": [4.25, 9, 7.5],
			"to": [8.25, 10, 8.5],
			"rotation": {"angle": 0, "axis": "y", "origin": [6, 9.5, 8]},
			"faces": {
				"north": {"uv": [11, 8, 15, 9], "texture": "#0"},
				"east": {"uv": [10, 14, 11, 15], "texture": "#0"},
				"south": {"uv": [11, 9, 15, 10], "texture": "#0"},
				"west": {"uv": [13, 14, 14, 15], "texture": "#0"},
				"up": {"uv": [15, 11, 11, 10], "texture": "#0"},
				"down": {"uv": [15, 11, 11, 12], "texture": "#0"}
			}
		},
		{
			"from": [8.5, 5, 6.5],
			"to": [9.5, 6, 7.5],
			"rotation": {"angle": 0, "axis": "y", "origin": [4.5, 0, 5.5]},
			"faces": {
				"north": {"uv": [10, 13, 11, 14], "texture": "#0"},
				"east": {"uv": [14, 1, 15, 2], "texture": "#0"},
				"south": {"uv": [14, 2, 15, 3], "texture": "#0"},
				"west": {"uv": [14, 3, 15, 4], "texture": "#0"},
				"up": {"uv": [15, 5, 14, 4], "texture": "#0"}
			}
		}
	],
	"gui_light": "front",
	"display": {
		"thirdperson_righthand": {
			"rotation": [16.5, -61, 0],
			"translation": [-1, 3.25, 0.25],
			"scale": [0.85, 0.85, 0.85]
		},
		"firstperson_righthand": {
			"rotation": [-168.04, -10.96, 152.98],
			"translation": [-0.5, 4, 0]
		},
		"ground": {
			"translation": [0, 4, 0],
			"scale": [0.85, 0.85, 0.85]
		},
		"gui": {
			"translation": [0, 4.5, 0],
			"scale": [1.5, 1.5, 1.5]
		},
		"fixed": {
			"translation": [0, 5, 0],
			"scale": [1.5, 1.5, 1.5]
		}
	}
}