{
	"credit": "Made with Blockbench",
	"parent": "block/block",
	"textures": {
		"1": "block/blast_furnace_side",
		"2": "block/blast_furnace_trapdoor",
		"4": "block/blast_furnace_top",
		"5": "block/blast_furnace_front",
		"particle": "block/blast_furnace_side"
	},
	"elements": [
		{
			"from": [0, 0, 0],
			"to": [16, 16, 16],
			"faces": {
				"north": {"uv": [0, 0, 16, 16], "texture": "#5"},
				"east": {"uv": [0, 0, 16, 16], "texture": "#1"},
				"south": {"uv": [0, 0, 16, 16], "texture": "#1"},
				"west": {"uv": [0, 0, 16, 16], "texture": "#1"},
				"up": {"uv": [0, 0, 16, 16], "texture": "#4"},
				"down": {"uv": [0, 0, 16, 16], "texture": "#4"}
			}
		},
		{
			"from": [2.75, 1, -0.5],
			"to": [3.6, 15, 0],
			"faces": {
				"north": {"uv": [15, 0, 16, 14], "texture": "#2"},
				"east": {"uv": [15.5, 0, 16, 14], "texture": "#2"},
				"west": {"uv": [15.5, 0, 16, 14], "texture": "#2"},
				"up": {"uv": [16, 0, 15, 0.5], "texture": "#2"},
				"down": {"uv": [16, 15.5, 15, 16], "texture": "#2"}
			}
		},
		{
			"from": [7.5, 7, -0.5],
			"to": [8.5, 11, 0],
			"rotation": {"angle": 0, "axis": "y", "origin": [12.5, 6, 8]},
			"faces": {
				"north": {"uv": [5.5, 1.5, 6.5, 5.5], "texture": "#2"},
				"east": {"uv": [6, 1.5, 6.5, 5.5], "texture": "#2"},
				"west": {"uv": [6, 1.5, 6.5, 5.5], "texture": "#2"},
				"up": {"uv": [16, 0, 15, 0.5], "texture": "#2"},
				"down": {"uv": [16, 0, 15, 0.5], "texture": "#2"}
			}
		},
		{
			"from": [5, 7, -0.5],
			"to": [6, 11, 0],
			"rotation": {"angle": 0, "axis": "y", "origin": [10, 6, 8]},
			"faces": {
				"north": {"uv": [8.5, 1.5, 9.5, 5.5], "texture": "#2"},
				"east": {"uv": [9, 1.5, 9.5, 5.5], "texture": "#2"},
				"west": {"uv": [9, 1.5, 9.5, 5.5], "texture": "#2"},
				"up": {"uv": [16, 0, 15, 0.5], "texture": "#2"},
				"down": {"uv": [16, 0, 15, 0.5], "texture": "#2"}
			}
		},
		{
			"from": [10, 7, -0.5],
			"to": [11, 11, 0],
			"rotation": {"angle": 0, "axis": "y", "origin": [15, 6, 8]},
			"faces": {
				"north": {"uv": [2.5, 1.5, 3.5, 5.5], "texture": "#2"},
				"east": {"uv": [3, 1.5, 3.5, 5.5], "texture": "#2"},
				"west": {"uv": [3, 1.5, 3.5, 5.5], "texture": "#2"},
				"up": {"uv": [16, 0, 15, 0.5], "texture": "#2"},
				"down": {"uv": [16, 0, 15, 0.5], "texture": "#2"}
			}
		},
		{
			"from": [12.4, 1, -0.5],
			"to": [13.25, 15, 0],
			"faces": {
				"north": {"uv": [16, 0, 15, 14], "texture": "#2"},
				"east": {"uv": [16, 0, 15.5, 14], "texture": "#2"},
				"west": {"uv": [16, 0, 15.5, 14], "texture": "#2"},
				"up": {"uv": [16, 0, 15, 0.5], "rotation": 180, "texture": "#2"},
				"down": {"uv": [16, 15.5, 15, 16], "rotation": 180, "texture": "#2"}
			}
		},
		{
			"from": [2, 11, -0.75],
			"to": [14, 12.5, 0],
			"rotation": {"angle": 0, "axis": "y", "origin": [8.25, 6, 8]},
			"faces": {
				"north": {"uv": [0, 0, 12, 1.5], "texture": "#2"},
				"east": {"uv": [0, 0, 0.5, 1.5], "texture": "#2"},
				"west": {"uv": [11, 0, 11.5, 1.5], "texture": "#2"},
				"up": {"uv": [0, 0, 12, 0.5], "rotation": 180, "texture": "#2"},
				"down": {"uv": [0, 1, 12, 1.5], "texture": "#2"}
			}
		},
		{
			"from": [2, 6, -0.75],
			"to": [14, 7.5, 0],
			"rotation": {"angle": 0, "axis": "y", "origin": [8.25, 1, 8]},
			"faces": {
				"north": {"uv": [0, 5.5, 12, 7], "texture": "#2"},
				"east": {"uv": [0, 5.5, 0.5, 7], "texture": "#2"},
				"west": {"uv": [11.5, 5.5, 12, 7], "texture": "#2"},
				"up": {"uv": [0, 5.5, 12, 6], "texture": "#2"},
				"down": {"uv": [0, 6.5, 12, 7], "rotation": 180, "texture": "#2"}
			}
		}
	],
	"display": {
		"thirdperson_righthand": {
			"rotation": [75, 45, 0],
			"translation": [0, 2.5, 0],
			"scale": [0.375, 0.375, 0.375]
		},
		"thirdperson_lefthand": {
			"rotation": [75, 45, 0],
			"translation": [0, 2.5, 0],
			"scale": [0.375, 0.375, 0.375]
		},
		"firstperson_righthand": {
			"rotation": [0, 102, 0],
			"scale": [0.4, 0.4, 0.4]
		},
		"firstperson_lefthand": {
			"rotation": [0, 103, 0],
			"scale": [0.4, 0.4, 0.4]
		},
		"ground": {
			"translation": [0, 3, 0],
			"scale": [0.25, 0.25, 0.25]
		},
		"gui": {
			"rotation": [30, 225, 0],
			"scale": [0.625, 0.625, 0.625]
		},
		"fixed": {
			"scale": [0.5, 0.5, 0.5]
		}
	}
}