{
	"credit": "Made with Blockbench",
	"parent": "block/block",
	"textures": {
		"2": "block/campfire_log",
		"particle": "block/campfire_log_lit",
		"log": "block/campfire_log_lit",
		"fire": "block/campfire_fire"
	},
	"elements": [
		{
			"from": [0.8, 1, 8],
			"to": [15.2, 20, 8],
			"shade": false,
			"rotation": {"angle": 45, "axis": "y", "origin": [8, 8, 8], "rescale": true},
			"faces": {
				"north": {"uv": [0, 0, 16, 16], "texture": "#fire"},
				"south": {"uv": [0, 0, 16, 16], "texture": "#fire"}
			}
		},
		{
			"from": [8, 1, 0.8],
			"to": [8, 20, 15.2],
			"shade": false,
			"rotation": {"angle": 45, "axis": "y", "origin": [8, 8, 8], "rescale": true},
			"faces": {
				"east": {"uv": [0, 0, 16, 16], "texture": "#fire"},
				"west": {"uv": [0, 0, 16, 16], "texture": "#fire"}
			}
		},
		{
			"from": [1, 0, 0],
			"to": [5, 4, 16],
			"rotation": {"angle": 0, "axis": "y", "origin": [9, 8, 8]},
			"faces": {
				"north": {"uv": [0, 4, 4, 8], "rotation": 90, "texture": "#2"},
				"east": {"uv": [0, 0, 16, 4], "texture": "#log"},
				"south": {"uv": [0, 4, 4, 8], "rotation": 90, "texture": "#2"},
				"west": {"uv": [0, 0, 16, 4], "texture": "#2"},
				"up": {"uv": [0, 0, 16, 4], "rotation": 90, "texture": "#2"},
				"down": {"uv": [0, 0, 16, 4], "rotation": 90, "texture": "#2"}
			}
		},
		{
			"from": [11, 0, 0],
			"to": [15, 4, 16],
			"rotation": {"angle": 0, "axis": "y", "origin": [19, 8, 8]},
			"faces": {
				"north": {"uv": [0, 4, 4, 8], "rotation": 90, "texture": "#2"},
				"east": {"uv": [0, 0, 16, 4], "texture": "#2"},
				"south": {"uv": [0, 4, 4, 8], "rotation": 90, "texture": "#2"},
				"west": {"uv": [0, 0, 16, 4], "texture": "#log"},
				"up": {"uv": [0, 0, 16, 4], "rotation": 90, "texture": "#2"},
				"down": {"uv": [0, 0, 16, 4], "rotation": 90, "texture": "#2"}
			}
		},
		{
			"from": [0, 3, 1],
			"to": [16, 7, 5],
			"rotation": {"angle": 0, "axis": "y", "origin": [8, 11, 9]},
			"faces": {
				"north": {"uv": [0, 0, 16, 4], "texture": "#log"},
				"east": {"uv": [0, 4, 4, 8], "rotation": 90, "texture": "#2"},
				"south": {"uv": [0, 0, 16, 4], "texture": "#log"},
				"west": {"uv": [0, 4, 4, 8], "rotation": 90, "texture": "#2"},
				"up": {"uv": [0, 0, 16, 4], "texture": "#2"},
				"down": {"uv": [0, 0, 16, 4], "texture": "#log"}
			}
		},
		{
			"from": [0, 3, 11],
			"to": [16, 7, 15],
			"rotation": {"angle": 0, "axis": "y", "origin": [8, 11, 19]},
			"faces": {
				"north": {"uv": [0, 0, 16, 4], "texture": "#log"},
				"east": {"uv": [0, 4, 4, 8], "rotation": 90, "texture": "#2"},
				"south": {"uv": [0, 0, 16, 4], "texture": "#log"},
				"west": {"uv": [0, 4, 4, 8], "rotation": 90, "texture": "#2"},
				"up": {"uv": [0, 0, 16, 4], "texture": "#2"},
				"down": {"uv": [0, 0, 16, 4], "rotation": 180, "texture": "#log"}
			}
		},
		{
			"from": [5, 0, 0],
			"to": [11, 1, 16],
			"rotation": {"angle": 0, "axis": "y", "origin": [13, 8, 8]},
			"faces": {
				"north": {"uv": [10, 15, 16, 16], "texture": "#2"},
				"south": {"uv": [10, 15, 16, 16], "texture": "#2"},
				"up": {"uv": [0, 10, 16, 16], "rotation": 90, "texture": "#log"},
				"down": {"uv": [0, 10, 16, 16], "rotation": 90, "texture": "#2"}
			}
		}
	],
	"display": {
		"head": {
			"translation": [0, 10.5, 0]
		}
	}
}