{
	"credit": "Made with Blockbench",
	"parent": "block/block",
	"textures": {
		"0": "block/cartography_table_side1",
		"1": "block/cartography_table_side2",
		"2": "block/cartography_table_side3",
		"3": "block/cartography_table_top",
		"4": "block/cartography_table_side4",
		"5": "block/cartography_table_bottom",
		"6": "block/cartography_table_details",
		"particle": "block/cartography_table_side1"
	},
	"elements": [
		{
			"from": [0, 0, 0],
			"to": [16, 16, 16],
			"faces": {
				"north": {"uv": [0, 0, 16, 16], "texture": "#2"},
				"east": {"uv": [0, 0, 16, 16], "texture": "#4"},
				"south": {"uv": [0, 0, 16, 16], "texture": "#0"},
				"west": {"uv": [0, 0, 16, 16], "texture": "#1"},
				"up": {"uv": [0, 0, 16, 16], "texture": "#3"},
				"down": {"uv": [0, 0, 16, 16], "texture": "#5"}
			}
		},
		{
			"from": [11, 16, 2],
			"to": [14, 19.5, 5],
			"rotation": {"angle": 0, "axis": "y", "origin": [12.5, 17.75, 3.5]},
			"faces": {
				"north": {"uv": [6, 3, 9, 6.5], "texture": "#6"},
				"east": {"uv": [3, 3, 6, 6.5], "texture": "#6"},
				"south": {"uv": [0, 3, 3, 6.5], "texture": "#6"},
				"west": {"uv": [9, 3, 12, 6.5], "texture": "#6"},
				"up": {"uv": [3, 0, 6, 3], "rotation": 270, "texture": "#6"}
			}
		},
		{
			"from": [2, 16, 12],
			"to": [4, 16.5, 14],
			"faces": {
				"north": {"uv": [4.5, 8, 6.5, 8.5], "texture": "#6"},
				"east": {"uv": [4.5, 8, 6.5, 8.5], "texture": "#6"},
				"south": {"uv": [4.5, 8, 6.5, 8.5], "texture": "#6"},
				"west": {"uv": [4.5, 8, 6.5, 8.5], "texture": "#6"},
				"up": {"uv": [4.5, 6.5, 6.5, 8.5], "texture": "#6"}
			}
		},
		{
			"from": [2, 16, 2],
			"to": [5.5, 16.5, 5.5],
			"rotation": {"angle": 0, "axis": "y", "origin": [3.75, 16.25, 3.75]},
			"faces": {
				"north": {"uv": [0, 9.5, 3.5, 10], "texture": "#6"},
				"east": {"uv": [0, 9.5, 3.5, 10], "texture": "#6"},
				"south": {"uv": [0, 9.5, 3.5, 10], "texture": "#6"},
				"west": {"uv": [0, 9.5, 3.5, 10], "texture": "#6"},
				"up": {"uv": [0, 6.5, 3.5, 10], "texture": "#6"}
			}
		},
		{
			"from": [2.5, 16.5, 12.5],
			"to": [3.5, 18.5, 13.5],
			"faces": {
				"north": {"uv": [3.5, 6.5, 4.5, 8.5], "texture": "#6"},
				"east": {"uv": [3.5, 6.5, 4.5, 8.5], "texture": "#6"},
				"south": {"uv": [3.5, 6.5, 4.5, 8.5], "texture": "#6"},
				"west": {"uv": [3.5, 6.5, 4.5, 8.5], "texture": "#6"},
				"up": {"uv": [3.5, 6.5, 4.5, 7.5], "texture": "#6"}
			}
		},
		{
			"from": [2.75, 18.5, 12.75],
			"to": [3.25, 19, 13.25],
			"faces": {
				"north": {"uv": [3.5, 8.5, 4, 9], "texture": "#6"},
				"east": {"uv": [3.5, 8.5, 4, 9], "texture": "#6"},
				"south": {"uv": [3.5, 8.5, 4, 9], "texture": "#6"},
				"west": {"uv": [3.5, 8.5, 4, 9], "texture": "#6"},
				"up": {"uv": [3.5, 8.5, 4, 9], "texture": "#6"}
			}
		}
	]
}