{
	"credit": "Made with Blockbench",
	"parent": "block/block",
	"textures": {
		"2": "block/anvil",
		"3": "block/anvil_base_1",
		"4": "block/chipped_anvil_top",
		"particle": "block/anvil"
	},
	"elements": [
		{
			"name": "Anvil base",
			"from": [2, 0, 2],
			"to": [14, 4, 14],
			"faces": {
				"north": {"uv": [0, 0, 12, 4], "texture": "#2"},
				"east": {"uv": [0, 0, 12, 4], "texture": "#2"},
				"south": {"uv": [0, 0, 12, 4], "texture": "#2"},
				"west": {"uv": [0, 0, 12, 4], "texture": "#2"},
				"up": {"uv": [12, 16, 0, 4], "texture": "#2"},
				"down": {"uv": [12, 16, 0, 4], "texture": "#2"}
			}
		},
		{
			"name": "Lower narrow portion",
			"from": [4, 4, 3],
			"to": [12, 5, 13],
			"faces": {
				"north": {"uv": [13, 8, 12, 0], "rotation": 90, "texture": "#2"},
				"east": {"uv": [13, 10, 12, 0], "rotation": 90, "texture": "#2"},
				"south": {"uv": [13, 8, 12, 0], "rotation": 90, "texture": "#2"},
				"west": {"uv": [13, 10, 12, 0], "rotation": 90, "texture": "#2"},
				"up": {"uv": [10, 15, 2, 5], "texture": "#2"}
			}
		},
		{
			"name": "Wider section beneath top portion",
			"from": [6, 5, 4],
			"to": [10, 10, 12],
			"faces": {
				"north": {"uv": [8, 0, 12, 5], "texture": "#3"},
				"east": {"uv": [0, 0, 8, 5], "texture": "#3"},
				"south": {"uv": [8, 0, 12, 5], "texture": "#3"},
				"west": {"uv": [0, 0, 8, 5], "texture": "#3"}
			}
		},
		{
			"name": "Anvil top",
			"from": [3, 10, 0],
			"to": [13, 16, 16],
			"faces": {
				"north": {"uv": [3, 10, 13, 16], "texture": "#4"},
				"east": {"uv": [0, 10, 16, 16], "texture": "#4"},
				"south": {"uv": [3, 10, 13, 16], "texture": "#4"},
				"west": {"uv": [0, 10, 16, 16], "texture": "#4"},
				"up": {"uv": [0, 0, 16, 10], "rotation": 90, "texture": "#4"},
				"down": {"uv": [0, 0, 16, 10], "rotation": 90, "texture": "#4"}
			}
		}
	],
	"display": {
		"fixed": {
			"rotation": [0, 90, 0],
			"scale": [0.5, 0.5, 0.5]
		}
	}
}