{
	"credit": "Made with Blockbench",
	"parent": "minecraft:block/dark_oak_fence_inventory",
	"texture_size": [32, 32],
	"textures": {
		"1": "block/barricate/wire_fence",
		"2": "block/barricate/wire_fernce_wood",
		"3": "block/barricate/wire_fernce_spikes",
		"particle": "block/barricate/wire_fernce_wood"
	},
	"elements": [
		{
			"from": [0.025, -2.1005, 10.31371],
			"to": [1.025, 17.8995, 12.31371],
			"rotation": {"angle": 22.5, "axis": "x", "origin": [0.5175, 12.89949, 11.31371]},
			"faces": {
				"north": {"uv": [5.5, 0, 6, 10], "texture": "#1"},
				"east": {"uv": [2, 0, 3, 10], "texture": "#1"},
				"south": {"uv": [5, 0, 5.5, 10], "texture": "#1"},
				"west": {"uv": [3, 0, 4, 10], "texture": "#1"},
				"up": {"uv": [6, 1, 6.75, 1.75], "rotation": 90, "texture": "#2"},
				"down": {"uv": [6, 1, 6.75, 1.75], "rotation": 270, "texture": "#2"}
			}
		},
		{
			"from": [0, -2.1005, 3.68629],
			"to": [1, 17.8995, 5.68629],
			"rotation": {"angle": -22.5, "axis": "x", "origin": [0.4925, 12.89949, 4.68629]},
			"faces": {
				"north": {"uv": [4.5, 0, 5, 10], "texture": "#1"},
				"east": {"uv": [0, 0, 1, 10], "texture": "#1"},
				"south": {"uv": [4, 0, 4.5, 10], "texture": "#1"},
				"west": {"uv": [1, 0, 2, 10], "texture": "#1"},
				"up": {"uv": [6, 1, 6.75, 1.75], "rotation": 90, "texture": "#2"},
				"down": {"uv": [6, 1, 6.75, 1.75], "rotation": 270, "texture": "#2"}
			}
		},
		{
			"from": [0.035, 15.72792, 14.14214],
			"to": [0.985, 17.14213, 15.55635],
			"rotation": {"angle": -22.5, "axis": "x", "origin": [0.5175, 12.89949, 11.31371]},
			"faces": {
				"north": {"uv": [6, 1, 6.75, 1.75], "texture": "#1"},
				"east": {"uv": [6.75, 3, 6, 3.75], "texture": "#1"},
				"south": {"uv": [6, 1, 6.75, 1.75], "texture": "#2"},
				"west": {"uv": [6, 3, 6.75, 3.75], "texture": "#1"},
				"up": {"uv": [6, 1, 6.75, 1.75], "rotation": 90, "texture": "#2"}
			}
		},
		{
			"from": [0.01, 15.72792, 0.44365],
			"to": [0.96, 17.14213, 1.85786],
			"rotation": {"angle": 22.5, "axis": "x", "origin": [0.4925, 12.89949, 4.68629]},
			"faces": {
				"north": {"uv": [6, 1, 6.75, 1.75], "texture": "#2"},
				"east": {"uv": [6.75, 1, 6, 1.75], "texture": "#1"},
				"west": {"uv": [6, 1, 6.75, 1.75], "texture": "#1"},
				"up": {"uv": [6, 1, 6.75, 1.75], "rotation": 90, "texture": "#2"}
			}
		},
		{
			"from": [15.04, 15.72792, 0.44365],
			"to": [15.99, 17.14213, 1.85786],
			"rotation": {"angle": 22.5, "axis": "x", "origin": [15.5075, 12.89949, 4.68629]},
			"faces": {
				"north": {"uv": [6.75, 1, 6, 1.75], "texture": "#2"},
				"east": {"uv": [6.75, 1, 6, 1.75], "texture": "#1"},
				"west": {"uv": [6, 1, 6.75, 1.75], "texture": "#1"},
				"up": {"uv": [6, 1.75, 6.75, 1], "rotation": 90, "texture": "#2"}
			}
		},
		{
			"from": [15, -2.1005, 3.68629],
			"to": [16, 17.8995, 5.68629],
			"rotation": {"angle": -22.5, "axis": "x", "origin": [15.5075, 12.89949, 4.68629]},
			"faces": {
				"north": {"uv": [5, 0, 4.5, 10], "texture": "#1"},
				"east": {"uv": [2, 0, 1, 10], "texture": "#1"},
				"south": {"uv": [4.5, 0, 4, 10], "texture": "#1"},
				"west": {"uv": [1, 0, 0, 10], "texture": "#1"},
				"up": {"uv": [6, 1.75, 6.75, 1], "rotation": 90, "texture": "#2"},
				"down": {"uv": [6, 1.75, 6.75, 1], "rotation": 270, "texture": "#2"}
			}
		},
		{
			"from": [15.015, 15.72792, 14.14214],
			"to": [15.965, 17.14213, 15.55635],
			"rotation": {"angle": -22.5, "axis": "x", "origin": [15.4825, 12.89949, 11.31371]},
			"faces": {
				"north": {"uv": [6.75, 1, 6, 1.75], "texture": "#1"},
				"east": {"uv": [6.75, 3, 6, 3.75], "texture": "#1"},
				"south": {"uv": [6.75, 1, 6, 1.75], "texture": "#2"},
				"west": {"uv": [6, 3, 6.75, 3.75], "texture": "#1"},
				"up": {"uv": [6, 1.75, 6.75, 1], "rotation": 90, "texture": "#2"}
			}
		},
		{
			"from": [14.975, -2.1005, 10.31371],
			"to": [15.975, 17.8995, 12.31371],
			"rotation": {"angle": 22.5, "axis": "x", "origin": [15.4825, 12.89949, 11.31371]},
			"faces": {
				"north": {"uv": [6, 0, 5.5, 10], "texture": "#1"},
				"east": {"uv": [4, 0, 3, 10], "texture": "#1"},
				"south": {"uv": [5.5, 0, 5, 10], "texture": "#1"},
				"west": {"uv": [3, 0, 2, 10], "texture": "#1"},
				"up": {"uv": [6, 1.75, 6.75, 1], "rotation": 90, "texture": "#2"},
				"down": {"uv": [6, 1.75, 6.75, 1], "rotation": 270, "texture": "#2"}
			}
		},
		{
			"from": [1, 13, 4.25],
			"to": [8, 13.5, 4.75],
			"rotation": {"angle": 0, "axis": "y", "origin": [8, 9.54842, 9.75]},
			"faces": {
				"north": {"uv": [0, 10.25, 3.5, 10.5], "texture": "#3"},
				"south": {"uv": [12.5, 10.25, 16, 10.5], "texture": "#3"},
				"up": {"uv": [1.1875, 0, 1.4375, 3.5], "rotation": 90, "texture": "#3"},
				"down": {"uv": [1.1875, 12.5, 1.4375, 16], "rotation": 270, "texture": "#3"}
			}
		},
		{
			"from": [1, 8, 9.25],
			"to": [8, 8.5, 9.75],
			"rotation": {"angle": 0, "axis": "y", "origin": [8, 12.54842, 12.75]},
			"faces": {
				"north": {"uv": [0, 14.25, 3.5, 14.5], "texture": "#3"},
				"south": {"uv": [12.5, 14.25, 16, 14.5], "texture": "#3"},
				"up": {"uv": [2.1875, 0, 2.4375, 3.5], "rotation": 90, "texture": "#3"},
				"down": {"uv": [2.1875, 12.5, 2.4375, 16], "rotation": 270, "texture": "#3"}
			}
		},
		{
			"from": [8.25, 6.96088, 12.49135],
			"to": [8.75, 7.46088, 14.49135],
			"rotation": {"angle": 45, "axis": "x", "origin": [8, 12.54842, 12.75]},
			"faces": {
				"north": {"uv": [0, 0, 0.25, 0.25], "rotation": 270, "texture": "#3"},
				"east": {"uv": [0, 0, 0.25, 1], "rotation": 270, "texture": "#3"},
				"south": {"uv": [0, 0, 0.25, 0.25], "rotation": 270, "texture": "#3"},
				"west": {"uv": [0, 0, 0.25, 1], "rotation": 90, "texture": "#3"},
				"up": {"uv": [0, 0, 0.25, 1], "rotation": 180, "texture": "#3"},
				"down": {"uv": [0, 0, 0.25, 1], "texture": "#3"}
			}
		},
		{
			"from": [14.25, 7.45352, 3.17028],
			"to": [14.75, 9.45352, 3.67028],
			"rotation": {"angle": 45, "axis": "x", "origin": [8, 9.54842, 9.75]},
			"faces": {
				"north": {"uv": [0, 0, 0.25, 1], "texture": "#3"},
				"east": {"uv": [0, 0, 0.25, 1], "texture": "#3"},
				"south": {"uv": [0, 0, 0.25, 1], "texture": "#3"},
				"west": {"uv": [0, 0, 0.25, 1], "texture": "#3"},
				"up": {"uv": [0, 0, 0.25, 0.25], "rotation": 270, "texture": "#3"},
				"down": {"uv": [0, 0, 0.25, 0.25], "rotation": 90, "texture": "#3"}
			}
		},
		{
			"from": [13, 8.20352, 2.42028],
			"to": [13.5, 8.70352, 4.42028],
			"rotation": {"angle": 45, "axis": "x", "origin": [8, 9.54842, 9.75]},
			"faces": {
				"north": {"uv": [0, 0, 0.25, 0.25], "rotation": 270, "texture": "#3"},
				"east": {"uv": [0, 0, 0.25, 1], "rotation": 270, "texture": "#3"},
				"south": {"uv": [0, 0, 0.25, 0.25], "rotation": 270, "texture": "#3"},
				"west": {"uv": [0, 0, 0.25, 1], "rotation": 90, "texture": "#3"},
				"up": {"uv": [0, 0, 0.25, 1], "rotation": 180, "texture": "#3"},
				"down": {"uv": [0, 0, 0.25, 1], "texture": "#3"}
			}
		},
		{
			"from": [8, 13, 4.25],
			"to": [15, 13.5, 4.75],
			"rotation": {"angle": 0, "axis": "y", "origin": [8, 9.54842, 9.75]},
			"faces": {
				"north": {"uv": [12.5, 10.25, 16, 10.5], "texture": "#3"},
				"south": {"uv": [0, 10.25, 3.5, 10.5], "texture": "#3"},
				"up": {"uv": [6.4375, 0, 6.6875, 3.5], "rotation": 270, "texture": "#3"},
				"down": {"uv": [6.4375, 12.5, 6.6875, 16], "rotation": 90, "texture": "#3"}
			}
		},
		{
			"from": [8, 8, 9.25],
			"to": [15, 8.5, 9.75],
			"rotation": {"angle": 0, "axis": "y", "origin": [8, 12.54842, 12.75]},
			"faces": {
				"north": {"uv": [12.5, 14.25, 16, 14.5], "texture": "#3"},
				"south": {"uv": [0, 14.25, 3.5, 14.5], "texture": "#3"},
				"up": {"uv": [5.4375, 0, 5.6875, 3.5], "rotation": 270, "texture": "#3"},
				"down": {"uv": [5.4375, 12.5, 5.6875, 16], "rotation": 90, "texture": "#3"}
			}
		},
		{
			"from": [11.75, 7.45352, 3.17028],
			"to": [12.25, 9.45352, 3.67028],
			"rotation": {"angle": 45, "axis": "x", "origin": [8, 9.54842, 9.75]},
			"faces": {
				"north": {"uv": [0, 0, 0.25, 1], "texture": "#3"},
				"east": {"uv": [0, 0, 0.25, 1], "texture": "#3"},
				"south": {"uv": [0, 0, 0.25, 1], "texture": "#3"},
				"west": {"uv": [0, 0, 0.25, 1], "texture": "#3"},
				"up": {"uv": [0, 0, 0.25, 0.25], "rotation": 270, "texture": "#3"},
				"down": {"uv": [0, 0, 0.25, 0.25], "rotation": 90, "texture": "#3"}
			}
		},
		{
			"from": [10.5, 8.20352, 2.42028],
			"to": [11, 8.70352, 4.42028],
			"rotation": {"angle": 45, "axis": "x", "origin": [8, 9.54842, 9.75]},
			"faces": {
				"north": {"uv": [0, 0, 0.25, 0.25], "rotation": 270, "texture": "#3"},
				"east": {"uv": [0, 0, 0.25, 1], "rotation": 270, "texture": "#3"},
				"south": {"uv": [0, 0, 0.25, 0.25], "rotation": 270, "texture": "#3"},
				"west": {"uv": [0, 0, 0.25, 1], "rotation": 90, "texture": "#3"},
				"up": {"uv": [0, 0, 0.25, 1], "rotation": 180, "texture": "#3"},
				"down": {"uv": [0, 0, 0.25, 1], "texture": "#3"}
			}
		},
		{
			"from": [9.25, 7.45352, 3.17028],
			"to": [9.75, 9.45352, 3.67028],
			"rotation": {"angle": 45, "axis": "x", "origin": [8, 9.54842, 9.75]},
			"faces": {
				"north": {"uv": [0, 0, 0.25, 1], "texture": "#3"},
				"east": {"uv": [0, 0, 0.25, 1], "texture": "#3"},
				"south": {"uv": [0, 0, 0.25, 1], "texture": "#3"},
				"west": {"uv": [0, 0, 0.25, 1], "texture": "#3"},
				"up": {"uv": [0, 0, 0.25, 0.25], "rotation": 270, "texture": "#3"},
				"down": {"uv": [0, 0, 0.25, 0.25], "rotation": 90, "texture": "#3"}
			}
		},
		{
			"from": [8.25, 8.20352, 2.42028],
			"to": [8.75, 8.70352, 4.42028],
			"rotation": {"angle": 45, "axis": "x", "origin": [8, 9.54842, 9.75]},
			"faces": {
				"north": {"uv": [0, 0, 0.25, 0.25], "rotation": 270, "texture": "#3"},
				"east": {"uv": [0, 0, 0.25, 1], "rotation": 270, "texture": "#3"},
				"south": {"uv": [0, 0, 0.25, 0.25], "rotation": 270, "texture": "#3"},
				"west": {"uv": [0, 0, 0.25, 1], "rotation": 90, "texture": "#3"},
				"up": {"uv": [0, 0, 0.25, 1], "rotation": 180, "texture": "#3"},
				"down": {"uv": [0, 0, 0.25, 1], "texture": "#3"}
			}
		},
		{
			"from": [14.25, 6.21088, 13.24135],
			"to": [14.75, 8.21088, 13.74135],
			"rotation": {"angle": 45, "axis": "x", "origin": [8, 12.54842, 12.75]},
			"faces": {
				"north": {"uv": [0, 0, 0.25, 1], "texture": "#3"},
				"east": {"uv": [0, 0, 0.25, 1], "texture": "#3"},
				"south": {"uv": [0, 0, 0.25, 1], "texture": "#3"},
				"west": {"uv": [0, 0, 0.25, 1], "texture": "#3"},
				"up": {"uv": [0, 0, 0.25, 0.25], "rotation": 270, "texture": "#3"},
				"down": {"uv": [0, 0, 0.25, 0.25], "rotation": 90, "texture": "#3"}
			}
		},
		{
			"from": [13, 6.96088, 12.49135],
			"to": [13.5, 7.46088, 14.49135],
			"rotation": {"angle": 45, "axis": "x", "origin": [8, 12.54842, 12.75]},
			"faces": {
				"north": {"uv": [0, 0, 0.25, 0.25], "rotation": 270, "texture": "#3"},
				"east": {"uv": [0, 0, 0.25, 1], "rotation": 270, "texture": "#3"},
				"south": {"uv": [0, 0, 0.25, 0.25], "rotation": 270, "texture": "#3"},
				"west": {"uv": [0, 0, 0.25, 1], "rotation": 90, "texture": "#3"},
				"up": {"uv": [0, 0, 0.25, 1], "rotation": 180, "texture": "#3"},
				"down": {"uv": [0, 0, 0.25, 1], "texture": "#3"}
			}
		},
		{
			"from": [11.75, 6.21088, 13.24135],
			"to": [12.25, 8.21088, 13.74135],
			"rotation": {"angle": 45, "axis": "x", "origin": [8, 12.54842, 12.75]},
			"faces": {
				"north": {"uv": [0, 0, 0.25, 1], "texture": "#3"},
				"east": {"uv": [0, 0, 0.25, 1], "texture": "#3"},
				"south": {"uv": [0, 0, 0.25, 1], "texture": "#3"},
				"west": {"uv": [0, 0, 0.25, 1], "texture": "#3"},
				"up": {"uv": [0, 0, 0.25, 0.25], "rotation": 270, "texture": "#3"},
				"down": {"uv": [0, 0, 0.25, 0.25], "rotation": 90, "texture": "#3"}
			}
		},
		{
			"from": [10.5, 6.96088, 12.49135],
			"to": [11, 7.46088, 14.49135],
			"rotation": {"angle": 45, "axis": "x", "origin": [8, 12.54842, 12.75]},
			"faces": {
				"north": {"uv": [0, 0, 0.25, 0.25], "rotation": 270, "texture": "#3"},
				"east": {"uv": [0, 0, 0.25, 1], "rotation": 270, "texture": "#3"},
				"south": {"uv": [0, 0, 0.25, 0.25], "rotation": 270, "texture": "#3"},
				"west": {"uv": [0, 0, 0.25, 1], "rotation": 90, "texture": "#3"},
				"up": {"uv": [0, 0, 0.25, 1], "rotation": 180, "texture": "#3"},
				"down": {"uv": [0, 0, 0.25, 1], "texture": "#3"}
			}
		},
		{
			"from": [9.25, 6.21088, 13.24135],
			"to": [9.75, 8.21088, 13.74135],
			"rotation": {"angle": 45, "axis": "x", "origin": [8, 12.54842, 12.75]},
			"faces": {
				"north": {"uv": [0, 0, 0.25, 1], "texture": "#3"},
				"east": {"uv": [0, 0, 0.25, 1], "texture": "#3"},
				"south": {"uv": [0, 0, 0.25, 1], "texture": "#3"},
				"west": {"uv": [0, 0, 0.25, 1], "texture": "#3"},
				"up": {"uv": [0, 0, 0.25, 0.25], "rotation": 270, "texture": "#3"},
				"down": {"uv": [0, 0, 0.25, 0.25], "rotation": 90, "texture": "#3"}
			}
		},
		{
			"from": [1.25, 10.80708, 7.16246],
			"to": [1.75, 12.80708, 7.66246],
			"rotation": {"angle": -45, "axis": "x", "origin": [8, 12.54842, 12.75]},
			"faces": {
				"north": {"uv": [0, 0, 0.25, 1], "texture": "#3"},
				"east": {"uv": [0, 0, 0.25, 1], "texture": "#3"},
				"south": {"uv": [0, 0, 0.25, 1], "texture": "#3"},
				"west": {"uv": [0, 0, 0.25, 1], "texture": "#3"},
				"up": {"uv": [0, 0, 0.25, 0.25], "rotation": 90, "texture": "#3"},
				"down": {"uv": [0, 0, 0.25, 0.25], "rotation": 270, "texture": "#3"}
			}
		},
		{
			"from": [2.5, 11.55708, 6.41246],
			"to": [3, 12.05708, 8.41246],
			"rotation": {"angle": -45, "axis": "x", "origin": [8, 12.54842, 12.75]},
			"faces": {
				"north": {"uv": [0, 0, 0.25, 0.25], "rotation": 270, "texture": "#3"},
				"east": {"uv": [0, 0, 0.25, 1], "rotation": 90, "texture": "#3"},
				"south": {"uv": [0, 0, 0.25, 0.25], "rotation": 270, "texture": "#3"},
				"west": {"uv": [0, 0, 0.25, 1], "rotation": 270, "texture": "#3"},
				"up": {"uv": [0, 0, 0.25, 1], "texture": "#3"},
				"down": {"uv": [0, 0, 0.25, 1], "rotation": 180, "texture": "#3"}
			}
		},
		{
			"from": [3.75, 10.80708, 7.16246],
			"to": [4.25, 12.80708, 7.66246],
			"rotation": {"angle": -45, "axis": "x", "origin": [8, 12.54842, 12.75]},
			"faces": {
				"north": {"uv": [0, 0, 0.25, 1], "texture": "#3"},
				"east": {"uv": [0, 0, 0.25, 1], "texture": "#3"},
				"south": {"uv": [0, 0, 0.25, 1], "texture": "#3"},
				"west": {"uv": [0, 0, 0.25, 1], "texture": "#3"},
				"up": {"uv": [0, 0, 0.25, 0.25], "rotation": 90, "texture": "#3"},
				"down": {"uv": [0, 0, 0.25, 0.25], "rotation": 270, "texture": "#3"}
			}
		},
		{
			"from": [5, 11.55708, 6.41246],
			"to": [5.5, 12.05708, 8.41246],
			"rotation": {"angle": -45, "axis": "x", "origin": [8, 12.54842, 12.75]},
			"faces": {
				"north": {"uv": [0, 0, 0.25, 0.25], "rotation": 270, "texture": "#3"},
				"east": {"uv": [0, 0, 0.25, 1], "rotation": 90, "texture": "#3"},
				"south": {"uv": [0, 0, 0.25, 0.25], "rotation": 270, "texture": "#3"},
				"west": {"uv": [0, 0, 0.25, 1], "rotation": 270, "texture": "#3"},
				"up": {"uv": [0, 0, 0.25, 1], "texture": "#3"},
				"down": {"uv": [0, 0, 0.25, 1], "rotation": 180, "texture": "#3"}
			}
		},
		{
			"from": [6.25, 10.80708, 7.16246],
			"to": [6.75, 12.80708, 7.66246],
			"rotation": {"angle": -45, "axis": "x", "origin": [8, 12.54842, 12.75]},
			"faces": {
				"north": {"uv": [0, 0, 0.25, 1], "texture": "#3"},
				"east": {"uv": [0, 0, 0.25, 1], "texture": "#3"},
				"south": {"uv": [0, 0, 0.25, 1], "texture": "#3"},
				"west": {"uv": [0, 0, 0.25, 1], "texture": "#3"},
				"up": {"uv": [0, 0, 0.25, 0.25], "rotation": 90, "texture": "#3"},
				"down": {"uv": [0, 0, 0.25, 0.25], "rotation": 270, "texture": "#3"}
			}
		},
		{
			"from": [7.25, 11.55708, 6.41246],
			"to": [7.75, 12.05708, 8.41246],
			"rotation": {"angle": -45, "axis": "x", "origin": [8, 12.54842, 12.75]},
			"faces": {
				"north": {"uv": [0, 0, 0.25, 0.25], "rotation": 270, "texture": "#3"},
				"east": {"uv": [0, 0, 0.25, 1], "rotation": 90, "texture": "#3"},
				"south": {"uv": [0, 0, 0.25, 0.25], "rotation": 270, "texture": "#3"},
				"west": {"uv": [0, 0, 0.25, 1], "rotation": 270, "texture": "#3"},
				"up": {"uv": [0, 0, 0.25, 1], "texture": "#3"},
				"down": {"uv": [0, 0, 0.25, 1], "rotation": 180, "texture": "#3"}
			}
		},
		{
			"from": [1.25, 14.87814, 8.4051],
			"to": [1.75, 16.87814, 8.9051],
			"rotation": {"angle": -45, "axis": "x", "origin": [8, 9.54842, 9.75]},
			"faces": {
				"north": {"uv": [0, 0, 0.25, 1], "texture": "#3"},
				"east": {"uv": [0, 0, 0.25, 1], "texture": "#3"},
				"south": {"uv": [0, 0, 0.25, 1], "texture": "#3"},
				"west": {"uv": [0, 0, 0.25, 1], "texture": "#3"},
				"up": {"uv": [0, 0, 0.25, 0.25], "rotation": 90, "texture": "#3"},
				"down": {"uv": [0, 0, 0.25, 0.25], "rotation": 270, "texture": "#3"}
			}
		},
		{
			"from": [2.5, 15.62814, 7.6551],
			"to": [3, 16.12814, 9.6551],
			"rotation": {"angle": -45, "axis": "x", "origin": [8, 9.54842, 9.75]},
			"faces": {
				"north": {"uv": [0, 0, 0.25, 0.25], "rotation": 270, "texture": "#3"},
				"east": {"uv": [0, 0, 0.25, 1], "rotation": 90, "texture": "#3"},
				"south": {"uv": [0, 0, 0.25, 0.25], "rotation": 270, "texture": "#3"},
				"west": {"uv": [0, 0, 0.25, 1], "rotation": 270, "texture": "#3"},
				"up": {"uv": [0, 0, 0.25, 1], "texture": "#3"},
				"down": {"uv": [0, 0, 0.25, 1], "rotation": 180, "texture": "#3"}
			}
		},
		{
			"from": [3.75, 14.87814, 8.4051],
			"to": [4.25, 16.87814, 8.9051],
			"rotation": {"angle": -45, "axis": "x", "origin": [8, 9.54842, 9.75]},
			"faces": {
				"north": {"uv": [0, 0, 0.25, 1], "texture": "#3"},
				"east": {"uv": [0, 0, 0.25, 1], "texture": "#3"},
				"south": {"uv": [0, 0, 0.25, 1], "texture": "#3"},
				"west": {"uv": [0, 0, 0.25, 1], "texture": "#3"},
				"up": {"uv": [0, 0, 0.25, 0.25], "rotation": 90, "texture": "#3"},
				"down": {"uv": [0, 0, 0.25, 0.25], "rotation": 270, "texture": "#3"}
			}
		},
		{
			"from": [5, 15.62814, 7.6551],
			"to": [5.5, 16.12814, 9.6551],
			"rotation": {"angle": -45, "axis": "x", "origin": [8, 9.54842, 9.75]},
			"faces": {
				"north": {"uv": [0, 0, 0.25, 0.25], "rotation": 270, "texture": "#3"},
				"east": {"uv": [0, 0, 0.25, 1], "rotation": 90, "texture": "#3"},
				"south": {"uv": [0, 0, 0.25, 0.25], "rotation": 270, "texture": "#3"},
				"west": {"uv": [0, 0, 0.25, 1], "rotation": 270, "texture": "#3"},
				"up": {"uv": [0, 0, 0.25, 1], "texture": "#3"},
				"down": {"uv": [0, 0, 0.25, 1], "rotation": 180, "texture": "#3"}
			}
		},
		{
			"from": [6.25, 14.87814, 8.4051],
			"to": [6.75, 16.87814, 8.9051],
			"rotation": {"angle": -45, "axis": "x", "origin": [8, 9.54842, 9.75]},
			"faces": {
				"north": {"uv": [0, 0, 0.25, 1], "texture": "#3"},
				"east": {"uv": [0, 0, 0.25, 1], "texture": "#3"},
				"south": {"uv": [0, 0, 0.25, 1], "texture": "#3"},
				"west": {"uv": [0, 0, 0.25, 1], "texture": "#3"},
				"up": {"uv": [0, 0, 0.25, 0.25], "rotation": 90, "texture": "#3"},
				"down": {"uv": [0, 0, 0.25, 0.25], "rotation": 270, "texture": "#3"}
			}
		},
		{
			"from": [7.25, 15.62814, 7.6551],
			"to": [7.75, 16.12814, 9.6551],
			"rotation": {"angle": -45, "axis": "x", "origin": [8, 9.54842, 9.75]},
			"faces": {
				"north": {"uv": [0, 0, 0.25, 0.25], "rotation": 270, "texture": "#3"},
				"east": {"uv": [0, 0, 0.25, 1], "rotation": 90, "texture": "#3"},
				"south": {"uv": [0, 0, 0.25, 0.25], "rotation": 270, "texture": "#3"},
				"west": {"uv": [0, 0, 0.25, 1], "rotation": 270, "texture": "#3"},
				"up": {"uv": [0, 0, 0.25, 1], "texture": "#3"},
				"down": {"uv": [0, 0, 0.25, 1], "rotation": 180, "texture": "#3"}
			}
		}
	],
	"gui_light": "front",
	"display": {
		"thirdperson_righthand": {
			"rotation": [75, 45, 0],
			"translation": [0, 2.5, 0],
			"scale": [0.375, 0.375, 0.375]
		},
		"thirdperson_lefthand": {
			"rotation": [75, 45, 0],
			"translation": [0, 2.5, 0],
			"scale": [0.375, 0.375, 0.375]
		},
		"firstperson_righthand": {
			"rotation": [0, 45, 0],
			"scale": [0.4, 0.4, 0.4]
		},
		"firstperson_lefthand": {
			"rotation": [0, 225, 0],
			"scale": [0.4, 0.4, 0.4]
		},
		"ground": {
			"translation": [0, 3, 0],
			"scale": [0.25, 0.25, 0.25]
		},
		"gui": {
			"rotation": [30, 225, 0],
			"scale": [0.625, 0.625, 0.625]
		},
		"head": {
			"translation": [0, -3, -6]
		},
		"fixed": {
			"scale": [0.5, 0.5, 0.5]
		}
	}
}