{
	"credit": "Made with Blockbench",
	"texture_size": [32, 32],
	"textures": {
		"1": "block/barricate/wire_fence",
		"2": "block/barricate/wire_fernce_wood",
		"3": "block/barricate/wire_fernce_spikes"
	},
	"elements": [
		{
			"from": [10.6066, -5.80761, 6.975],
			"to": [12.6066, 14.19239, 7.975],
			"rotation": {"angle": -45, "axis": "z", "origin": [12.31371, 9.89949, 8.5075]},
			"faces": {
				"north": {"uv": [2, 0, 3, 10], "texture": "#1"},
				"east": {"uv": [5, 0, 5.5, 10], "texture": "#1"},
				"south": {"uv": [3, 0, 4, 10], "texture": "#1"},
				"west": {"uv": [5.5, 0, 6, 10], "texture": "#1"},
				"up": {"uv": [6, 1, 6.75, 1.75], "texture": "#2"},
				"down": {"uv": [6, 1, 6.75, 1.75], "texture": "#2"}
			}
		},
		{
			"from": [3.3934, -5.80761, 7],
			"to": [5.3934, 14.19239, 8],
			"rotation": {"angle": 45, "axis": "z", "origin": [3.68629, 9.89949, 8.5075]},
			"faces": {
				"north": {"uv": [0, 0, 1, 10], "texture": "#1"},
				"east": {"uv": [4, 0, 4.5, 10], "texture": "#1"},
				"south": {"uv": [1, 0, 2, 10], "texture": "#1"},
				"west": {"uv": [4.5, 0, 5, 10], "texture": "#1"},
				"up": {"uv": [6, 1, 6.75, 1.75], "texture": "#2"},
				"down": {"uv": [6, 1, 6.75, 1.75], "texture": "#2"}
			}
		},
		{
			"from": [14.14214, 12.72792, 7.015],
			"to": [15.55635, 14.14213, 7.965],
			"rotation": {"angle": 0, "axis": "z", "origin": [12.31371, 9.89949, 8.5075]},
			"faces": {
				"north": {"uv": [6.75, 3, 6, 3.75], "texture": "#1"},
				"east": {"uv": [6, 1, 6.75, 1.75], "texture": "#2"},
				"south": {"uv": [6, 3, 6.75, 3.75], "texture": "#1"},
				"west": {"uv": [6, 1, 6.75, 1.75], "texture": "#1"},
				"up": {"uv": [6, 1, 6.75, 1.75], "texture": "#2"}
			}
		},
		{
			"from": [0.44365, 12.72792, 7.04],
			"to": [1.85786, 14.14213, 7.99],
			"rotation": {"angle": 0, "axis": "z", "origin": [3.68629, 9.89949, 8.5075]},
			"faces": {
				"north": {"uv": [6.75, 1, 6, 1.75], "texture": "#1"},
				"south": {"uv": [6, 1, 6.75, 1.75], "texture": "#1"},
				"west": {"uv": [6, 1, 6.75, 1.75], "texture": "#2"},
				"up": {"uv": [6, 1, 6.75, 1.75], "texture": "#2"}
			}
		},
		{
			"from": [7.5, 6, 0],
			"to": [8.5, 7, 7],
			"rotation": {"angle": 0, "axis": "y", "origin": [15.5, 8, 8]},
			"faces": {
				"east": {"uv": [8, 4.5, 11.5, 5], "texture": "#1"},
				"west": {"uv": [8, 4.5, 11.5, 5], "texture": "#1"},
				"up": {"uv": [8.5, 8.5, 8, 5], "texture": "#1"},
				"down": {"uv": [6.5, 8, 6, 11.5], "texture": "#1"}
			}
		},
		{
			"from": [13, 11, 0],
			"to": [13.5, 11.5, 7],
			"rotation": {"angle": 0, "axis": "y", "origin": [8.15, 8, 3.6]},
			"faces": {
				"east": {"uv": [12.5, 10.25, 16, 10.5], "texture": "#3"},
				"west": {"uv": [0, 10.25, 3.5, 10.5], "texture": "#3"},
				"up": {"uv": [6.4375, 0, 6.6875, 3.5], "texture": "#3"},
				"down": {"uv": [6.4375, 12.5, 6.6875, 16], "texture": "#3"}
			}
		},
		{
			"from": [2.5, 11, 0],
			"to": [3, 11.5, 7],
			"rotation": {"angle": 0, "axis": "y", "origin": [8.15, 8, 3.6]},
			"faces": {
				"east": {"uv": [12.5, 10.25, 16, 10.5], "texture": "#3"},
				"west": {"uv": [0, 10.25, 3.5, 10.5], "texture": "#3"},
				"up": {"uv": [1.1875, 0, 1.4375, 3.5], "texture": "#3"},
				"down": {"uv": [1.1875, 12.5, 1.4375, 16], "texture": "#3"}
			}
		},
		{
			"from": [11, 3, 0],
			"to": [11.5, 3.5, 7],
			"rotation": {"angle": 0, "axis": "y", "origin": [8.15, 8, 3.6]},
			"faces": {
				"east": {"uv": [12.5, 14.25, 16, 14.5], "texture": "#3"},
				"west": {"uv": [0, 14.25, 3.5, 14.5], "texture": "#3"},
				"up": {"uv": [5.4375, 0, 5.6875, 3.5], "texture": "#3"},
				"down": {"uv": [5.4375, 12.5, 5.6875, 16], "texture": "#3"}
			}
		},
		{
			"from": [4.5, 3, 0],
			"to": [5, 3.5, 7],
			"rotation": {"angle": 0, "axis": "y", "origin": [8.15, 8, 3.6]},
			"faces": {
				"east": {"uv": [12.5, 14.25, 16, 14.5], "texture": "#3"},
				"west": {"uv": [0, 14.25, 3.5, 14.5], "texture": "#3"},
				"up": {"uv": [2.1875, 0, 2.4375, 3.5], "texture": "#3"},
				"down": {"uv": [2.1875, 12.5, 2.4375, 16], "texture": "#3"}
			}
		},
		{
			"from": [4.5, 2.25, 6.25],
			"to": [5, 4.25, 6.75],
			"rotation": {"angle": 45, "axis": "z", "origin": [4.75, 3.25, 3]},
			"faces": {
				"north": {"uv": [0, 0, 0.25, 1], "texture": "#3"},
				"east": {"uv": [0, 0, 0.25, 1], "texture": "#3"},
				"south": {"uv": [0, 0, 0.25, 1], "texture": "#3"},
				"west": {"uv": [0, 0, 0.25, 1], "texture": "#3"},
				"up": {"uv": [0, 0, 0.25, 0.25], "texture": "#3"},
				"down": {"uv": [0, 0, 0.25, 0.25], "texture": "#3"}
			}
		},
		{
			"from": [3.75, 3, 5],
			"to": [5.75, 3.5, 5.5],
			"rotation": {"angle": 45, "axis": "z", "origin": [4.75, 3.25, 3]},
			"faces": {
				"north": {"uv": [0, 0, 0.25, 1], "rotation": 90, "texture": "#3"},
				"east": {"uv": [0, 0, 0.25, 0.25], "rotation": 270, "texture": "#3"},
				"south": {"uv": [0, 0, 0.25, 1], "rotation": 270, "texture": "#3"},
				"west": {"uv": [0, 0, 0.25, 0.25], "rotation": 270, "texture": "#3"},
				"up": {"uv": [0, 0, 0.25, 1], "rotation": 270, "texture": "#3"},
				"down": {"uv": [0, 0, 0.25, 1], "rotation": 270, "texture": "#3"}
			}
		},
		{
			"from": [4.5, 2.25, 3.75],
			"to": [5, 4.25, 4.25],
			"rotation": {"angle": 45, "axis": "z", "origin": [4.75, 3.25, 3]},
			"faces": {
				"north": {"uv": [0, 0, 0.25, 1], "texture": "#3"},
				"east": {"uv": [0, 0, 0.25, 1], "texture": "#3"},
				"south": {"uv": [0, 0, 0.25, 1], "texture": "#3"},
				"west": {"uv": [0, 0, 0.25, 1], "texture": "#3"},
				"up": {"uv": [0, 0, 0.25, 0.25], "texture": "#3"},
				"down": {"uv": [0, 0, 0.25, 0.25], "texture": "#3"}
			}
		},
		{
			"from": [3.75, 3, 2.5],
			"to": [5.75, 3.5, 3],
			"rotation": {"angle": 45, "axis": "z", "origin": [4.75, 3.25, 3]},
			"faces": {
				"north": {"uv": [0, 0, 0.25, 1], "rotation": 90, "texture": "#3"},
				"east": {"uv": [0, 0, 0.25, 0.25], "rotation": 270, "texture": "#3"},
				"south": {"uv": [0, 0, 0.25, 1], "rotation": 270, "texture": "#3"},
				"west": {"uv": [0, 0, 0.25, 0.25], "rotation": 270, "texture": "#3"},
				"up": {"uv": [0, 0, 0.25, 1], "rotation": 270, "texture": "#3"},
				"down": {"uv": [0, 0, 0.25, 1], "rotation": 270, "texture": "#3"}
			}
		},
		{
			"from": [4.5, 2.25, 1.25],
			"to": [5, 4.25, 1.75],
			"rotation": {"angle": 45, "axis": "z", "origin": [4.75, 3.25, 3]},
			"faces": {
				"north": {"uv": [0, 0, 0.25, 1], "texture": "#3"},
				"east": {"uv": [0, 0, 0.25, 1], "texture": "#3"},
				"south": {"uv": [0, 0, 0.25, 1], "texture": "#3"},
				"west": {"uv": [0, 0, 0.25, 1], "texture": "#3"},
				"up": {"uv": [0, 0, 0.25, 0.25], "texture": "#3"},
				"down": {"uv": [0, 0, 0.25, 0.25], "texture": "#3"}
			}
		},
		{
			"from": [3.75, 3, 0.25],
			"to": [5.75, 3.5, 0.75],
			"rotation": {"angle": 45, "axis": "z", "origin": [4.75, 3.25, 3]},
			"faces": {
				"north": {"uv": [0, 0, 0.25, 1], "rotation": 90, "texture": "#3"},
				"east": {"uv": [0, 0, 0.25, 0.25], "rotation": 270, "texture": "#3"},
				"south": {"uv": [0, 0, 0.25, 1], "rotation": 270, "texture": "#3"},
				"west": {"uv": [0, 0, 0.25, 0.25], "rotation": 270, "texture": "#3"},
				"up": {"uv": [0, 0, 0.25, 1], "rotation": 270, "texture": "#3"},
				"down": {"uv": [0, 0, 0.25, 1], "rotation": 270, "texture": "#3"}
			}
		},
		{
			"from": [2.5, 10.25, 6.25],
			"to": [3, 12.25, 6.75],
			"rotation": {"angle": 45, "axis": "z", "origin": [2.75, 11.25, 3]},
			"faces": {
				"north": {"uv": [0, 0, 0.25, 1], "texture": "#3"},
				"east": {"uv": [0, 0, 0.25, 1], "texture": "#3"},
				"south": {"uv": [0, 0, 0.25, 1], "texture": "#3"},
				"west": {"uv": [0, 0, 0.25, 1], "texture": "#3"},
				"up": {"uv": [0, 0, 0.25, 0.25], "texture": "#3"},
				"down": {"uv": [0, 0, 0.25, 0.25], "texture": "#3"}
			}
		},
		{
			"from": [1.75, 11, 5],
			"to": [3.75, 11.5, 5.5],
			"rotation": {"angle": 45, "axis": "z", "origin": [2.75, 11.25, 3]},
			"faces": {
				"north": {"uv": [0, 0, 0.25, 1], "rotation": 90, "texture": "#3"},
				"east": {"uv": [0, 0, 0.25, 0.25], "rotation": 270, "texture": "#3"},
				"south": {"uv": [0, 0, 0.25, 1], "rotation": 270, "texture": "#3"},
				"west": {"uv": [0, 0, 0.25, 0.25], "rotation": 270, "texture": "#3"},
				"up": {"uv": [0, 0, 0.25, 1], "rotation": 270, "texture": "#3"},
				"down": {"uv": [0, 0, 0.25, 1], "rotation": 270, "texture": "#3"}
			}
		},
		{
			"from": [2.5, 10.25, 3.75],
			"to": [3, 12.25, 4.25],
			"rotation": {"angle": 45, "axis": "z", "origin": [2.75, 11.25, 3]},
			"faces": {
				"north": {"uv": [0, 0, 0.25, 1], "texture": "#3"},
				"east": {"uv": [0, 0, 0.25, 1], "texture": "#3"},
				"south": {"uv": [0, 0, 0.25, 1], "texture": "#3"},
				"west": {"uv": [0, 0, 0.25, 1], "texture": "#3"},
				"up": {"uv": [0, 0, 0.25, 0.25], "texture": "#3"},
				"down": {"uv": [0, 0, 0.25, 0.25], "texture": "#3"}
			}
		},
		{
			"from": [1.75, 11, 2.5],
			"to": [3.75, 11.5, 3],
			"rotation": {"angle": 45, "axis": "z", "origin": [2.75, 11.25, 3]},
			"faces": {
				"north": {"uv": [0, 0, 0.25, 1], "rotation": 90, "texture": "#3"},
				"east": {"uv": [0, 0, 0.25, 0.25], "rotation": 270, "texture": "#3"},
				"south": {"uv": [0, 0, 0.25, 1], "rotation": 270, "texture": "#3"},
				"west": {"uv": [0, 0, 0.25, 0.25], "rotation": 270, "texture": "#3"},
				"up": {"uv": [0, 0, 0.25, 1], "rotation": 270, "texture": "#3"},
				"down": {"uv": [0, 0, 0.25, 1], "rotation": 270, "texture": "#3"}
			}
		},
		{
			"from": [2.5, 10.25, 1.25],
			"to": [3, 12.25, 1.75],
			"rotation": {"angle": 45, "axis": "z", "origin": [2.75, 11.25, 3]},
			"faces": {
				"north": {"uv": [0, 0, 0.25, 1], "texture": "#3"},
				"east": {"uv": [0, 0, 0.25, 1], "texture": "#3"},
				"south": {"uv": [0, 0, 0.25, 1], "texture": "#3"},
				"west": {"uv": [0, 0, 0.25, 1], "texture": "#3"},
				"up": {"uv": [0, 0, 0.25, 0.25], "texture": "#3"},
				"down": {"uv": [0, 0, 0.25, 0.25], "texture": "#3"}
			}
		},
		{
			"from": [1.75, 11, 0.25],
			"to": [3.75, 11.5, 0.75],
			"rotation": {"angle": 45, "axis": "z", "origin": [2.75, 11.25, 3]},
			"faces": {
				"north": {"uv": [0, 0, 0.25, 1], "rotation": 90, "texture": "#3"},
				"east": {"uv": [0, 0, 0.25, 0.25], "rotation": 270, "texture": "#3"},
				"south": {"uv": [0, 0, 0.25, 1], "rotation": 270, "texture": "#3"},
				"west": {"uv": [0, 0, 0.25, 0.25], "rotation": 270, "texture": "#3"},
				"up": {"uv": [0, 0, 0.25, 1], "rotation": 270, "texture": "#3"},
				"down": {"uv": [0, 0, 0.25, 1], "rotation": 270, "texture": "#3"}
			}
		},
		{
			"from": [13, 10.25, 6.25],
			"to": [13.5, 12.25, 6.75],
			"rotation": {"angle": 45, "axis": "z", "origin": [13.25, 11.25, 3]},
			"faces": {
				"north": {"uv": [0, 0, 0.25, 1], "texture": "#3"},
				"east": {"uv": [0, 0, 0.25, 1], "texture": "#3"},
				"south": {"uv": [0, 0, 0.25, 1], "texture": "#3"},
				"west": {"uv": [0, 0, 0.25, 1], "texture": "#3"},
				"up": {"uv": [0, 0, 0.25, 0.25], "texture": "#3"},
				"down": {"uv": [0, 0, 0.25, 0.25], "texture": "#3"}
			}
		},
		{
			"from": [12.25, 11, 5],
			"to": [14.25, 11.5, 5.5],
			"rotation": {"angle": 45, "axis": "z", "origin": [13.25, 11.25, 3]},
			"faces": {
				"north": {"uv": [0, 0, 0.25, 1], "rotation": 90, "texture": "#3"},
				"east": {"uv": [0, 0, 0.25, 0.25], "rotation": 270, "texture": "#3"},
				"south": {"uv": [0, 0, 0.25, 1], "rotation": 270, "texture": "#3"},
				"west": {"uv": [0, 0, 0.25, 0.25], "rotation": 270, "texture": "#3"},
				"up": {"uv": [0, 0, 0.25, 1], "rotation": 270, "texture": "#3"},
				"down": {"uv": [0, 0, 0.25, 1], "rotation": 270, "texture": "#3"}
			}
		},
		{
			"from": [13, 10.25, 3.75],
			"to": [13.5, 12.25, 4.25],
			"rotation": {"angle": 45, "axis": "z", "origin": [13.25, 11.25, 3]},
			"faces": {
				"north": {"uv": [0, 0, 0.25, 1], "texture": "#3"},
				"east": {"uv": [0, 0, 0.25, 1], "texture": "#3"},
				"south": {"uv": [0, 0, 0.25, 1], "texture": "#3"},
				"west": {"uv": [0, 0, 0.25, 1], "texture": "#3"},
				"up": {"uv": [0, 0, 0.25, 0.25], "texture": "#3"},
				"down": {"uv": [0, 0, 0.25, 0.25], "texture": "#3"}
			}
		},
		{
			"from": [12.25, 11, 2.5],
			"to": [14.25, 11.5, 3],
			"rotation": {"angle": 45, "axis": "z", "origin": [13.25, 11.25, 3]},
			"faces": {
				"north": {"uv": [0, 0, 0.25, 1], "rotation": 90, "texture": "#3"},
				"east": {"uv": [0, 0, 0.25, 0.25], "rotation": 270, "texture": "#3"},
				"south": {"uv": [0, 0, 0.25, 1], "rotation": 270, "texture": "#3"},
				"west": {"uv": [0, 0, 0.25, 0.25], "rotation": 270, "texture": "#3"},
				"up": {"uv": [0, 0, 0.25, 1], "rotation": 270, "texture": "#3"},
				"down": {"uv": [0, 0, 0.25, 1], "rotation": 270, "texture": "#3"}
			}
		},
		{
			"from": [13, 10.25, 1.25],
			"to": [13.5, 12.25, 1.75],
			"rotation": {"angle": 45, "axis": "z", "origin": [13.25, 11.25, 3]},
			"faces": {
				"north": {"uv": [0, 0, 0.25, 1], "texture": "#3"},
				"east": {"uv": [0, 0, 0.25, 1], "texture": "#3"},
				"south": {"uv": [0, 0, 0.25, 1], "texture": "#3"},
				"west": {"uv": [0, 0, 0.25, 1], "texture": "#3"},
				"up": {"uv": [0, 0, 0.25, 0.25], "texture": "#3"},
				"down": {"uv": [0, 0, 0.25, 0.25], "texture": "#3"}
			}
		},
		{
			"from": [12.25, 11, 0.25],
			"to": [14.25, 11.5, 0.75],
			"rotation": {"angle": 45, "axis": "z", "origin": [13.25, 11.25, 3]},
			"faces": {
				"north": {"uv": [0, 0, 0.25, 1], "rotation": 90, "texture": "#3"},
				"east": {"uv": [0, 0, 0.25, 0.25], "rotation": 270, "texture": "#3"},
				"south": {"uv": [0, 0, 0.25, 1], "rotation": 270, "texture": "#3"},
				"west": {"uv": [0, 0, 0.25, 0.25], "rotation": 270, "texture": "#3"},
				"up": {"uv": [0, 0, 0.25, 1], "rotation": 270, "texture": "#3"},
				"down": {"uv": [0, 0, 0.25, 1], "rotation": 270, "texture": "#3"}
			}
		},
		{
			"from": [11, 2.25, 6.25],
			"to": [11.5, 4.25, 6.75],
			"rotation": {"angle": 45, "axis": "z", "origin": [11.25, 3.25, 3]},
			"faces": {
				"north": {"uv": [0, 0, 0.25, 1], "texture": "#3"},
				"east": {"uv": [0, 0, 0.25, 1], "texture": "#3"},
				"south": {"uv": [0, 0, 0.25, 1], "texture": "#3"},
				"west": {"uv": [0, 0, 0.25, 1], "texture": "#3"},
				"up": {"uv": [0, 0, 0.25, 0.25], "texture": "#3"},
				"down": {"uv": [0, 0, 0.25, 0.25], "texture": "#3"}
			}
		},
		{
			"from": [10.25, 3, 5],
			"to": [12.25, 3.5, 5.5],
			"rotation": {"angle": 45, "axis": "z", "origin": [11.25, 3.25, 3]},
			"faces": {
				"north": {"uv": [0, 0, 0.25, 1], "rotation": 90, "texture": "#3"},
				"east": {"uv": [0, 0, 0.25, 0.25], "rotation": 270, "texture": "#3"},
				"south": {"uv": [0, 0, 0.25, 1], "rotation": 270, "texture": "#3"},
				"west": {"uv": [0, 0, 0.25, 0.25], "rotation": 270, "texture": "#3"},
				"up": {"uv": [0, 0, 0.25, 1], "rotation": 270, "texture": "#3"},
				"down": {"uv": [0, 0, 0.25, 1], "rotation": 270, "texture": "#3"}
			}
		},
		{
			"from": [11, 2.25, 3.75],
			"to": [11.5, 4.25, 4.25],
			"rotation": {"angle": 45, "axis": "z", "origin": [11.25, 3.25, 3]},
			"faces": {
				"north": {"uv": [0, 0, 0.25, 1], "texture": "#3"},
				"east": {"uv": [0, 0, 0.25, 1], "texture": "#3"},
				"south": {"uv": [0, 0, 0.25, 1], "texture": "#3"},
				"west": {"uv": [0, 0, 0.25, 1], "texture": "#3"},
				"up": {"uv": [0, 0, 0.25, 0.25], "texture": "#3"},
				"down": {"uv": [0, 0, 0.25, 0.25], "texture": "#3"}
			}
		},
		{
			"from": [10.25, 3, 2.5],
			"to": [12.25, 3.5, 3],
			"rotation": {"angle": 45, "axis": "z", "origin": [11.25, 3.25, 3]},
			"faces": {
				"north": {"uv": [0, 0, 0.25, 1], "rotation": 90, "texture": "#3"},
				"east": {"uv": [0, 0, 0.25, 0.25], "rotation": 270, "texture": "#3"},
				"south": {"uv": [0, 0, 0.25, 1], "rotation": 270, "texture": "#3"},
				"west": {"uv": [0, 0, 0.25, 0.25], "rotation": 270, "texture": "#3"},
				"up": {"uv": [0, 0, 0.25, 1], "rotation": 270, "texture": "#3"},
				"down": {"uv": [0, 0, 0.25, 1], "rotation": 270, "texture": "#3"}
			}
		},
		{
			"from": [11, 2.25, 1.25],
			"to": [11.5, 4.25, 1.75],
			"rotation": {"angle": 45, "axis": "z", "origin": [11.25, 3.25, 3]},
			"faces": {
				"north": {"uv": [0, 0, 0.25, 1], "texture": "#3"},
				"east": {"uv": [0, 0, 0.25, 1], "texture": "#3"},
				"south": {"uv": [0, 0, 0.25, 1], "texture": "#3"},
				"west": {"uv": [0, 0, 0.25, 1], "texture": "#3"},
				"up": {"uv": [0, 0, 0.25, 0.25], "texture": "#3"},
				"down": {"uv": [0, 0, 0.25, 0.25], "texture": "#3"}
			}
		},
		{
			"from": [10.25, 3, 0.25],
			"to": [12.25, 3.5, 0.75],
			"rotation": {"angle": 45, "axis": "z", "origin": [11.25, 3.25, 3]},
			"faces": {
				"north": {"uv": [0, 0, 0.25, 1], "rotation": 90, "texture": "#3"},
				"east": {"uv": [0, 0, 0.25, 0.25], "rotation": 270, "texture": "#3"},
				"south": {"uv": [0, 0, 0.25, 1], "rotation": 270, "texture": "#3"},
				"west": {"uv": [0, 0, 0.25, 0.25], "rotation": 270, "texture": "#3"},
				"up": {"uv": [0, 0, 0.25, 1], "rotation": 270, "texture": "#3"},
				"down": {"uv": [0, 0, 0.25, 1], "rotation": 270, "texture": "#3"}
			}
		}
	],
	"display": {
		"thirdperson_righthand": {
			"rotation": [75, 45, 0],
			"translation": [0, 2.5, 0],
			"scale": [0.375, 0.375, 0.375]
		},
		"thirdperson_lefthand": {
			"rotation": [75, 45, 0],
			"translation": [0, 2.5, 0],
			"scale": [0.375, 0.375, 0.375]
		},
		"firstperson_righthand": {
			"rotation": [0, 45, 0],
			"scale": [0.4, 0.4, 0.4]
		},
		"firstperson_lefthand": {
			"rotation": [0, 225, 0],
			"scale": [0.4, 0.4, 0.4]
		},
		"ground": {
			"translation": [0, 3, 0],
			"scale": [0.25, 0.25, 0.25]
		},
		"gui": {
			"rotation": [30, 225, 0],
			"scale": [0.625, 0.625, 0.625]
		},
		"fixed": {
			"scale": [0.5, 0.5, 0.5]
		}
	}
}