{
	"credit": "Made with Blockbench",
	"parent": "minecraft:block/dark_oak_fence_inventory",
	"texture_size": [32, 32],
	"textures": {
		"1": "block/barricate/wire_fence",
		"2": "block/barricate/wire_fernce_wood",
		"3": "block/barricate/wire_fernce_spikes",
		"particle": "block/barricate/wire_fernce_wood"
	},
	"elements": [
		{
			"from": [0.025, -2.1005, 10.31371],
			"to": [1.025, 17.8995, 12.31371],
			"rotation": {"angle": 22.5, "axis": "x", "origin": [0.5175, 12.89949, 11.31371]},
			"faces": {
				"north": {"uv": [5.5, 0, 6, 10], "texture": "#1"},
				"east": {"uv": [2, 0, 3, 10], "texture": "#1"},
				"south": {"uv": [5, 0, 5.5, 10], "texture": "#1"},
				"west": {"uv": [3, 0, 4, 10], "texture": "#1"},
				"up": {"uv": [6, 1, 6.75, 1.75], "rotation": 90, "texture": "#2"},
				"down": {"uv": [6, 1, 6.75, 1.75], "rotation": 270, "texture": "#2"}
			}
		},
		{
			"from": [0, -2.1005, 3.68629],
			"to": [1, 17.8995, 5.68629],
			"rotation": {"angle": -22.5, "axis": "x", "origin": [0.4925, 12.89949, 4.68629]},
			"faces": {
				"north": {"uv": [4.5, 0, 5, 10], "texture": "#1"},
				"east": {"uv": [0, 0, 1, 10], "texture": "#1"},
				"south": {"uv": [4, 0, 4.5, 10], "texture": "#1"},
				"west": {"uv": [1, 0, 2, 10], "texture": "#1"},
				"up": {"uv": [6, 1, 6.75, 1.75], "rotation": 90, "texture": "#2"},
				"down": {"uv": [6, 1, 6.75, 1.75], "rotation": 270, "texture": "#2"}
			}
		},
		{
			"from": [0.035, 15.72792, 14.14214],
			"to": [0.985, 17.14213, 15.55635],
			"rotation": {"angle": -22.5, "axis": "x", "origin": [0.5175, 12.89949, 11.31371]},
			"faces": {
				"north": {"uv": [6, 1, 6.75, 1.75], "texture": "#1"},
				"east": {"uv": [6.75, 3, 6, 3.75], "texture": "#1"},
				"south": {"uv": [6, 1, 6.75, 1.75], "texture": "#2"},
				"west": {"uv": [6, 3, 6.75, 3.75], "texture": "#1"},
				"up": {"uv": [6, 1, 6.75, 1.75], "rotation": 90, "texture": "#2"}
			}
		},
		{
			"from": [0.01, 15.72792, 0.44365],
			"to": [0.96, 17.14213, 1.85786],
			"rotation": {"angle": 22.5, "axis": "x", "origin": [0.4925, 12.89949, 4.68629]},
			"faces": {
				"north": {"uv": [6, 1, 6.75, 1.75], "texture": "#2"},
				"east": {"uv": [6.75, 1, 6, 1.75], "texture": "#1"},
				"west": {"uv": [6, 1, 6.75, 1.75], "texture": "#1"},
				"up": {"uv": [6, 1, 6.75, 1.75], "rotation": 90, "texture": "#2"}
			}
		},
		{
			"from": [15.04, 15.72792, 0.44365],
			"to": [15.99, 17.14213, 1.85786],
			"rotation": {"angle": 22.5, "axis": "x", "origin": [15.5075, 12.89949, 4.68629]},
			"faces": {
				"north": {"uv": [6.75, 1, 6, 1.75], "texture": "#2"},
				"east": {"uv": [6.75, 1, 6, 1.75], "texture": "#1"},
				"west": {"uv": [6, 1, 6.75, 1.75], "texture": "#1"},
				"up": {"uv": [6, 1.75, 6.75, 1], "rotation": 90, "texture": "#2"}
			}
		},
		{
			"from": [15, -2.1005, 3.68629],
			"to": [16, 17.8995, 5.68629],
			"rotation": {"angle": -22.5, "axis": "x", "origin": [15.5075, 12.89949, 4.68629]},
			"faces": {
				"north": {"uv": [5, 0, 4.5, 10], "texture": "#1"},
				"east": {"uv": [2, 0, 1, 10], "texture": "#1"},
				"south": {"uv": [4.5, 0, 4, 10], "texture": "#1"},
				"west": {"uv": [1, 0, 0, 10], "texture": "#1"},
				"up": {"uv": [6, 1.75, 6.75, 1], "rotation": 90, "texture": "#2"},
				"down": {"uv": [6, 1.75, 6.75, 1], "rotation": 270, "texture": "#2"}
			}
		},
		{
			"from": [15.015, 15.72792, 14.14214],
			"to": [15.965, 17.14213, 15.55635],
			"rotation": {"angle": -22.5, "axis": "x", "origin": [15.4825, 12.89949, 11.31371]},
			"faces": {
				"north": {"uv": [6.75, 1, 6, 1.75], "texture": "#1"},
				"east": {"uv": [6.75, 3, 6, 3.75], "texture": "#1"},
				"south": {"uv": [6.75, 1, 6, 1.75], "texture": "#2"},
				"west": {"uv": [6, 3, 6.75, 3.75], "texture": "#1"},
				"up": {"uv": [6, 1.75, 6.75, 1], "rotation": 90, "texture": "#2"}
			}
		},
		{
			"from": [14.975, -2.1005, 10.31371],
			"to": [15.975, 17.8995, 12.31371],
			"rotation": {"angle": 22.5, "axis": "x", "origin": [15.4825, 12.89949, 11.31371]},
			"faces": {
				"north": {"uv": [6, 0, 5.5, 10], "texture": "#1"},
				"east": {"uv": [4, 0, 3, 10], "texture": "#1"},
				"south": {"uv": [5.5, 0, 5, 10], "texture": "#1"},
				"west": {"uv": [3, 0, 2, 10], "texture": "#1"},
				"up": {"uv": [6, 1.75, 6.75, 1], "rotation": 90, "texture": "#2"},
				"down": {"uv": [6, 1.75, 6.75, 1], "rotation": 270, "texture": "#2"}
			}
		},
		{
			"from": [-1.57972, 7.79842, 7.6551],
			"to": [-1.07972, 8.29842, 9.6551],
			"rotation": {"angle": -45, "axis": "y", "origin": [5, 13.29842, 9.75]},
			"faces": {
				"north": {"uv": [0, 0, 0.25, 0.25], "texture": "#3"},
				"east": {"uv": [0, 0, 0.25, 1], "rotation": 90, "texture": "#3"},
				"south": {"uv": [0, 0, 0.25, 0.25], "rotation": 180, "texture": "#3"},
				"west": {"uv": [0, 0, 0.25, 1], "rotation": 270, "texture": "#3"},
				"up": {"uv": [0, 0, 0.25, 1], "texture": "#3"},
				"down": {"uv": [0, 0, 0.25, 1], "rotation": 180, "texture": "#3"}
			}
		},
		{
			"from": [1.04842, 6.29842, 4.25],
			"to": [1.54842, 13.29842, 4.75],
			"rotation": {"angle": 0, "axis": "y", "origin": [5, 13.29842, 9.75]},
			"faces": {
				"north": {"uv": [0, 10.25, 3.5, 10.5], "rotation": 90, "texture": "#3"},
				"east": {"uv": [1.1875, 12.5, 1.4375, 16], "rotation": 180, "texture": "#3"},
				"south": {"uv": [12.5, 10.25, 16, 10.5], "rotation": 270, "texture": "#3"},
				"west": {"uv": [1.1875, 0, 1.4375, 3.5], "texture": "#3"},
				"up": {"uv": [0, 10.5, 0.25, 10.25], "rotation": 90, "texture": "#3"},
				"down": {"uv": [0, 10.5, 0.25, 10.25], "rotation": 90, "texture": "#3"}
			}
		},
		{
			"from": [-2.32972, 6.54842, 8.4051],
			"to": [-0.32972, 7.04842, 8.9051],
			"rotation": {"angle": -45, "axis": "y", "origin": [5, 13.29842, 9.75]},
			"faces": {
				"north": {"uv": [0, 0, 0.25, 1], "rotation": 90, "texture": "#3"},
				"east": {"uv": [0, 0, 0.25, 0.25], "rotation": 180, "texture": "#3"},
				"south": {"uv": [0, 0, 0.25, 1], "rotation": 270, "texture": "#3"},
				"west": {"uv": [0, 0, 0.25, 0.25], "texture": "#3"},
				"up": {"uv": [0, 0, 0.25, 1], "rotation": 270, "texture": "#3"},
				"down": {"uv": [0, 0, 0.25, 1], "rotation": 270, "texture": "#3"}
			}
		},
		{
			"from": [-1.57972, 10.29842, 7.6551],
			"to": [-1.07972, 10.79842, 9.6551],
			"rotation": {"angle": -45, "axis": "y", "origin": [5, 13.29842, 9.75]},
			"faces": {
				"north": {"uv": [0, 0, 0.25, 0.25], "texture": "#3"},
				"east": {"uv": [0, 0, 0.25, 1], "rotation": 90, "texture": "#3"},
				"south": {"uv": [0, 0, 0.25, 0.25], "rotation": 180, "texture": "#3"},
				"west": {"uv": [0, 0, 0.25, 1], "rotation": 270, "texture": "#3"},
				"up": {"uv": [0, 0, 0.25, 1], "texture": "#3"},
				"down": {"uv": [0, 0, 0.25, 1], "rotation": 180, "texture": "#3"}
			}
		},
		{
			"from": [-2.32972, 11.54842, 8.4051],
			"to": [-0.32972, 12.04842, 8.9051],
			"rotation": {"angle": -45, "axis": "y", "origin": [5, 13.29842, 9.75]},
			"faces": {
				"north": {"uv": [0, 0, 0.25, 1], "rotation": 90, "texture": "#3"},
				"east": {"uv": [0, 0, 0.25, 0.25], "rotation": 180, "texture": "#3"},
				"south": {"uv": [0, 0, 0.25, 1], "rotation": 270, "texture": "#3"},
				"west": {"uv": [0, 0, 0.25, 0.25], "texture": "#3"},
				"up": {"uv": [0, 0, 0.25, 1], "rotation": 270, "texture": "#3"},
				"down": {"uv": [0, 0, 0.25, 1], "rotation": 270, "texture": "#3"}
			}
		},
		{
			"from": [-1.57972, 12.54842, 7.6551],
			"to": [-1.07972, 13.04842, 9.6551],
			"rotation": {"angle": -45, "axis": "y", "origin": [5, 13.29842, 9.75]},
			"faces": {
				"north": {"uv": [0, 0, 0.25, 0.25], "texture": "#3"},
				"east": {"uv": [0, 0, 0.25, 1], "rotation": 90, "texture": "#3"},
				"south": {"uv": [0, 0, 0.25, 0.25], "rotation": 180, "texture": "#3"},
				"west": {"uv": [0, 0, 0.25, 1], "rotation": 270, "texture": "#3"},
				"up": {"uv": [0, 0, 0.25, 1], "texture": "#3"},
				"down": {"uv": [0, 0, 0.25, 1], "rotation": 180, "texture": "#3"}
			}
		},
		{
			"from": [-2.32972, 9.04842, 8.4051],
			"to": [-0.32972, 9.54842, 8.9051],
			"rotation": {"angle": -45, "axis": "y", "origin": [5, 13.29842, 9.75]},
			"faces": {
				"north": {"uv": [0, 0, 0.25, 1], "rotation": 90, "texture": "#3"},
				"east": {"uv": [0, 0, 0.25, 0.25], "rotation": 180, "texture": "#3"},
				"south": {"uv": [0, 0, 0.25, 1], "rotation": 270, "texture": "#3"},
				"west": {"uv": [0, 0, 0.25, 0.25], "texture": "#3"},
				"up": {"uv": [0, 0, 0.25, 1], "rotation": 270, "texture": "#3"},
				"down": {"uv": [0, 0, 0.25, 1], "rotation": 270, "texture": "#3"}
			}
		},
		{
			"from": [16.32972, 6.54842, 8.4051],
			"to": [18.32972, 7.04842, 8.9051],
			"rotation": {"angle": 45, "axis": "y", "origin": [11, 13.29842, 9.75]},
			"faces": {
				"north": {"uv": [0, 1, 0.25, 0], "rotation": 90, "texture": "#3"},
				"east": {"uv": [0.25, 0, 0, 0.25], "texture": "#3"},
				"south": {"uv": [0, 1, 0.25, 0], "rotation": 270, "texture": "#3"},
				"west": {"uv": [0.25, 0, 0, 0.25], "rotation": 180, "texture": "#3"},
				"up": {"uv": [0, 1, 0.25, 0], "rotation": 270, "texture": "#3"},
				"down": {"uv": [0, 1, 0.25, 0], "rotation": 270, "texture": "#3"}
			}
		},
		{
			"from": [17.07972, 7.79842, 7.6551],
			"to": [17.57972, 8.29842, 9.6551],
			"rotation": {"angle": 45, "axis": "y", "origin": [11, 13.29842, 9.75]},
			"faces": {
				"north": {"uv": [0.25, 0, 0, 0.25], "texture": "#3"},
				"east": {"uv": [0, 1, 0.25, 0], "rotation": 270, "texture": "#3"},
				"south": {"uv": [0.25, 0, 0, 0.25], "rotation": 180, "texture": "#3"},
				"west": {"uv": [0, 1, 0.25, 0], "rotation": 90, "texture": "#3"},
				"up": {"uv": [0.25, 0, 0, 1], "texture": "#3"},
				"down": {"uv": [0.25, 0, 0, 1], "rotation": 180, "texture": "#3"}
			}
		},
		{
			"from": [14.45158, 6.29842, 4.25],
			"to": [14.95158, 13.29842, 4.75],
			"rotation": {"angle": 0, "axis": "y", "origin": [11, 13.29842, 9.75]},
			"faces": {
				"north": {"uv": [0, 10.5, 3.5, 10.25], "rotation": 90, "texture": "#3"},
				"east": {"uv": [1.4375, 0, 1.1875, 3.5], "texture": "#3"},
				"south": {"uv": [12.5, 10.5, 16, 10.25], "rotation": 270, "texture": "#3"},
				"west": {"uv": [1.4375, 12.5, 1.1875, 16], "rotation": 180, "texture": "#3"},
				"up": {"uv": [0, 10.5, 0.25, 10.25], "rotation": 90, "texture": "#3"},
				"down": {"uv": [0, 10.5, 0.25, 10.25], "rotation": 90, "texture": "#3"}
			}
		},
		{
			"from": [16.32972, 9.04842, 8.4051],
			"to": [18.32972, 9.54842, 8.9051],
			"rotation": {"angle": 45, "axis": "y", "origin": [11, 13.29842, 9.75]},
			"faces": {
				"north": {"uv": [0, 1, 0.25, 0], "rotation": 90, "texture": "#3"},
				"east": {"uv": [0.25, 0, 0, 0.25], "texture": "#3"},
				"south": {"uv": [0, 1, 0.25, 0], "rotation": 270, "texture": "#3"},
				"west": {"uv": [0.25, 0, 0, 0.25], "rotation": 180, "texture": "#3"},
				"up": {"uv": [0, 1, 0.25, 0], "rotation": 270, "texture": "#3"},
				"down": {"uv": [0, 1, 0.25, 0], "rotation": 270, "texture": "#3"}
			}
		},
		{
			"from": [17.07972, 10.29842, 7.6551],
			"to": [17.57972, 10.79842, 9.6551],
			"rotation": {"angle": 45, "axis": "y", "origin": [11, 13.29842, 9.75]},
			"faces": {
				"north": {"uv": [0.25, 0, 0, 0.25], "texture": "#3"},
				"east": {"uv": [0, 1, 0.25, 0], "rotation": 270, "texture": "#3"},
				"south": {"uv": [0.25, 0, 0, 0.25], "rotation": 180, "texture": "#3"},
				"west": {"uv": [0, 1, 0.25, 0], "rotation": 90, "texture": "#3"},
				"up": {"uv": [0.25, 0, 0, 1], "texture": "#3"},
				"down": {"uv": [0.25, 0, 0, 1], "rotation": 180, "texture": "#3"}
			}
		},
		{
			"from": [16.32972, 11.54842, 8.4051],
			"to": [18.32972, 12.04842, 8.9051],
			"rotation": {"angle": 45, "axis": "y", "origin": [11, 13.29842, 9.75]},
			"faces": {
				"north": {"uv": [0, 1, 0.25, 0], "rotation": 90, "texture": "#3"},
				"east": {"uv": [0.25, 0, 0, 0.25], "texture": "#3"},
				"south": {"uv": [0, 1, 0.25, 0], "rotation": 270, "texture": "#3"},
				"west": {"uv": [0.25, 0, 0, 0.25], "rotation": 180, "texture": "#3"},
				"up": {"uv": [0, 1, 0.25, 0], "rotation": 270, "texture": "#3"},
				"down": {"uv": [0, 1, 0.25, 0], "rotation": 270, "texture": "#3"}
			}
		},
		{
			"from": [17.07972, 12.54842, 7.6551],
			"to": [17.57972, 13.04842, 9.6551],
			"rotation": {"angle": 45, "axis": "y", "origin": [11, 13.29842, 9.75]},
			"faces": {
				"north": {"uv": [0.25, 0, 0, 0.25], "texture": "#3"},
				"east": {"uv": [0, 1, 0.25, 0], "rotation": 270, "texture": "#3"},
				"south": {"uv": [0.25, 0, 0, 0.25], "rotation": 180, "texture": "#3"},
				"west": {"uv": [0, 1, 0.25, 0], "rotation": 90, "texture": "#3"},
				"up": {"uv": [0.25, 0, 0, 1], "texture": "#3"},
				"down": {"uv": [0.25, 0, 0, 1], "rotation": 180, "texture": "#3"}
			}
		},
		{
			"from": [-3.25865, 1.54842, 6.91246],
			"to": [-1.25865, 2.04842, 7.41246],
			"rotation": {"angle": -45, "axis": "y", "origin": [-3, 8.29842, 12.5]},
			"faces": {
				"north": {"uv": [0, 0, 0.25, 1], "rotation": 90, "texture": "#3"},
				"east": {"uv": [0, 0, 0.25, 0.25], "rotation": 180, "texture": "#3"},
				"south": {"uv": [0, 0, 0.25, 1], "rotation": 270, "texture": "#3"},
				"west": {"uv": [0, 0, 0.25, 0.25], "texture": "#3"},
				"up": {"uv": [0, 0, 0.25, 1], "rotation": 270, "texture": "#3"},
				"down": {"uv": [0, 0, 0.25, 1], "rotation": 270, "texture": "#3"}
			}
		},
		{
			"from": [1.04842, 1.29842, 9],
			"to": [1.54842, 8.29842, 9.5],
			"rotation": {"angle": 0, "axis": "y", "origin": [-3, 8.29842, 12.5]},
			"faces": {
				"north": {"uv": [0, 14.25, 3.5, 14.5], "rotation": 90, "texture": "#3"},
				"east": {"uv": [2.1875, 12.5, 2.4375, 16], "rotation": 180, "texture": "#3"},
				"south": {"uv": [12.5, 14.25, 16, 14.5], "rotation": 270, "texture": "#3"},
				"west": {"uv": [2.1875, 0, 2.4375, 3.5], "texture": "#3"},
				"up": {"uv": [0, 10.5, 0.25, 10.25], "rotation": 90, "texture": "#3"},
				"down": {"uv": [0, 10.5, 0.25, 10.25], "rotation": 90, "texture": "#3"}
			}
		},
		{
			"from": [-2.50865, 2.79842, 6.16246],
			"to": [-2.00865, 3.29842, 8.16246],
			"rotation": {"angle": -45, "axis": "y", "origin": [-3, 8.29842, 12.5]},
			"faces": {
				"north": {"uv": [0, 0, 0.25, 0.25], "texture": "#3"},
				"east": {"uv": [0, 0, 0.25, 1], "rotation": 90, "texture": "#3"},
				"south": {"uv": [0, 0, 0.25, 0.25], "rotation": 180, "texture": "#3"},
				"west": {"uv": [0, 0, 0.25, 1], "rotation": 270, "texture": "#3"},
				"up": {"uv": [0, 0, 0.25, 1], "texture": "#3"},
				"down": {"uv": [0, 0, 0.25, 1], "rotation": 180, "texture": "#3"}
			}
		},
		{
			"from": [-3.25865, 4.04842, 6.91246],
			"to": [-1.25865, 4.54842, 7.41246],
			"rotation": {"angle": -45, "axis": "y", "origin": [-3, 8.29842, 12.5]},
			"faces": {
				"north": {"uv": [0, 0, 0.25, 1], "rotation": 90, "texture": "#3"},
				"east": {"uv": [0, 0, 0.25, 0.25], "rotation": 180, "texture": "#3"},
				"south": {"uv": [0, 0, 0.25, 1], "rotation": 270, "texture": "#3"},
				"west": {"uv": [0, 0, 0.25, 0.25], "texture": "#3"},
				"up": {"uv": [0, 0, 0.25, 1], "rotation": 270, "texture": "#3"},
				"down": {"uv": [0, 0, 0.25, 1], "rotation": 270, "texture": "#3"}
			}
		},
		{
			"from": [-2.50865, 5.29842, 6.16246],
			"to": [-2.00865, 5.79842, 8.16246],
			"rotation": {"angle": -45, "axis": "y", "origin": [-3, 8.29842, 12.5]},
			"faces": {
				"north": {"uv": [0, 0, 0.25, 0.25], "texture": "#3"},
				"east": {"uv": [0, 0, 0.25, 1], "rotation": 90, "texture": "#3"},
				"south": {"uv": [0, 0, 0.25, 0.25], "rotation": 180, "texture": "#3"},
				"west": {"uv": [0, 0, 0.25, 1], "rotation": 270, "texture": "#3"},
				"up": {"uv": [0, 0, 0.25, 1], "texture": "#3"},
				"down": {"uv": [0, 0, 0.25, 1], "rotation": 180, "texture": "#3"}
			}
		},
		{
			"from": [-3.25865, 6.54842, 6.91246],
			"to": [-1.25865, 7.04842, 7.41246],
			"rotation": {"angle": -45, "axis": "y", "origin": [-3, 8.29842, 12.5]},
			"faces": {
				"north": {"uv": [0, 0, 0.25, 1], "rotation": 90, "texture": "#3"},
				"east": {"uv": [0, 0, 0.25, 0.25], "rotation": 180, "texture": "#3"},
				"south": {"uv": [0, 0, 0.25, 1], "rotation": 270, "texture": "#3"},
				"west": {"uv": [0, 0, 0.25, 0.25], "texture": "#3"},
				"up": {"uv": [0, 0, 0.25, 1], "rotation": 270, "texture": "#3"},
				"down": {"uv": [0, 0, 0.25, 1], "rotation": 270, "texture": "#3"}
			}
		},
		{
			"from": [-2.50865, 7.54842, 6.16246],
			"to": [-2.00865, 8.04842, 8.16246],
			"rotation": {"angle": -45, "axis": "y", "origin": [-3, 8.29842, 12.5]},
			"faces": {
				"north": {"uv": [0, 0, 0.25, 0.25], "texture": "#3"},
				"east": {"uv": [0, 0, 0.25, 1], "rotation": 90, "texture": "#3"},
				"south": {"uv": [0, 0, 0.25, 0.25], "rotation": 180, "texture": "#3"},
				"west": {"uv": [0, 0, 0.25, 1], "rotation": 270, "texture": "#3"},
				"up": {"uv": [0, 0, 0.25, 1], "texture": "#3"},
				"down": {"uv": [0, 0, 0.25, 1], "rotation": 180, "texture": "#3"}
			}
		},
		{
			"from": [17.25865, 1.54842, 6.91246],
			"to": [19.25865, 2.04842, 7.41246],
			"rotation": {"angle": 45, "axis": "y", "origin": [19, 8.29842, 12.5]},
			"faces": {
				"north": {"uv": [0, 1, 0.25, 0], "rotation": 90, "texture": "#3"},
				"east": {"uv": [0.25, 0, 0, 0.25], "texture": "#3"},
				"south": {"uv": [0, 1, 0.25, 0], "rotation": 270, "texture": "#3"},
				"west": {"uv": [0.25, 0, 0, 0.25], "rotation": 180, "texture": "#3"},
				"up": {"uv": [0, 1, 0.25, 0], "rotation": 270, "texture": "#3"},
				"down": {"uv": [0, 1, 0.25, 0], "rotation": 270, "texture": "#3"}
			}
		},
		{
			"from": [14.45158, 1.29842, 9],
			"to": [14.95158, 8.29842, 9.5],
			"rotation": {"angle": 0, "axis": "y", "origin": [19, 8.29842, 12.5]},
			"faces": {
				"north": {"uv": [0, 14.5, 3.5, 14.25], "rotation": 90, "texture": "#3"},
				"east": {"uv": [2.4375, 0, 2.1875, 3.5], "texture": "#3"},
				"south": {"uv": [12.5, 14.5, 16, 14.25], "rotation": 270, "texture": "#3"},
				"west": {"uv": [2.4375, 12.5, 2.1875, 16], "rotation": 180, "texture": "#3"},
				"up": {"uv": [0, 10.5, 0.25, 10.25], "rotation": 90, "texture": "#3"},
				"down": {"uv": [0, 10.5, 0.25, 10.25], "rotation": 90, "texture": "#3"}
			}
		},
		{
			"from": [18.00865, 2.79842, 6.16246],
			"to": [18.50865, 3.29842, 8.16246],
			"rotation": {"angle": 45, "axis": "y", "origin": [19, 8.29842, 12.5]},
			"faces": {
				"north": {"uv": [0.25, 0, 0, 0.25], "texture": "#3"},
				"east": {"uv": [0, 1, 0.25, 0], "rotation": 270, "texture": "#3"},
				"south": {"uv": [0.25, 0, 0, 0.25], "rotation": 180, "texture": "#3"},
				"west": {"uv": [0, 1, 0.25, 0], "rotation": 90, "texture": "#3"},
				"up": {"uv": [0.25, 0, 0, 1], "texture": "#3"},
				"down": {"uv": [0.25, 0, 0, 1], "rotation": 180, "texture": "#3"}
			}
		},
		{
			"from": [17.25865, 4.04842, 6.91246],
			"to": [19.25865, 4.54842, 7.41246],
			"rotation": {"angle": 45, "axis": "y", "origin": [19, 8.29842, 12.5]},
			"faces": {
				"north": {"uv": [0, 1, 0.25, 0], "rotation": 90, "texture": "#3"},
				"east": {"uv": [0.25, 0, 0, 0.25], "texture": "#3"},
				"south": {"uv": [0, 1, 0.25, 0], "rotation": 270, "texture": "#3"},
				"west": {"uv": [0.25, 0, 0, 0.25], "rotation": 180, "texture": "#3"},
				"up": {"uv": [0, 1, 0.25, 0], "rotation": 270, "texture": "#3"},
				"down": {"uv": [0, 1, 0.25, 0], "rotation": 270, "texture": "#3"}
			}
		},
		{
			"from": [18.00865, 5.29842, 6.16246],
			"to": [18.50865, 5.79842, 8.16246],
			"rotation": {"angle": 45, "axis": "y", "origin": [19, 8.29842, 12.5]},
			"faces": {
				"north": {"uv": [0.25, 0, 0, 0.25], "texture": "#3"},
				"east": {"uv": [0, 1, 0.25, 0], "rotation": 270, "texture": "#3"},
				"south": {"uv": [0.25, 0, 0, 0.25], "rotation": 180, "texture": "#3"},
				"west": {"uv": [0, 1, 0.25, 0], "rotation": 90, "texture": "#3"},
				"up": {"uv": [0.25, 0, 0, 1], "texture": "#3"},
				"down": {"uv": [0.25, 0, 0, 1], "rotation": 180, "texture": "#3"}
			}
		},
		{
			"from": [17.25865, 6.54842, 6.91246],
			"to": [19.25865, 7.04842, 7.41246],
			"rotation": {"angle": 45, "axis": "y", "origin": [19, 8.29842, 12.5]},
			"faces": {
				"north": {"uv": [0, 1, 0.25, 0], "rotation": 90, "texture": "#3"},
				"east": {"uv": [0.25, 0, 0, 0.25], "texture": "#3"},
				"south": {"uv": [0, 1, 0.25, 0], "rotation": 270, "texture": "#3"},
				"west": {"uv": [0.25, 0, 0, 0.25], "rotation": 180, "texture": "#3"},
				"up": {"uv": [0, 1, 0.25, 0], "rotation": 270, "texture": "#3"},
				"down": {"uv": [0, 1, 0.25, 0], "rotation": 270, "texture": "#3"}
			}
		},
		{
			"from": [18.00865, 7.54842, 6.16246],
			"to": [18.50865, 8.04842, 8.16246],
			"rotation": {"angle": 45, "axis": "y", "origin": [19, 8.29842, 12.5]},
			"faces": {
				"north": {"uv": [0.25, 0, 0, 0.25], "texture": "#3"},
				"east": {"uv": [0, 1, 0.25, 0], "rotation": 270, "texture": "#3"},
				"south": {"uv": [0.25, 0, 0, 0.25], "rotation": 180, "texture": "#3"},
				"west": {"uv": [0, 1, 0.25, 0], "rotation": 90, "texture": "#3"},
				"up": {"uv": [0.25, 0, 0, 1], "texture": "#3"},
				"down": {"uv": [0.25, 0, 0, 1], "rotation": 180, "texture": "#3"}
			}
		}
	],
	"gui_light": "front",
	"display": {
		"thirdperson_righthand": {
			"rotation": [75, 45, 0],
			"translation": [0, 2.5, 0],
			"scale": [0.375, 0.375, 0.375]
		},
		"thirdperson_lefthand": {
			"rotation": [75, 45, 0],
			"translation": [0, 2.5, 0],
			"scale": [0.375, 0.375, 0.375]
		},
		"firstperson_righthand": {
			"rotation": [0, 45, 0],
			"scale": [0.4, 0.4, 0.4]
		},
		"firstperson_lefthand": {
			"rotation": [0, 225, 0],
			"scale": [0.4, 0.4, 0.4]
		},
		"ground": {
			"translation": [0, 3, 0],
			"scale": [0.25, 0.25, 0.25]
		},
		"gui": {
			"rotation": [30, 225, 0],
			"scale": [0.625, 0.625, 0.625]
		},
		"head": {
			"translation": [0, -3, -6]
		},
		"fixed": {
			"scale": [0.5, 0.5, 0.5]
		}
	},
	"groups": [
		{
			"name": "dark_oak_fence_gate",
			"origin": [8, 8, 8],
			"color": 0,
			"children": [0, 1, 2, 3, 4, 5, 6, 7, 8, 9, 10, 11, 12, 13, 14, 15, 16, 17, 18, 19, 20, 21, 22, 23, 24, 25, 26, 27, 28, 29, 30, 31, 32, 33, 34, 35]
		}
	]
}