{
	"credit": "Made with Blockbench",
	"texture_size": [32, 32],
	"textures": {
		"1": "block/barricate/mg08",
		"2": "block/brown_wool",
		"particle": "block/brown_wool"
	},
	"elements": [
		{
			"from": [12.3, 2.925, 8.575],
			"to": [16.05, 2.925, 10.175],
			"rotation": {"angle": 0, "axis": "y", "origin": [19.5, 8.5, 15.75]},
			"faces": {
				"up": {"uv": [6.25, 1.75, 5.25, 1.25], "texture": "#1"}
			}
		},
		{
			"from": [10.9, 5, 8.45],
			"to": [11.15, 8.75, 10.2],
			"rotation": {"angle": 22.5, "axis": "z", "origin": [10.9, 3.5, 9.325]},
			"faces": {
				"north": {"uv": [0.5, 6.75, 0.625, 7.75], "texture": "#1"},
				"east": {"uv": [4, 5, 4.5, 6], "texture": "#1"},
				"south": {"uv": [6.75, 1, 6.875, 2], "texture": "#1"},
				"west": {"uv": [5.25, 1.75, 5.75, 2.75], "texture": "#1"},
				"down": {"uv": [7.375, 0.5, 7.25, 1], "texture": "#1"}
			}
		},
		{
			"from": [5.68939, 5.63358, 8.85],
			"to": [5.93939, 8.88358, 10.2],
			"rotation": {"angle": -45, "axis": "z", "origin": [5.93939, 6.88358, 9.425]},
			"faces": {
				"north": {"uv": [3.25, 6.75, 3.375, 7.625], "texture": "#1"},
				"east": {"uv": [2.25, 5.75, 2.625, 6.625], "texture": "#1"},
				"south": {"uv": [3.5, 6.75, 3.625, 7.625], "texture": "#1"},
				"west": {"uv": [2.75, 5.75, 3.125, 6.625], "texture": "#1"}
			}
		},
		{
			"from": [4.87873, 2.67647, 8.875],
			"to": [5.12873, 6.17647, 10.175],
			"rotation": {"angle": 0, "axis": "z", "origin": [5.12873, 4.17647, 9.205]},
			"faces": {
				"north": {"uv": [6.75, 5.75, 6.875, 6.625], "texture": "#1"},
				"east": {"uv": [3.25, 5.75, 3.625, 6.625], "texture": "#1"},
				"south": {"uv": [6.75, 6.75, 6.875, 7.625], "texture": "#1"},
				"west": {"uv": [5.75, 4.75, 6.125, 5.625], "texture": "#1"}
			}
		},
		{
			"from": [11.74019, 2.22161, 8.475],
			"to": [11.99019, 5.47161, 10.175],
			"rotation": {"angle": 45, "axis": "z", "origin": [11.74019, 3.47161, 9.325]},
			"faces": {
				"north": {"uv": [7, 1, 7.125, 1.875], "texture": "#1"},
				"east": {"uv": [4.5, 5.25, 5, 6.125], "texture": "#1"},
				"south": {"uv": [7, 3.5, 7.125, 4.375], "texture": "#1"},
				"west": {"uv": [5.25, 4.75, 5.75, 5.625], "texture": "#1"}
			}
		},
		{
			"from": [7.5, 7.34882, -8.54909],
			"to": [8.5, 8.34882, -5.29909],
			"rotation": {"angle": 0, "axis": "y", "origin": [8.15, 9.44882, 10.25091]},
			"faces": {
				"north": {"uv": [0, 15.375, 0.625, 16], "texture": "#1"},
				"east": {"uv": [2.5, 4.25, 3.375, 4.5], "texture": "#1"},
				"west": {"uv": [5.75, 2.5, 6.625, 2.75], "texture": "#1"},
				"up": {"uv": [2, 7.125, 1.75, 6.25], "texture": "#1"},
				"down": {"uv": [2.25, 6.25, 2, 7.125], "texture": "#1"}
			}
		},
		{
			"from": [6.625, 7.25, 4.6],
			"to": [9.375, 10, 5.35],
			"rotation": {"angle": 0, "axis": "y", "origin": [7.925, 10, 13.75]},
			"faces": {
				"north": {"uv": [4.5, 4.5, 5.25, 5.25], "texture": "#1"},
				"east": {"uv": [6.25, 2.75, 6.5, 3.5], "texture": "#1"},
				"south": {"uv": [0, 4.75, 0.75, 5.5], "texture": "#1"},
				"west": {"uv": [5.25, 6.25, 5.5, 7], "texture": "#1"},
				"up": {"uv": [4, 1.5, 3.25, 1.25], "texture": "#1"},
				"down": {"uv": [4.75, 2.75, 4, 3], "texture": "#1"}
			}
		},
		{
			"from": [6.75, 7.35, -5.3],
			"to": [9.25, 9.85, 7.2],
			"rotation": {"angle": 0, "axis": "y", "origin": [7.95, 10, 13.75]},
			"faces": {
				"north": {"uv": [0, 5.5, 0.625, 6.125], "texture": "#1"},
				"east": {"uv": [0, 0, 3.125, 0.625], "texture": "#1"},
				"south": {"uv": [5.5, 0, 6.125, 0.625], "texture": "#1"},
				"west": {"uv": [0, 0.75, 3.125, 1.375], "texture": "#1"},
				"up": {"uv": [0.625, 4.625, 0, 1.5], "texture": "#1"},
				"down": {"uv": [1.375, 1.5, 0.75, 4.625], "texture": "#1"}
			}
		},
		{
			"from": [7.5, 6.85, -5.3],
			"to": [8.5, 7.35, -3.8],
			"rotation": {"angle": 0, "axis": "y", "origin": [4.95, 6.25, 5]},
			"faces": {
				"north": {"uv": [7.25, 5, 7.5, 5.125], "texture": "#1"},
				"east": {"uv": [7.25, 2.25, 7.625, 2.375], "texture": "#1"},
				"south": {"uv": [7.25, 5.25, 7.5, 5.375], "texture": "#1"},
				"west": {"uv": [2.5, 7.25, 2.875, 7.375], "texture": "#1"},
				"down": {"uv": [7, 4, 6.75, 4.375], "texture": "#1"}
			}
		},
		{
			"from": [7.375, 5.35, 6.85],
			"to": [8.625, 6.35, 12.85],
			"rotation": {"angle": 0, "axis": "y", "origin": [7.875, 7.25, 15]},
			"faces": {
				"north": {"uv": [6.75, 2.5, 7.125, 2.75], "texture": "#1"},
				"east": {"uv": [5.5, 3.5, 7, 3.75], "texture": "#1"},
				"south": {"uv": [7, 0, 7.375, 0.25], "texture": "#1"},
				"west": {"uv": [5.5, 3.75, 7, 4], "texture": "#1"},
				"up": {"uv": [1.125, 6.25, 0.75, 4.75], "texture": "#1"},
				"down": {"uv": [5.125, 2.75, 4.75, 4.25], "texture": "#1"}
			}
		},
		{
			"from": [7.5, 3.8, 11.15],
			"to": [8.5, 7.3, 12.15],
			"rotation": {"angle": 22.5, "axis": "x", "origin": [7.9, 5.75, 11.55]},
			"faces": {
				"north": {"uv": [4.5, 6.25, 4.75, 7.125], "texture": "#1"},
				"east": {"uv": [6.25, 4.5, 6.5, 5.375], "texture": "#1"},
				"south": {"uv": [4.75, 6.25, 5, 7.125], "texture": "#1"},
				"west": {"uv": [5, 6.25, 5.25, 7.125], "texture": "#1"},
				"down": {"uv": [4, 5.75, 3.75, 6], "texture": "#1"}
			}
		},
		{
			"from": [7.525, 2.80596, 10.66208],
			"to": [8.475, 4.30596, 11.66208],
			"rotation": {"angle": -22.5, "axis": "x", "origin": [7.8, 3.63096, 11.06208]},
			"faces": {
				"north": {"uv": [3.75, 7, 4, 7.375], "texture": "#1"},
				"east": {"uv": [4, 7, 4.25, 7.375], "texture": "#1"},
				"south": {"uv": [7, 5, 7.25, 5.375], "texture": "#1"},
				"west": {"uv": [5.25, 7, 5.5, 7.375], "texture": "#1"},
				"up": {"uv": [6.25, 4.75, 6, 4.5], "texture": "#1"},
				"down": {"uv": [7.5, 1, 7.25, 1.25], "texture": "#1"}
			}
		},
		{
			"from": [7.625, 5.39121, 6.14948],
			"to": [8.375, 8.39121, 7.14948],
			"rotation": {"angle": -45, "axis": "x", "origin": [8.05, 6.21621, 6.54948]},
			"faces": {
				"north": {"uv": [5.5, 7, 5.625, 7.75], "texture": "#1"},
				"east": {"uv": [5.5, 6.25, 5.75, 7], "texture": "#1"},
				"south": {"uv": [7, 5.5, 7.125, 6.25], "texture": "#1"},
				"west": {"uv": [5.75, 6.25, 6, 7], "texture": "#1"},
				"up": {"uv": [7.375, 5.75, 7.25, 5.5], "texture": "#1"},
				"down": {"uv": [5.875, 7.25, 5.75, 7.5], "texture": "#1"}
			}
		},
		{
			"from": [6.24826, 0.84606, 11.68923],
			"to": [6.79826, 2.09606, 13.18923],
			"rotation": {"angle": 0, "axis": "x", "origin": [6.52326, 1.47106, 12.43923]},
			"faces": {
				"north": {"uv": [2, 7.25, 2.125, 7.625], "texture": "#1"},
				"east": {"uv": [3.75, 6.5, 4.125, 6.875], "texture": "#1"},
				"south": {"uv": [7.25, 2.5, 7.375, 2.875], "texture": "#1"},
				"west": {"uv": [6.5, 5, 6.875, 5.375], "texture": "#1"},
				"up": {"uv": [3.125, 7.625, 3, 7.25], "texture": "#1"},
				"down": {"uv": [7.375, 3, 7.25, 3.375], "texture": "#1"}
			}
		},
		{
			"from": [6.27326, 4.47477, 1.49645],
			"to": [6.77326, 9.22477, 5.24645],
			"rotation": {"angle": 22.5, "axis": "x", "origin": [6.57326, 6.57477, 3.34645]},
			"faces": {
				"north": {"uv": [4.25, 6.5, 4.375, 7.625], "texture": "#1"},
				"east": {"uv": [2.5, 3, 3.5, 4.125], "texture": "#1"},
				"south": {"uv": [6.5, 5.75, 6.625, 6.875], "texture": "#1"},
				"west": {"uv": [3.25, 0, 4.25, 1.125], "texture": "#1"},
				"up": {"uv": [1.375, 7.75, 1.25, 6.75], "texture": "#1"},
				"down": {"uv": [2.375, 6.75, 2.25, 7.75], "texture": "#1"}
			}
		},
		{
			"from": [6.27326, 4.78092, 5.30735],
			"to": [6.77326, 6.03092, 13.30735],
			"rotation": {"angle": 22.5, "axis": "x", "origin": [6.57326, 6.88092, 2.60735]},
			"faces": {
				"north": {"uv": [7.25, 3.5, 7.375, 3.875], "texture": "#1"},
				"east": {"uv": [4.25, 0.75, 6.25, 1.125], "texture": "#1"},
				"west": {"uv": [2.5, 4.5, 4.5, 4.875], "texture": "#1"},
				"up": {"uv": [6.375, 2.5, 6.25, 0.5], "texture": "#1"},
				"down": {"uv": [0.875, 6.25, 0.75, 8.25], "texture": "#1"}
			}
		},
		{
			"from": [6.27326, 5.48816, 14.25183],
			"to": [6.77326, 6.73816, 17.25183],
			"rotation": {"angle": 22.5, "axis": "x", "origin": [6.57326, 7.08816, 2.05183]},
			"faces": {
				"east": {"uv": [0, 6.25, 0.75, 6.625], "texture": "#1"},
				"south": {"uv": [5, 7.25, 5.125, 7.625], "texture": "#1"},
				"west": {"uv": [6.25, 0, 7, 0.375], "texture": "#1"},
				"up": {"uv": [6.625, 7.75, 6.5, 7], "texture": "#1"},
				"down": {"uv": [0.125, 7.25, 0, 8], "texture": "#1"}
			}
		},
		{
			"from": [4.66655, 0.04731, 1.25],
			"to": [6.41655, 0.54731, 2.25],
			"rotation": {"angle": 0, "axis": "y", "origin": [5.59155, 0.19731, 1.7]},
			"faces": {
				"north": {"uv": [7.25, 1.25, 7.75, 1.375], "texture": "#1"},
				"east": {"uv": [7.25, 5.75, 7.5, 5.875], "texture": "#1"},
				"south": {"uv": [7.25, 1.5, 7.75, 1.625], "texture": "#1"},
				"west": {"uv": [6, 7.25, 6.25, 7.375], "texture": "#1"},
				"up": {"uv": [5.25, 4.5, 4.75, 4.25], "texture": "#1"}
			}
		},
		{
			"from": [7.75, 3.56737, 10.93503],
			"to": [8.25, 5.06737, 12.43503],
			"rotation": {"angle": 22.5, "axis": "x", "origin": [6.55, 4.51737, 7.48503]},
			"faces": {
				"north": {"uv": [7.25, 4, 7.375, 4.375], "texture": "#1"},
				"east": {"uv": [0, 6.75, 0.375, 7.125], "texture": "#1"},
				"south": {"uv": [4.5, 7.25, 4.625, 7.625], "texture": "#1"},
				"west": {"uv": [6.75, 0.5, 7.125, 0.875], "texture": "#1"},
				"up": {"uv": [4.875, 7.625, 4.75, 7.25], "texture": "#1"}
			}
		},
		{
			"from": [6.75, 2.91737, 10.68503],
			"to": [9.25, 3.91737, 12.68503],
			"rotation": {"angle": 22.5, "axis": "x", "origin": [6.55, 4.76737, 7.48503]},
			"faces": {
				"north": {"uv": [6.25, 5.5, 6.875, 5.75], "texture": "#1"},
				"south": {"uv": [6.5, 2, 7.125, 2.25], "texture": "#1"},
				"up": {"uv": [5.625, 6.25, 5, 5.75], "texture": "#1"},
				"down": {"uv": [6.375, 5.75, 5.75, 6.25], "texture": "#1"}
			}
		},
		{
			"from": [5.72326, -0.29299, 3.1],
			"to": [6.22326, 7.70701, 3.85],
			"rotation": {"angle": 22.5, "axis": "x", "origin": [6.02326, 4.55701, 3.45]},
			"faces": {
				"north": {"uv": [1, 6.25, 1.125, 8.25], "texture": "#1"},
				"east": {"uv": [1.25, 4.75, 1.5, 6.75], "texture": "#1"},
				"south": {"uv": [1.5, 6.25, 1.625, 8.25], "texture": "#1"},
				"west": {"uv": [5.25, 2.75, 5.5, 4.75], "texture": "#1"},
				"up": {"uv": [7.375, 6.25, 7.25, 6], "texture": "#1"}
			}
		},
		{
			"from": [9.77674, -0.29299, 3.1],
			"to": [10.27674, 7.70701, 3.85],
			"rotation": {"angle": 22.5, "axis": "x", "origin": [9.97674, 4.55701, 3.45]},
			"faces": {
				"north": {"uv": [1.125, 6.25, 1, 8.25], "texture": "#1"},
				"east": {"uv": [5.5, 2.75, 5.25, 4.75], "texture": "#1"},
				"south": {"uv": [1.625, 6.25, 1.5, 8.25], "texture": "#1"},
				"west": {"uv": [1.5, 4.75, 1.25, 6.75], "texture": "#1"},
				"up": {"uv": [7.25, 6.25, 7.375, 6], "texture": "#1"}
			}
		},
		{
			"from": [9.22674, 4.47477, 1.49645],
			"to": [9.72674, 9.22477, 5.24645],
			"rotation": {"angle": 22.5, "axis": "x", "origin": [9.42674, 6.57477, 3.34645]},
			"faces": {
				"north": {"uv": [4.375, 6.5, 4.25, 7.625], "texture": "#1"},
				"east": {"uv": [4.25, 0, 3.25, 1.125], "texture": "#1"},
				"south": {"uv": [6.625, 5.75, 6.5, 6.875], "texture": "#1"},
				"west": {"uv": [3.5, 3, 2.5, 4.125], "texture": "#1"},
				"up": {"uv": [1.25, 7.75, 1.375, 6.75], "texture": "#1"},
				"down": {"uv": [2.25, 6.75, 2.375, 7.75], "texture": "#1"}
			}
		},
		{
			"from": [9.22674, 4.78092, 5.30735],
			"to": [9.72674, 6.03092, 13.30735],
			"rotation": {"angle": 22.5, "axis": "x", "origin": [9.42674, 6.88092, 2.60735]},
			"faces": {
				"north": {"uv": [7.375, 3.5, 7.25, 3.875], "texture": "#1"},
				"east": {"uv": [4.5, 4.5, 2.5, 4.875], "texture": "#1"},
				"west": {"uv": [6.25, 0.75, 4.25, 1.125], "texture": "#1"},
				"up": {"uv": [6.25, 2.5, 6.375, 0.5], "texture": "#1"},
				"down": {"uv": [0.75, 6.25, 0.875, 8.25], "texture": "#1"}
			}
		},
		{
			"from": [9.58345, 0.04731, 1.25],
			"to": [11.33345, 0.54731, 2.25],
			"rotation": {"angle": 0, "axis": "y", "origin": [10.40845, 0.19731, 1.7]},
			"faces": {
				"north": {"uv": [7.75, 1.25, 7.25, 1.375], "texture": "#1"},
				"east": {"uv": [6.25, 7.25, 6, 7.375], "texture": "#1"},
				"south": {"uv": [7.75, 1.5, 7.25, 1.625], "texture": "#1"},
				"west": {"uv": [7.5, 5.75, 7.25, 5.875], "texture": "#1"},
				"up": {"uv": [4.75, 4.5, 5.25, 4.25], "texture": "#1"}
			}
		},
		{
			"from": [9.20174, 0.84606, 11.68923],
			"to": [9.75174, 2.09606, 13.18923],
			"rotation": {"angle": 0, "axis": "x", "origin": [9.47674, 1.47106, 12.43923]},
			"faces": {
				"north": {"uv": [2.125, 7.25, 2, 7.625], "texture": "#1"},
				"east": {"uv": [6.875, 5, 6.5, 5.375], "texture": "#1"},
				"south": {"uv": [7.375, 2.5, 7.25, 2.875], "texture": "#1"},
				"west": {"uv": [4.125, 6.5, 3.75, 6.875], "texture": "#1"},
				"up": {"uv": [3, 7.625, 3.125, 7.25], "texture": "#1"},
				"down": {"uv": [7.25, 3, 7.375, 3.375], "texture": "#1"}
			}
		},
		{
			"from": [9.22674, 5.48816, 14.25183],
			"to": [9.72674, 6.73816, 17.25183],
			"rotation": {"angle": 22.5, "axis": "x", "origin": [9.42674, 7.08816, 2.05183]},
			"faces": {
				"east": {"uv": [7, 0, 6.25, 0.375], "texture": "#1"},
				"south": {"uv": [5.125, 7.25, 5, 7.625], "texture": "#1"},
				"west": {"uv": [0.75, 6.25, 0, 6.625], "texture": "#1"},
				"up": {"uv": [6.5, 7.75, 6.625, 7], "texture": "#1"},
				"down": {"uv": [0, 7.25, 0.125, 8], "texture": "#1"}
			}
		},
		{
			"from": [6.75, 7.5, 8.1],
			"to": [9.25, 8.5, 10.6],
			"rotation": {"angle": 0, "axis": "y", "origin": [14.75, 16, 16.85]},
			"faces": {
				"north": {"uv": [6.5, 2.25, 7.125, 2.5], "texture": "#1"},
				"east": {"uv": [6.5, 2.75, 7.125, 3], "texture": "#1"},
				"south": {"uv": [6.5, 3, 7.125, 3.25], "texture": "#1"},
				"west": {"uv": [6.5, 3.25, 7.125, 3.5], "texture": "#1"},
				"up": {"uv": [2.125, 6.125, 1.5, 5.5], "texture": "#1"},
				"down": {"uv": [6.125, 2.75, 5.5, 3.375], "texture": "#1"}
			}
		},
		{
			"from": [5.68939, 6.78358, 8.2],
			"to": [5.93939, 8.53358, 10.45],
			"rotation": {"angle": -45, "axis": "z", "origin": [5.93939, 6.53358, 9.325]},
			"faces": {
				"north": {"uv": [1.75, 7.25, 1.875, 7.75], "texture": "#1"},
				"east": {"uv": [3.75, 6, 4.375, 6.5], "texture": "#1"},
				"south": {"uv": [7.25, 1.75, 7.375, 2.25], "texture": "#1"},
				"west": {"uv": [6, 4, 6.625, 4.5], "texture": "#1"},
				"down": {"uv": [0.375, 7.25, 0.25, 7.875], "texture": "#1"}
			}
		},
		{
			"from": [7, 6.6, 7.1],
			"to": [9, 9.6, 17.1],
			"rotation": {"angle": 0, "axis": "y", "origin": [8, 8.5, 13.75]},
			"faces": {
				"north": {"uv": [5.5, 4, 6, 4.75], "texture": "#1"},
				"east": {"uv": [1.5, 1.5, 4, 2.25], "texture": "#1"},
				"south": {"uv": [5.75, 1.75, 6.25, 2.5], "texture": "#1"},
				"west": {"uv": [1.5, 2.25, 4, 3], "texture": "#1"},
				"up": {"uv": [2, 5.5, 1.5, 3], "texture": "#1"},
				"down": {"uv": [2.5, 3, 2, 5.5], "texture": "#1"}
			}
		},
		{
			"from": [11.625, 0.15, 8],
			"to": [16.375, 2.9, 10.75],
			"rotation": {"angle": 0, "axis": "y", "origin": [13.375, 8.4, 15.75]},
			"faces": {
				"north": {"uv": [3.5, 3, 4.75, 3.75], "texture": "#1"},
				"east": {"uv": [2.5, 5, 3.25, 5.75], "texture": "#1"},
				"south": {"uv": [3.5, 3.75, 4.75, 4.5], "texture": "#1"},
				"west": {"uv": [3.25, 5, 4, 5.75], "texture": "#1"},
				"up": {"uv": [5.25, 2, 4, 1.25], "texture": "#1"}
			}
		},
		{
			"from": [11.90146, 3.78984, 8],
			"to": [16.65146, 4.28984, 10.75],
			"rotation": {"angle": -22.5, "axis": "z", "origin": [14.27646, 4.03984, 9.375]},
			"faces": {
				"north": {"uv": [6.5, 4.5, 7.75, 4.625], "texture": "#1"},
				"east": {"uv": [7, 0.25, 7.75, 0.375], "texture": "#1"},
				"south": {"uv": [6.5, 4.75, 7.75, 4.875], "texture": "#1"},
				"west": {"uv": [5.75, 7, 6.5, 7.125], "texture": "#1"},
				"up": {"uv": [5.25, 2.75, 4, 2], "texture": "#1"},
				"down": {"uv": [5.5, 0, 4.25, 0.75], "texture": "#1"}
			}
		},
		{
			"from": [0, 0, 0],
			"to": [16, 0.05, 16],
			"faces": {
				"north": {"uv": [0, 0, 8, 0.025], "texture": "#missing"},
				"east": {"uv": [0, 0, 8, 0.025], "texture": "#missing"},
				"south": {"uv": [0, 0, 8, 0.025], "texture": "#missing"},
				"west": {"uv": [0, 0, 8, 0.025], "texture": "#missing"},
				"up": {"uv": [0, 0, 16, 16], "texture": "#2"}
			}
		},
		{
			"from": [6.3, 7.1, 17.7],
			"to": [7.3, 9.1, 18.7],
			"rotation": {"angle": -22.5, "axis": "y", "origin": [6.75, 7.975, 17.65]},
			"faces": {
				"north": {"uv": [5, 5.25, 5.25, 5.75], "texture": "#1"},
				"east": {"uv": [2.5, 6.75, 2.75, 7.25], "texture": "#1"},
				"south": {"uv": [2.75, 6.75, 3, 7.25], "texture": "#1"},
				"west": {"uv": [3, 6.75, 3.25, 7.25], "texture": "#1"}
			}
		},
		{
			"from": [6.3, 9.1, 15.7],
			"to": [7.3, 9.35, 18.7],
			"rotation": {"angle": -22.5, "axis": "y", "origin": [6.75, 7.975, 17.65]},
			"faces": {
				"east": {"uv": [7, 6.25, 7.75, 6.375], "texture": "#1"},
				"south": {"uv": [6.25, 7.25, 6.5, 7.375], "texture": "#1"},
				"west": {"uv": [7, 6.5, 7.75, 6.625], "texture": "#1"},
				"up": {"uv": [6.25, 7, 6, 6.25], "texture": "#1"},
				"down": {"uv": [6.5, 6.25, 6.25, 7], "texture": "#1"}
			}
		},
		{
			"from": [6.3, 6.85, 15.7],
			"to": [7.3, 7.1, 18.7],
			"rotation": {"angle": -22.5, "axis": "y", "origin": [6.75, 7.975, 17.65]},
			"faces": {
				"east": {"uv": [7, 6.75, 7.75, 6.875], "texture": "#1"},
				"south": {"uv": [7, 7.25, 7.25, 7.375], "texture": "#1"},
				"west": {"uv": [7, 7, 7.75, 7.125], "texture": "#1"},
				"up": {"uv": [6.75, 1.25, 6.5, 0.5], "texture": "#1"},
				"down": {"uv": [6.75, 1.25, 6.5, 2], "texture": "#1"}
			}
		},
		{
			"from": [8.7, 9.1, 15.7],
			"to": [9.7, 9.35, 18.7],
			"rotation": {"angle": 22.5, "axis": "y", "origin": [9.25, 7.975, 17.65]},
			"faces": {
				"east": {"uv": [7.75, 6.5, 7, 6.625], "texture": "#1"},
				"south": {"uv": [6.5, 7.25, 6.25, 7.375], "texture": "#1"},
				"west": {"uv": [7.75, 6.25, 7, 6.375], "texture": "#1"},
				"up": {"uv": [6, 7, 6.25, 6.25], "texture": "#1"},
				"down": {"uv": [6.25, 6.25, 6.5, 7], "texture": "#1"}
			}
		},
		{
			"from": [8.7, 7.1, 17.7],
			"to": [9.7, 9.1, 18.7],
			"rotation": {"angle": 22.5, "axis": "y", "origin": [9.25, 7.975, 17.65]},
			"faces": {
				"north": {"uv": [5.25, 5.25, 5, 5.75], "texture": "#1"},
				"east": {"uv": [3.25, 6.75, 3, 7.25], "texture": "#1"},
				"south": {"uv": [3, 6.75, 2.75, 7.25], "texture": "#1"},
				"west": {"uv": [2.75, 6.75, 2.5, 7.25], "texture": "#1"}
			}
		},
		{
			"from": [8.7, 6.85, 15.7],
			"to": [9.7, 7.1, 18.7],
			"rotation": {"angle": 22.5, "axis": "y", "origin": [9.25, 7.975, 17.65]},
			"faces": {
				"east": {"uv": [7.75, 7, 7, 7.125], "texture": "#1"},
				"south": {"uv": [7.25, 7.25, 7, 7.375], "texture": "#1"},
				"west": {"uv": [7.75, 6.75, 7, 6.875], "texture": "#1"},
				"up": {"uv": [6.5, 1.25, 6.75, 0.5], "texture": "#1"},
				"down": {"uv": [6.5, 1.25, 6.75, 2], "texture": "#1"}
			}
		},
		{
			"from": [7.75, 9.8, -5],
			"to": [8.25, 10.8, -4.5],
			"rotation": {"angle": 0, "axis": "y", "origin": [8.45, 10.45, 17.285]},
			"faces": {
				"north": {"uv": [7.25, 7.25, 7.375, 7.5], "texture": "#1"},
				"east": {"uv": [7.5, 0, 7.625, 0.25], "texture": "#1"},
				"south": {"uv": [7.5, 0.5, 7.625, 0.75], "texture": "#1"},
				"west": {"uv": [7.5, 0.75, 7.625, 1], "texture": "#1"},
				"up": {"uv": [7.625, 2.625, 7.5, 2.5], "texture": "#1"}
			}
		},
		{
			"from": [7.25, 9.4, 15],
			"to": [7.75, 10.15, 15.5],
			"rotation": {"angle": 0, "axis": "y", "origin": [7.95, 10.45, -0.715]},
			"faces": {
				"north": {"uv": [7.5, 1, 7.625, 1.25], "texture": "#1"},
				"east": {"uv": [7.5, 1.75, 7.625, 2], "texture": "#1"},
				"south": {"uv": [7.5, 2, 7.625, 2.25], "texture": "#1"},
				"west": {"uv": [2.5, 7.5, 2.625, 7.75], "texture": "#1"},
				"up": {"uv": [2.875, 7.625, 2.75, 7.5], "texture": "#1"}
			}
		},
		{
			"from": [8.25, 9.4, 15],
			"to": [8.75, 10.15, 15.5],
			"rotation": {"angle": 0, "axis": "y", "origin": [8.05, 10.45, -0.715]},
			"faces": {
				"north": {"uv": [7.625, 1, 7.5, 1.25], "texture": "#1"},
				"east": {"uv": [2.625, 7.5, 2.5, 7.75], "texture": "#1"},
				"south": {"uv": [7.625, 2, 7.5, 2.25], "texture": "#1"},
				"west": {"uv": [7.625, 1.75, 7.5, 2], "texture": "#1"},
				"up": {"uv": [2.75, 7.625, 2.875, 7.5], "texture": "#1"}
			}
		}
	],
	"display": {
		"thirdperson_righthand": {
			"rotation": [44, 80, 0],
			"translation": [-2.25, 1, -0.5],
			"scale": [0.8, 0.8, 0.8]
		},
		"thirdperson_lefthand": {
			"rotation": [75, 45, 0],
			"translation": [0, 2.5, 0],
			"scale": [0.375, 0.375, 0.375]
		},
		"firstperson_righthand": {
			"rotation": [-13, 32, 6],
			"translation": [-5.25, 3.5, -2.75],
			"scale": [0.9, 0.9, 0.9]
		},
		"firstperson_lefthand": {
			"rotation": [0, 225, 0],
			"scale": [0.4, 0.4, 0.4]
		},
		"ground": {
			"translation": [0, 3, 0],
			"scale": [0.25, 0.25, 0.25]
		},
		"gui": {
			"rotation": [30, 225, 0],
			"translation": [-0.5, 1, 0],
			"scale": [0.8, 0.8, 0.8]
		},
		"fixed": {
			"rotation": [0, -90, 0],
			"translation": [-2.75, 0, -2.25],
			"scale": [1.2, 1.2, 1.29]
		}
	}
}