{
	"credit": "Made with Blockbench",
	"parent": "block/block",
	"textures": {
		"particle": "block/enchanting_table_bottom",
		"bottom": "block/enchanting_table_bottom",
		"top": "block/enchanting_table_top",
		"side": "block/enchanting_table_side"
	},
	"elements": [
		{
			"from": [0, 1.5, 0],
			"to": [3, 9, 3],
			"faces": {
				"north": {"uv": [13, 7, 16, 14.5], "texture": "#side"},
				"east": {"uv": [13, 7, 16, 14.5], "texture": "#side"},
				"south": {"uv": [0, 7, 3, 14.5], "texture": "#side"},
				"west": {"uv": [0, 7, 3, 14.5], "texture": "#side"}
			}
		},
		{
			"from": [0, 1.5, 13],
			"to": [3, 9, 16],
			"faces": {
				"north": {"uv": [13, 7, 16, 14.5], "texture": "#side"},
				"east": {"uv": [0, 7, 3, 14.5], "texture": "#side"},
				"south": {"uv": [0, 7, 3, 14.5], "texture": "#side"},
				"west": {"uv": [13, 7, 16, 14.5], "texture": "#side"}
			}
		},
		{
			"from": [13, 1.5, 13],
			"to": [16, 9, 16],
			"faces": {
				"north": {"uv": [0, 7, 3, 14.5], "texture": "#side"},
				"east": {"uv": [0, 7, 3, 14.5], "texture": "#side"},
				"south": {"uv": [13, 7, 16, 14.5], "texture": "#side"},
				"west": {"uv": [13, 7, 16, 14.5], "texture": "#side"}
			}
		},
		{
			"from": [13, 1.5, 0],
			"to": [16, 9, 3],
			"faces": {
				"north": {"uv": [0, 7, 3, 14.5], "texture": "#side"},
				"east": {"uv": [13, 7, 16, 14.5], "texture": "#side"},
				"south": {"uv": [13, 7, 16, 14.5], "texture": "#side"},
				"west": {"uv": [0, 7, 3, 14.5], "texture": "#side"}
			}
		},
		{
			"from": [0, 0, 0],
			"to": [16, 1.5, 16],
			"faces": {
				"north": {"uv": [0, 14.5, 16, 16], "texture": "#side"},
				"east": {"uv": [0, 14.5, 16, 16], "texture": "#side"},
				"south": {"uv": [0, 14.5, 16, 16], "texture": "#side"},
				"west": {"uv": [0, 14.5, 16, 16], "texture": "#side"},
				"up": {"uv": [0, 0, 16, 16], "texture": "#bottom"},
				"down": {"uv": [0, 0, 16, 16], "texture": "#bottom"}
			}
		},
		{
			"from": [0, 9, 0],
			"to": [16, 12, 16],
			"faces": {
				"north": {"uv": [0, 4, 16, 7], "texture": "#side"},
				"east": {"uv": [0, 4, 16, 7], "texture": "#side"},
				"south": {"uv": [0, 4, 16, 7], "texture": "#side"},
				"west": {"uv": [0, 4, 16, 7], "texture": "#side"},
				"up": {"uv": [0, 0, 16, 16], "texture": "#top"},
				"down": {"uv": [0, 0, 16, 16], "texture": "#bottom"}
			}
		},
		{
			"from": [2, 1.5, 2],
			"to": [14, 9, 14],
			"faces": {
				"north": {"uv": [2, 7, 14, 14.5], "texture": "#side"},
				"east": {"uv": [2, 7, 14, 14.5], "texture": "#side"},
				"south": {"uv": [2, 7, 14, 14.5], "texture": "#side"},
				"west": {"uv": [2, 7, 14, 14.5], "texture": "#side"}
			}
		},
		{
			"from": [5, 7, 0],
			"to": [11, 9, 16],
			"rotation": {"angle": 0, "axis": "y", "origin": [13, 16, 23]},
			"faces": {
				"north": {"uv": [0, 0, 6, 2], "texture": "#side"},
				"south": {"uv": [0, 0, 6, 2], "texture": "#side"}
			}
		},
		{
			"from": [0, 7, 5],
			"to": [16, 9, 11],
			"rotation": {"angle": 0, "axis": "y", "origin": [8, 6.4, 8]},
			"faces": {
				"east": {"uv": [0, 0, 6, 2], "texture": "#side"},
				"west": {"uv": [0, 0, 6, 2], "texture": "#side"}
			}
		},
		{
			"from": [5.5, 6.5, 0],
			"to": [10.5, 7, 16],
			"rotation": {"angle": 0, "axis": "y", "origin": [13, 16, 23]},
			"faces": {
				"north": {"uv": [0.5, 2, 5.5, 2.5], "texture": "#side"},
				"south": {"uv": [0.5, 2, 5.5, 2.5], "texture": "#side"}
			}
		},
		{
			"from": [0, 6.5, 5.5],
			"to": [16, 7, 10.5],
			"rotation": {"angle": 0, "axis": "y", "origin": [8, 6.4, 8]},
			"faces": {
				"east": {"uv": [0.5, 2, 5.5, 2.5], "texture": "#side"},
				"west": {"uv": [0.5, 2, 5.5, 2.5], "texture": "#side"}
			}
		},
		{
			"from": [6, 6, 0],
			"to": [10, 6.5, 16],
			"rotation": {"angle": 0, "axis": "y", "origin": [13, 16, 23]},
			"faces": {
				"north": {"uv": [1, 2.5, 5, 3], "texture": "#side"},
				"south": {"uv": [1, 2.5, 5, 3], "texture": "#side"}
			}
		},
		{
			"from": [0, 6, 6],
			"to": [16, 6.5, 10],
			"rotation": {"angle": 0, "axis": "y", "origin": [8, 6.4, 8]},
			"faces": {
				"east": {"uv": [1, 2.5, 5, 3], "texture": "#side"},
				"west": {"uv": [1, 2.5, 5, 3], "texture": "#side"}
			}
		},
		{
			"from": [6.5, 5.5, 0],
			"to": [9.5, 6, 16],
			"rotation": {"angle": 0, "axis": "y", "origin": [13, 15.5, 23]},
			"faces": {
				"north": {"uv": [1.5, 3, 4.5, 3.5], "texture": "#side"},
				"south": {"uv": [1.5, 3, 4.5, 3.5], "texture": "#side"}
			}
		},
		{
			"from": [0, 5.5, 6.5],
			"to": [16, 6, 9.5],
			"rotation": {"angle": 0, "axis": "y", "origin": [8, 6.4, 8]},
			"faces": {
				"east": {"uv": [1.5, 3, 4.5, 3.5], "texture": "#side"},
				"west": {"uv": [1.5, 3, 4.5, 3.5], "texture": "#side"}
			}
		},
		{
			"from": [7, 5, 0],
			"to": [9, 5.5, 16],
			"rotation": {"angle": 0, "axis": "y", "origin": [13, 15.5, 23]},
			"faces": {
				"north": {"uv": [2, 3.5, 4, 4], "texture": "#side"},
				"south": {"uv": [2, 3.5, 4, 4], "texture": "#side"}
			}
		},
		{
			"from": [0, 5, 7],
			"to": [16, 5.5, 9],
			"rotation": {"angle": 0, "axis": "y", "origin": [8, 6.4, 8]},
			"faces": {
				"east": {"uv": [2, 3.5, 4, 4], "texture": "#side"},
				"west": {"uv": [2, 3.5, 4, 4], "texture": "#side"}
			}
		}
	]
}