{
	"credit": "Made with Blockbench",
	"textures": {
		"0": "block/grindstone_round",
		"4": "block/grindstone_side",
		"particle": "block/stone"
	},
	"elements": [
		{
			"from": [2, 9.5, 7.5],
			"to": [15, 10.5, 8.5],
			"rotation": {"angle": 0, "axis": "x", "origin": [8.5, 10, 8]},
			"faces": {
				"north": {"uv": [13, 15, 0, 16], "texture": "#4"},
				"east": {"uv": [5.5, 15, 4.5, 16], "texture": "#4"},
				"south": {"uv": [13, 15, 0, 16], "texture": "#4"},
				"west": {"uv": [1, 15, 0, 16], "texture": "#4"},
				"up": {"uv": [13, 15, 0, 16], "texture": "#4"},
				"down": {"uv": [13, 15, 0, 16], "texture": "#4"}
			}
		},
		{
			"from": [-0.75, 12.5, 7.5],
			"to": [2, 13.5, 8.5],
			"rotation": {"angle": 0, "axis": "x", "origin": [1.7, 10.25, 8.25]},
			"faces": {
				"north": {"uv": [16, 3, 13, 4], "texture": "#0"},
				"east": {"uv": [14, 4, 13, 5], "texture": "#0"},
				"south": {"uv": [16, 3, 13, 4], "texture": "#0"},
				"west": {"uv": [14, 4, 13, 5], "texture": "#0"},
				"up": {"uv": [16, 3, 13, 4], "texture": "#0"},
				"down": {"uv": [16, 3, 13, 4], "texture": "#0"}
			}
		},
		{
			"from": [1, 9.5, 7.5],
			"to": [2, 12.5, 8.5],
			"rotation": {"angle": 0, "axis": "x", "origin": [1.7, 10, 8]},
			"faces": {
				"north": {"uv": [16, 13, 15, 16], "texture": "#4"},
				"east": {"uv": [16, 13, 15, 16], "texture": "#4"},
				"south": {"uv": [16, 13, 15, 16], "texture": "#4"},
				"west": {"uv": [16, 13, 15, 16], "texture": "#4"},
				"up": {"uv": [16, 15, 15, 16], "texture": "#4"},
				"down": {"uv": [16, 15, 15, 16], "texture": "#4"}
			}
		},
		{
			"from": [2.5, 0, 5.5],
			"to": [4.5, 9.5, 10.5],
			"rotation": {"angle": 0, "axis": "y", "origin": [0, -1, 0]},
			"faces": {
				"north": {"uv": [11, 0, 13, 9.5], "texture": "#0"},
				"east": {"uv": [6, 0, 11, 9.5], "texture": "#0"},
				"south": {"uv": [11, 0, 13, 9.5], "texture": "#0"},
				"west": {"uv": [6, 0, 11, 9.5], "texture": "#0"},
				"up": {"uv": [11, 0, 13, 5], "texture": "#0"},
				"down": {"uv": [6, 11.5, 11, 9.5], "rotation": 90, "texture": "#0"}
			}
		},
		{
			"from": [2.5, 9.5, 6.5],
			"to": [4.5, 11, 9.5],
			"rotation": {"angle": 0, "axis": "y", "origin": [0, -1, 0]},
			"faces": {
				"north": {"uv": [13, 0, 11, 1.5], "texture": "#0"},
				"east": {"uv": [13, 0, 16, 1.5], "texture": "#0"},
				"south": {"uv": [13, 0, 11, 1.5], "texture": "#0"},
				"west": {"uv": [13, 0, 16, 1.5], "texture": "#0"},
				"up": {"uv": [11, 2, 13, 5], "texture": "#0"}
			}
		},
		{
			"from": [11.5, 9.5, 6.5],
			"to": [13.5, 11, 9.5],
			"rotation": {"angle": 0, "axis": "y", "origin": [16, -1, 0]},
			"faces": {
				"north": {"uv": [13, 0, 11, 1.5], "texture": "#0"},
				"east": {"uv": [13, 0, 16, 1.5], "texture": "#0"},
				"south": {"uv": [13, 0, 11, 1.5], "texture": "#0"},
				"west": {"uv": [13, 0, 16, 1.5], "texture": "#0"},
				"up": {"uv": [11, 2, 13, 5], "texture": "#0"}
			}
		},
		{
			"from": [11.5, 0, 5.5],
			"to": [13.5, 9.5, 10.5],
			"rotation": {"angle": 0, "axis": "y", "origin": [16, -1, 0]},
			"faces": {
				"north": {"uv": [11, 0, 13, 9.5], "texture": "#0"},
				"east": {"uv": [6, 0, 11, 9.5], "texture": "#0"},
				"south": {"uv": [11, 0, 13, 9.5], "texture": "#0"},
				"west": {"uv": [6, 0, 11, 9.5], "texture": "#0"},
				"up": {"uv": [11, 0, 13, 5], "texture": "#0"},
				"down": {"uv": [6, 11.5, 11, 9.5], "rotation": 90, "texture": "#0"}
			}
		},
		{
			"from": [5, 7, 2],
			"to": [11, 13, 14],
			"rotation": {"angle": 0, "axis": "x", "origin": [8, 10, 8]},
			"faces": {
				"north": {"uv": [0, 10, 6, 16], "rotation": 180, "texture": "#0"},
				"east": {"uv": [12, 3, 0, 9], "rotation": 180, "texture": "#4"},
				"south": {"uv": [0, 10, 6, 16], "rotation": 180, "texture": "#0"},
				"west": {"uv": [12, 3, 0, 9], "rotation": 180, "texture": "#4"},
				"up": {"uv": [11.5, 0, 12, 0.5], "texture": "#0"},
				"down": {"uv": [11.5, 0, 12, 0.5], "texture": "#0"}
			}
		},
		{
			"from": [5.005, 3.63604, 5.87868],
			"to": [10.995, 16.36396, 10.12132],
			"rotation": {"angle": 45, "axis": "x", "origin": [8, 10, 8]},
			"faces": {
				"north": {"uv": [11.5, 0, 12, 0.5], "rotation": 180, "texture": "#0"},
				"east": {"uv": [12, 4, 0, 8], "rotation": 270, "texture": "#4"},
				"south": {"uv": [11.5, 0, 12, 0.5], "texture": "#0"},
				"west": {"uv": [12, 4, 0, 8], "rotation": 90, "texture": "#4"},
				"up": {"uv": [0, 6, 6, 10.5], "rotation": 180, "texture": "#0"},
				"down": {"uv": [0, 6, 6, 10.5], "texture": "#0"}
			}
		},
		{
			"from": [5, 4, 5],
			"to": [11, 16, 11],
			"rotation": {"angle": 0, "axis": "x", "origin": [8, 10, 8]},
			"faces": {
				"north": {"uv": [11.5, 0, 12, 0.5], "rotation": 180, "texture": "#0"},
				"east": {"uv": [9, 0, 3, 12], "rotation": 180, "texture": "#4"},
				"south": {"uv": [11.5, 0, 12, 0.5], "rotation": 180, "texture": "#0"},
				"west": {"uv": [9, 0, 3, 12], "rotation": 180, "texture": "#4"},
				"up": {"uv": [0, 0, 6, 6], "texture": "#0"},
				"down": {"uv": [0, 0, 6, 6], "texture": "#0"}
			}
		},
		{
			"from": [5.005, 7.87868, 1.63604],
			"to": [10.995, 12.12132, 14.36396],
			"rotation": {"angle": 45, "axis": "x", "origin": [8, 10, 8]},
			"faces": {
				"north": {"uv": [0, 6, 6, 10.5], "rotation": 180, "texture": "#0"},
				"east": {"uv": [8, 0, 4, 12], "rotation": 270, "texture": "#4"},
				"south": {"uv": [0, 6, 6, 10.5], "texture": "#0"},
				"west": {"uv": [8, 0, 4, 12], "rotation": 90, "texture": "#4"},
				"up": {"uv": [11.5, 0, 12, 0.5], "rotation": 180, "texture": "#0"},
				"down": {"uv": [11.5, 0, 12, 0.5], "texture": "#0"}
			}
		}
	],
	"display": {
		"thirdperson_righthand": {
			"rotation": [75, 45, 0],
			"translation": [0, 2.5, 0],
			"scale": [0.375, 0.375, 0.375]
		},
		"thirdperson_lefthand": {
			"rotation": [75, 45, 0],
			"translation": [0, 2.5, 0],
			"scale": [0.375, 0.375, 0.375]
		},
		"firstperson_righthand": {
			"rotation": [0, 115, 0],
			"translation": [2, 2.5, 0],
			"scale": [0.4, 0.4, 0.4]
		},
		"firstperson_lefthand": {
			"rotation": [0, -55, 0],
			"translation": [2, 2.5, 0],
			"scale": [0.4, 0.4, 0.4]
		},
		"ground": {
			"translation": [0, 5.5, 0],
			"scale": [0.25, 0.25, 0.25]
		},
		"gui": {
			"rotation": [30, 145, 0],
			"scale": [0.625, 0.625, 0.625]
		},
		"fixed": {
			"translation": [0, 0, -2.25],
			"scale": [0.75, 0.75, 0.75]
		}
	}
}