{
	"credit": "Made with Blockbench",
	"ambientocclusion": false,
	"textures": {
		"4": "block/barricate/sandbag"
	},
	"elements": [
		{
			"from": [5, 12, -0.5],
			"to": [9, 14, 10.5],
			"rotation": {"angle": 0, "axis": "y", "origin": [1.25, 0, 16]},
			"faces": {
				"north": {"uv": [7.5, 1, 5.5, 2], "texture": "#4"},
				"east": {"uv": [11, 0, 5.5, 1], "texture": "#4"},
				"south": {"uv": [7.5, 1, 5.5, 2], "texture": "#4"},
				"west": {"uv": [11, 0, 5.5, 1], "texture": "#4"},
				"up": {"uv": [4, 2, 2, 7.5], "texture": "#4"},
				"down": {"uv": [4, 2, 2, 7.5], "texture": "#4"}
			}
		},
		{
			"from": [6, 13.875, -5.5],
			"to": [10, 15.875, 5.5],
			"rotation": {"angle": 0, "axis": "y", "origin": [1.25, 0, 16]},
			"faces": {
				"north": {"uv": [7.5, 1, 5.5, 2], "texture": "#4"},
				"east": {"uv": [11, 0, 5.5, 1], "texture": "#4"},
				"south": {"uv": [7.5, 1, 5.5, 2], "texture": "#4"},
				"west": {"uv": [11, 0, 5.5, 1], "texture": "#4"},
				"up": {"uv": [4, 2, 2, 7.5], "texture": "#4"},
				"down": {"uv": [4, 2, 2, 7.5], "texture": "#4"}
			}
		},
		{
			"from": [6.3, -2.2, -13.5],
			"to": [10.3, -0.2, -2.5],
			"rotation": {"angle": 0, "axis": "y", "origin": [1.25, 0, 16]},
			"faces": {
				"north": {"uv": [7.5, 1, 5.5, 2], "texture": "#4"},
				"east": {"uv": [11, 0, 5.5, 1], "texture": "#4"},
				"south": {"uv": [7.5, 1, 5.5, 2], "texture": "#4"},
				"west": {"uv": [11, 0, 5.5, 1], "texture": "#4"},
				"up": {"uv": [4, 2, 2, 7.5], "texture": "#4"},
				"down": {"uv": [4, 2, 2, 7.5], "texture": "#4"}
			}
		},
		{
			"from": [6.5, -2.25, 1.5],
			"to": [10.5, -0.25, 12.5],
			"rotation": {"angle": 0, "axis": "y", "origin": [1.25, 0, 16]},
			"faces": {
				"north": {"uv": [7.5, 1, 5.5, 2], "texture": "#4"},
				"east": {"uv": [11, 0, 5.5, 1], "texture": "#4"},
				"south": {"uv": [7.5, 1, 5.5, 2], "texture": "#4"},
				"west": {"uv": [11, 0, 5.5, 1], "texture": "#4"},
				"up": {"uv": [4, 2, 2, 7.5], "texture": "#4"},
				"down": {"uv": [4, 2, 2, 7.5], "texture": "#4"}
			}
		},
		{
			"from": [6.25, 0, 6],
			"to": [10.25, 4, 15],
			"rotation": {"angle": 0, "axis": "y", "origin": [2, 0, 16]},
			"faces": {
				"north": {"uv": [8, 4, 6, 6], "texture": "#4"},
				"east": {"uv": [8.5, 2, 4, 4], "texture": "#4"},
				"south": {"uv": [8, 4, 6, 6], "texture": "#4"},
				"west": {"uv": [8.5, 2, 4, 4], "texture": "#4"},
				"up": {"uv": [6, 4, 4, 8.5], "texture": "#4"},
				"down": {"uv": [6, 4, 4, 8.5], "texture": "#4"}
			}
		},
		{
			"from": [5.5, 4, 4.5],
			"to": [9.5, 8, 13.5],
			"rotation": {"angle": 0, "axis": "y", "origin": [2, 0, 16]},
			"faces": {
				"north": {"uv": [8, 4, 6, 6], "texture": "#4"},
				"east": {"uv": [8.5, 2, 4, 4], "texture": "#4"},
				"south": {"uv": [8, 4, 6, 6], "texture": "#4"},
				"west": {"uv": [8.5, 2, 4, 4], "texture": "#4"},
				"up": {"uv": [6, 4, 4, 8.5], "texture": "#4"},
				"down": {"uv": [6, 4, 4, 8.5], "texture": "#4"}
			}
		},
		{
			"from": [5.95, 7.85, 3.25],
			"to": [9.95, 11.85, 12.25],
			"rotation": {"angle": 0, "axis": "y", "origin": [2, 0, 16]},
			"faces": {
				"north": {"uv": [8, 4, 6, 6], "texture": "#4"},
				"east": {"uv": [8.5, 2, 4, 4], "texture": "#4"},
				"south": {"uv": [8, 4, 6, 6], "texture": "#4"},
				"west": {"uv": [8.5, 2, 4, 4], "texture": "#4"},
				"up": {"uv": [6, 4, 4, 8.5], "texture": "#4"},
				"down": {"uv": [6, 4, 4, 8.5], "texture": "#4"}
			}
		},
		{
			"from": [3.5, 0.1, 0.5],
			"to": [7.5, 4.1, 9.5],
			"rotation": {"angle": 0, "axis": "y", "origin": [5, 0, 0]},
			"faces": {
				"north": {"uv": [6, 4, 8, 6], "texture": "#4"},
				"east": {"uv": [4, 2, 8.5, 4], "texture": "#4"},
				"south": {"uv": [6, 4, 8, 6], "texture": "#4"},
				"west": {"uv": [4, 2, 8.5, 4], "texture": "#4"},
				"up": {"uv": [6, 8.5, 4, 4], "texture": "#4"},
				"down": {"uv": [6, 8.5, 4, 4], "texture": "#4"}
			}
		},
		{
			"from": [3.75, 4, -5.75],
			"to": [7.75, 8, 5.25],
			"rotation": {"angle": 0, "axis": "y", "origin": [-19, 0, 16.75]},
			"faces": {
				"north": {"uv": [8, 6, 6, 8], "texture": "#4"},
				"east": {"uv": [5.5, 0, 0, 2], "texture": "#4"},
				"south": {"uv": [8, 6, 6, 8], "texture": "#4"},
				"west": {"uv": [5.5, 0, 0, 2], "texture": "#4"},
				"up": {"uv": [2, 2, 0, 7.5], "texture": "#4"},
				"down": {"uv": [2, 2, 0, 7.5], "texture": "#4"}
			}
		},
		{
			"from": [3.925, 8, -0.5],
			"to": [7.925, 12, 10.5],
			"rotation": {"angle": 0, "axis": "y", "origin": [-19, 0, 16.75]},
			"faces": {
				"north": {"uv": [8, 6, 6, 8], "texture": "#4"},
				"east": {"uv": [5.5, 0, 0, 2], "texture": "#4"},
				"south": {"uv": [8, 6, 6, 8], "texture": "#4"},
				"west": {"uv": [5.5, 0, 0, 2], "texture": "#4"},
				"up": {"uv": [2, 2, 0, 7.5], "texture": "#4"},
				"down": {"uv": [2, 2, 0, 7.5], "texture": "#4"}
			}
		},
		{
			"from": [7.45, 7.95, 0],
			"to": [11.45, 11.95, 9],
			"rotation": {"angle": 0, "axis": "y", "origin": [5, 0, 0]},
			"faces": {
				"north": {"uv": [6, 4, 8, 6], "texture": "#4"},
				"east": {"uv": [4, 2, 8.5, 4], "texture": "#4"},
				"south": {"uv": [6, 4, 8, 6], "texture": "#4"},
				"west": {"uv": [4, 2, 8.5, 4], "texture": "#4"},
				"up": {"uv": [6, 8.5, 4, 4], "texture": "#4"},
				"down": {"uv": [6, 8.5, 4, 4], "texture": "#4"}
			}
		},
		{
			"from": [8.25, 4, -5.75],
			"to": [12.25, 8, 5.25],
			"rotation": {"angle": 0, "axis": "y", "origin": [-19, 0, 16.75]},
			"faces": {
				"north": {"uv": [8, 6, 6, 8], "texture": "#4"},
				"east": {"uv": [5.5, 0, 0, 2], "texture": "#4"},
				"south": {"uv": [8, 6, 6, 8], "texture": "#4"},
				"west": {"uv": [5.5, 0, 0, 2], "texture": "#4"},
				"up": {"uv": [2, 2, 0, 7.5], "texture": "#4"},
				"down": {"uv": [2, 2, 0, 7.5], "texture": "#4"}
			}
		},
		{
			"from": [8, 0.1, -2],
			"to": [12, 4.1, 9],
			"rotation": {"angle": 0, "axis": "y", "origin": [-2, 0, 16]},
			"faces": {
				"north": {"uv": [8, 6, 6, 8], "texture": "#4"},
				"east": {"uv": [5.5, 0, 0, 2], "texture": "#4"},
				"south": {"uv": [8, 6, 6, 8], "texture": "#4"},
				"west": {"uv": [5.5, 0, 0, 2], "texture": "#4"},
				"up": {"uv": [2, 2, 0, 7.5], "texture": "#4"},
				"down": {"uv": [2, 2, 0, 7.5], "texture": "#4"}
			}
		}
	]
}