{
	"credit": "Made with Blockbench",
	"ambientocclusion": false,
	"textures": {
		"log": "block/extra/ladder_1",
		"particle": "block/extra/ladder",
		"texture": "block/extra/ladder"
	},
	"elements": [
		{
			"from": [12, 0, 14],
			"to": [15, 16, 16],
			"faces": {
				"north": {"uv": [0, 0, 3, 16], "texture": "#log"},
				"east": {"uv": [3, 0, 5, 16], "texture": "#log"},
				"south": {"uv": [5, 0, 8, 16], "texture": "#log"},
				"west": {"uv": [3, 0, 5, 16], "texture": "#log"},
				"up": {"uv": [8, 0, 11, 2], "texture": "#log"},
				"down": {"uv": [8, 0, 11, 2], "texture": "#log"}
			}
		},
		{
			"from": [0, 12, 13],
			"to": [16, 15, 14],
			"faces": {
				"north": {"uv": [0, 1, 16, 4], "texture": "#texture"},
				"east": {"uv": [0, 1, 0.5, 4], "texture": "#texture"},
				"south": {"uv": [3, 6.5, 13, 9.5], "texture": "#texture"},
				"west": {"uv": [15.5, 1, 16, 4], "texture": "#texture"},
				"up": {"uv": [0, 1, 16, 1.5], "rotation": 180, "texture": "#texture"},
				"down": {"uv": [0, 3.5, 16, 4], "rotation": 180, "texture": "#texture"}
			}
		},
		{
			"from": [0, 1, 13],
			"to": [16, 4, 14],
			"faces": {
				"north": {"uv": [0, 12, 16, 15], "texture": "#texture"},
				"east": {"uv": [0, 12, 0.5, 15], "texture": "#texture"},
				"south": {"uv": [3, 6.5, 13, 9.5], "texture": "#texture"},
				"west": {"uv": [15.5, 12, 16, 15], "texture": "#texture"},
				"up": {"uv": [0, 12, 16, 12.5], "rotation": 180, "texture": "#texture"},
				"down": {"uv": [0, 14.5, 16, 15], "rotation": 180, "texture": "#texture"}
			}
		},
		{
			"from": [0, 6.5, 13],
			"to": [16, 9.5, 14],
			"faces": {
				"north": {"uv": [0, 6.5, 16, 9.5], "texture": "#texture"},
				"east": {"uv": [0, 6.5, 0.5, 9.5], "texture": "#texture"},
				"south": {"uv": [3, 6.5, 13, 9.5], "texture": "#texture"},
				"west": {"uv": [15.5, 6.5, 16, 9.5], "texture": "#texture"},
				"up": {"uv": [0, 6.5, 16, 7], "rotation": 180, "texture": "#texture"},
				"down": {"uv": [0, 9, 16, 9.5], "rotation": 180, "texture": "#texture"}
			}
		},
		{
			"from": [1, 0, 14],
			"to": [4, 16, 16],
			"faces": {
				"north": {"uv": [0, 0, 3, 16], "texture": "#log"},
				"east": {"uv": [3, 0, 5, 16], "texture": "#log"},
				"south": {"uv": [5, 0, 8, 16], "texture": "#log"},
				"west": {"uv": [3, 0, 5, 16], "texture": "#log"},
				"up": {"uv": [8, 0, 11, 2], "texture": "#log"},
				"down": {"uv": [8, 0, 11, 2], "texture": "#log"}
			}
		}
	]
}