{
	"credit": "Made with Blockbench",
	"parent": "block/block",
	"textures": {
		"1": "block/lantern",
		"2": "block/torch_flame",
		"particle": "block/lantern"
	},
	"elements": [
		{
			"from": [6, 8, 6],
			"to": [10, 9.5, 10],
			"rotation": {"angle": 0, "axis": "y", "origin": [8, 8, 9]},
			"faces": {
				"north": {"uv": [3, 9, 7, 10.5], "texture": "#1"},
				"east": {"uv": [3, 9, 7, 10.5], "texture": "#1"},
				"south": {"uv": [3, 9, 7, 10.5], "texture": "#1"},
				"west": {"uv": [3, 9, 7, 10.5], "texture": "#1"},
				"up": {"uv": [3, 5, 7, 9], "texture": "#1"}
			}
		},
		{
			"from": [6, 0, 6],
			"to": [10, 1, 10],
			"rotation": {"angle": 0, "axis": "y", "origin": [8, 8, 9]},
			"faces": {
				"north": {"uv": [3, 9.5, 7, 10.5], "texture": "#1"},
				"east": {"uv": [3, 9.5, 7, 10.5], "texture": "#1"},
				"south": {"uv": [3, 9.5, 7, 10.5], "texture": "#1"},
				"west": {"uv": [3, 9.5, 7, 10.5], "texture": "#1"},
				"down": {"uv": [3, 5, 7, 9], "texture": "#1"}
			}
		},
		{
			"from": [5, 1, 5],
			"to": [11, 2, 11],
			"rotation": {"angle": 0, "axis": "y", "origin": [8, 8, 9]},
			"faces": {
				"north": {"uv": [10, 15, 16, 16], "texture": "#1"},
				"east": {"uv": [10, 15, 16, 16], "texture": "#1"},
				"south": {"uv": [10, 15, 16, 16], "texture": "#1"},
				"west": {"uv": [10, 15, 16, 16], "texture": "#1"},
				"up": {"uv": [10, 9, 16, 15], "texture": "#1"},
				"down": {"uv": [10, 9, 16, 15], "texture": "#1"}
			}
		},
		{
			"from": [4, 7, 4],
			"to": [12, 8, 12],
			"rotation": {"angle": 0, "axis": "y", "origin": [8, 8, 9]},
			"faces": {
				"north": {"uv": [8, 8, 16, 9], "texture": "#1"},
				"east": {"uv": [8, 8, 16, 9], "texture": "#1"},
				"south": {"uv": [8, 8, 16, 9], "texture": "#1"},
				"west": {"uv": [8, 8, 16, 9], "texture": "#1"},
				"up": {"uv": [8, 0, 16, 8], "texture": "#1"},
				"down": {"uv": [8, 0, 16, 8], "texture": "#1"}
			}
		},
		{
			"from": [10, 2, 5],
			"to": [11, 7, 6],
			"rotation": {"angle": 0, "axis": "y", "origin": [8, 8, 9]},
			"faces": {
				"north": {"uv": [5, 0, 4, 5], "texture": "#1"},
				"east": {"uv": [4, 0, 5, 5], "texture": "#1"},
				"south": {"uv": [5, 0, 4, 5], "texture": "#1"},
				"west": {"uv": [4, 0, 5, 5], "texture": "#1"}
			}
		},
		{
			"from": [10, 2, 10],
			"to": [11, 7, 11],
			"rotation": {"angle": 0, "axis": "y", "origin": [10.5, 5, 10.5]},
			"faces": {
				"north": {"uv": [4, 0, 5, 5], "texture": "#1"},
				"east": {"uv": [5, 0, 4, 5], "texture": "#1"},
				"south": {"uv": [4, 0, 5, 5], "texture": "#1"},
				"west": {"uv": [5, 0, 4, 5], "texture": "#1"}
			}
		},
		{
			"from": [5, 2, 5],
			"to": [6, 7, 6],
			"rotation": {"angle": 0, "axis": "y", "origin": [5.5, 5, 5.5]},
			"faces": {
				"north": {"uv": [4, 0, 5, 5], "texture": "#1"},
				"east": {"uv": [5, 0, 4, 5], "texture": "#1"},
				"south": {"uv": [4, 0, 5, 5], "texture": "#1"},
				"west": {"uv": [5, 0, 4, 5], "texture": "#1"}
			}
		},
		{
			"from": [5, 2, 10],
			"to": [6, 7, 11],
			"rotation": {"angle": 0, "axis": "y", "origin": [5.5, 5, 10.5]},
			"faces": {
				"north": {"uv": [5, 0, 4, 5], "texture": "#1"},
				"east": {"uv": [4, 0, 5, 5], "texture": "#1"},
				"south": {"uv": [5, 0, 4, 5], "texture": "#1"},
				"west": {"uv": [4, 0, 5, 5], "texture": "#1"}
			}
		},
		{
			"from": [5.75, 2, 5.75],
			"to": [10.25, 8, 10.25],
			"rotation": {"angle": 0, "axis": "y", "origin": [15.5, 8, 16.5]},
			"faces": {
				"north": {"uv": [6, 10, 10.5, 16], "texture": "#2"},
				"east": {"uv": [6, 10, 10.5, 16], "texture": "#2"},
				"south": {"uv": [6, 10, 10.5, 16], "texture": "#2"},
				"west": {"uv": [6, 10, 10.5, 16], "texture": "#2"}
			}
		},
		{
			"from": [10.25, 2, 6],
			"to": [10.75, 7, 10],
			"rotation": {"angle": 0, "axis": "y", "origin": [8, 8, 9]},
			"faces": {
				"east": {"uv": [0, 0, 4, 5], "texture": "#1"},
				"west": {"uv": [0, 0, 4, 5], "texture": "#1"}
			}
		},
		{
			"from": [6, 2, 10.25],
			"to": [10, 7, 10.75],
			"rotation": {"angle": 0, "axis": "y", "origin": [8, 3.5, 8]},
			"faces": {
				"north": {"uv": [0, 0, 4, 5], "texture": "#1"},
				"south": {"uv": [0, 0, 4, 5], "texture": "#1"}
			}
		},
		{
			"from": [5.25, 2, 6],
			"to": [5.75, 7, 10],
			"rotation": {"angle": 0, "axis": "y", "origin": [8, 8, 9]},
			"faces": {
				"east": {"uv": [0, 0, 4, 5], "texture": "#1"},
				"west": {"uv": [0, 0, 4, 5], "texture": "#1"}
			}
		},
		{
			"from": [6, 2, 5.25],
			"to": [10, 7, 5.75],
			"rotation": {"angle": 0, "axis": "y", "origin": [8, 3.5, 8]},
			"faces": {
				"north": {"uv": [0, 0, 4, 5], "texture": "#1"},
				"south": {"uv": [0, 0, 4, 5], "texture": "#1"}
			}
		}
	]
}