{
	"credit": "Made with Blockbench",
	"parent": "block/block",
	"textures": {
		"4": "block/lectern_dorime",
		"particle": "block/lectern_base",
		"base": "block/lectern_base",
		"front": "block/lectern_front",
		"sides": "block/lectern_sides",
		"top": "block/lectern_top"
	},
	"elements": [
		{
			"from": [4, 2, 12],
			"to": [12, 15, 12],
			"faces": {
				"south": {"uv": [8, 3, 16, 16], "texture": "#front"}
			}
		},
		{
			"from": [4, 2, 4],
			"to": [12, 13.5, 4],
			"faces": {
				"north": {"uv": [0, 1.5, 8, 13], "texture": "#front"}
			}
		},
		{
			"from": [4, 2, 4],
			"to": [4, 13.9, 12],
			"faces": {
				"west": {"uv": [2, 8, 13.9, 16], "rotation": 90, "texture": "#sides"}
			}
		},
		{
			"from": [12, 2, 4],
			"to": [12, 13.9, 12],
			"faces": {
				"east": {"uv": [2, 16, 13.9, 8], "rotation": 90, "texture": "#sides"}
			}
		},
		{
			"from": [0, 11.44511, 2.83963],
			"to": [16, 15.44511, 15.83963],
			"rotation": {"angle": -22.5, "axis": "x", "origin": [7.99, 8, 6.5]},
			"faces": {
				"north": {"uv": [0, 4, 16, 8], "texture": "#sides"},
				"east": {"uv": [1.5, 0, 14.5, 4], "texture": "#sides"},
				"south": {"uv": [0, 0, 16, 4], "texture": "#sides"},
				"west": {"uv": [1.5, 0, 14.5, 4], "texture": "#sides"},
				"up": {"uv": [0, 1, 16, 14], "rotation": 180, "texture": "#top"},
				"down": {"uv": [0, 1, 16, 14], "texture": "#base"}
			}
		},
		{
			"from": [3, 5.50699, 13.8853],
			"to": [13, 15.00699, 13.8853],
			"rotation": {"angle": 0, "axis": "y", "origin": [25, 14.75699, 8.8603]},
			"faces": {
				"north": {"uv": [0, 3.5, 10, 13], "texture": "#4"},
				"south": {"uv": [0, 3.5, 10, 13], "texture": "#4"}
			}
		},
		{
			"from": [3, 15.06658, 13.29011],
			"to": [13, 18.56658, 13.29011],
			"rotation": {"angle": -22.5, "axis": "x", "origin": [8, 16.53291, 13.73852]},
			"faces": {
				"south": {"uv": [0, 0, 10, 3.5], "texture": "#4"}
			}
		},
		{
			"from": [4, 0.025, -0.025],
			"to": [12, 2.025, 4],
			"faces": {
				"north": {"uv": [14, 0, 16, 8], "rotation": 90, "texture": "#4"},
				"up": {"uv": [12, 0, 16, 8], "rotation": 270, "texture": "#4"}
			}
		},
		{
			"from": [0, 0, 0],
			"to": [16, 2, 16],
			"faces": {
				"north": {"uv": [0, 14, 16, 16], "texture": "#base"},
				"east": {"uv": [0, 14, 16, 16], "texture": "#base"},
				"south": {"uv": [0, 14, 16, 16], "texture": "#base"},
				"west": {"uv": [0, 14, 16, 16], "texture": "#base"},
				"up": {"uv": [0, 0, 16, 16], "texture": "#base"},
				"down": {"uv": [0, 0, 16, 16], "texture": "#base"}
			}
		}
	],
	"display": {
		"firstperson_righthand": {
			"rotation": [0, 135, 0],
			"scale": [0.4, 0.4, 0.4]
		}
	}
}