{
	"credit": "Made with Blockbench",
	"textures": {
		"0": "block/lever_base",
		"1": "block/lever",
		"particle": "block/cobblestone"
	},
	"elements": [
		{
			"from": [5, 0, 4],
			"to": [11, 2.5, 12],
			"faces": {
				"north": {"uv": [0, 8, 6, 10.5], "texture": "#0"},
				"east": {"uv": [6, 0, 8.5, 8], "rotation": 90, "texture": "#0"},
				"south": {"uv": [0, 8, 6, 10.5], "texture": "#0"},
				"west": {"uv": [6, 0, 8.5, 8], "rotation": 90, "texture": "#0"},
				"up": {"uv": [0, 0, 6, 8], "texture": "#0"},
				"down": {"uv": [0, 0, 6, 8], "texture": "#0"}
			}
		},
		{
			"from": [7, 0.82322, -1.46967],
			"to": [9, 2.82322, 8.53033],
			"rotation": {"angle": 45, "axis": "x", "origin": [7.5, 2.5, 7.5]},
			"faces": {
				"north": {"uv": [7, 2, 9, 4], "rotation": 90, "texture": "#1"},
				"east": {"uv": [7, 2, 9, 12], "rotation": 90, "texture": "#1"},
				"west": {"uv": [7, 2, 9, 12], "rotation": 270, "texture": "#1"},
				"up": {"uv": [7, 2, 9, 12], "texture": "#1"},
				"down": {"uv": [7, 2, 9, 12], "rotation": 180, "texture": "#1"}
			}
		},
		{
			"from": [6.5, 2.26967, 4.32322],
			"to": [9.5, 3.26967, 7.32322],
			"rotation": {"angle": -45, "axis": "x", "origin": [0.5, 0.5, -0.5]},
			"faces": {
				"north": {"uv": [6.5, 4, 9.5, 5], "texture": "#1"},
				"east": {"uv": [6.5, 4, 9.5, 5], "texture": "#1"},
				"south": {"uv": [6.5, 4, 9.5, 5], "texture": "#1"},
				"west": {"uv": [6.5, 4, 9.5, 5], "texture": "#1"},
				"up": {"uv": [0, 10.5, 3, 13.5], "texture": "#0"},
				"down": {"uv": [3, 10.5, 6, 13.5], "texture": "#0"}
			}
		}
	]
}