{
	"credit": "Made with Blockbench",
	"textures": {
		"0": "block/lever_base",
		"1": "block/lever",
		"particle": "block/cobblestone"
	},
	"elements": [
		{
			"from": [5, 0, 4],
			"to": [11, 2.5, 12],
			"faces": {
				"north": {"uv": [0, 8, 6, 10.5], "texture": "#0"},
				"east": {"uv": [6, 0, 8.5, 8], "rotation": 90, "texture": "#0"},
				"south": {"uv": [0, 8, 6, 10.5], "texture": "#0"},
				"west": {"uv": [6, 0, 8.5, 8], "rotation": 90, "texture": "#0"},
				"up": {"uv": [0, 0, 6, 8], "texture": "#0"},
				"down": {"uv": [0, 0, 6, 8], "texture": "#0"}
			}
		},
		{
			"from": [7, 0.82322, 7.46967],
			"to": [9, 2.82322, 17.46967],
			"rotation": {"angle": -45, "axis": "x", "origin": [7.5, 2.5, 8.5]},
			"faces": {
				"east": {"uv": [7, 12, 9, 2], "rotation": 90, "texture": "#1"},
				"south": {"uv": [7, 4, 9, 2], "rotation": 90, "texture": "#1"},
				"west": {"uv": [7, 12, 9, 2], "rotation": 270, "texture": "#1"},
				"up": {"uv": [7, 12, 9, 2], "texture": "#1"},
				"down": {"uv": [7, 12, 9, 2], "rotation": 180, "texture": "#1"}
			}
		},
		{
			"from": [6.5, 2.26967, 8.67678],
			"to": [9.5, 3.26967, 11.67678],
			"rotation": {"angle": 45, "axis": "x", "origin": [0.5, 0.5, 16.5]},
			"faces": {
				"north": {"uv": [9.5, 4, 6.5, 5], "texture": "#1"},
				"east": {"uv": [9.5, 4, 6.5, 5], "texture": "#1"},
				"south": {"uv": [9.5, 4, 6.5, 5], "texture": "#1"},
				"west": {"uv": [9.5, 4, 6.5, 5], "texture": "#1"},
				"up": {"uv": [0, 13.5, 3, 10.5], "texture": "#0"},
				"down": {"uv": [3, 13.5, 6, 10.5], "texture": "#0"}
			}
		}
	]
}