{
	"credit": "Made with Blockbench",
	"parent": "minecraft:block/orientable_with_bottom",
	"textures": {
		"top": "block/loom_top",
		"particle": "block/loom_bottom",
		"bottom": "block/loom_bottom",
		"side": "block/loom_side",
		"front": "block/loom_front"
	},
	"elements": [
		{
			"from": [14.5, 0, 0],
			"to": [16, 16, 16],
			"faces": {
				"north": {"uv": [0, 0, 1.5, 16], "texture": "#front"},
				"east": {"uv": [0, 0, 16, 16], "texture": "#side"},
				"south": {"uv": [14.5, 0, 16, 16], "texture": "#side"},
				"west": {"uv": [0, 0, 16, 16], "texture": "#side"},
				"up": {"uv": [14.5, 0, 16, 16], "texture": "#front"},
				"down": {"uv": [14.5, 0, 16, 16], "texture": "#bottom"}
			}
		},
		{
			"from": [0, 0, 0],
			"to": [1.5, 16, 16],
			"faces": {
				"north": {"uv": [14.5, 0, 16, 16], "texture": "#front"},
				"east": {"uv": [0, 0, 16, 16], "texture": "#side"},
				"south": {"uv": [0, 0, 1.5, 16], "texture": "#side"},
				"west": {"uv": [0, 0, 16, 16], "texture": "#side"},
				"up": {"uv": [0, 0, 1.5, 16], "texture": "#front"},
				"down": {"uv": [0, 0, 1.5, 16], "texture": "#bottom"}
			}
		},
		{
			"from": [1.5, 0, 0],
			"to": [14.5, 1.5, 16],
			"faces": {
				"north": {"uv": [1.5, 14.5, 14.5, 16], "texture": "#front"},
				"east": {"uv": [0, 0, 1, 1], "texture": "#missing"},
				"south": {"uv": [1.5, 14.5, 14.5, 16], "texture": "#side"},
				"west": {"uv": [0, 0, 1, 1], "texture": "#missing"},
				"up": {"uv": [1.5, 0, 14.5, 16], "texture": "#bottom"},
				"down": {"uv": [1.5, 0, 14.5, 16], "texture": "#bottom"}
			}
		},
		{
			"from": [1.5, 14.5, 0],
			"to": [14.5, 16, 16],
			"faces": {
				"north": {"uv": [1.5, 0, 14.5, 1.5], "texture": "#front"},
				"east": {"uv": [0, 0, 1, 1], "texture": "#missing"},
				"south": {"uv": [1.5, 0, 14.5, 1.5], "texture": "#side"},
				"west": {"uv": [0, 0, 1, 1], "texture": "#missing"},
				"up": {"uv": [1.5, 0, 14.5, 16], "texture": "#top"},
				"down": {"uv": [1.5, 0, 14.5, 16], "texture": "#bottom"}
			}
		},
		{
			"from": [1.5, 4.5, 0],
			"to": [14.5, 6.5, 0.5],
			"faces": {
				"north": {"uv": [1.5, 9.5, 14.5, 11.5], "texture": "#front"},
				"up": {"uv": [1.5, 9.5, 14.5, 10], "texture": "#front"},
				"down": {"uv": [1.5, 11, 14.5, 11.5], "texture": "#front"}
			}
		},
		{
			"from": [1.5, 1.5, 0.5],
			"to": [14.5, 14.5, 16],
			"faces": {
				"north": {"uv": [1.5, 1.5, 14.5, 14.5], "texture": "#front"},
				"south": {"uv": [1.5, 1.5, 14.5, 14.5], "texture": "#side"}
			}
		}
	]
}