{
	"credit": "Made with Blockbench",
	"ambientocclusion": false,
	"textures": {
		"0": "block/redstone_torch_model",
		"particle": "block/oak_planks"
	},
	"elements": [
		{
			"from": [0.85, 11, 6.75],
			"to": [3.35, 13.5, 9.25],
			"rotation": {"angle": -22.5, "axis": "z", "origin": [2.10055, 9.84462, 7.99858]},
			"faces": {
				"north": {"uv": [4.504, 0.004, 6.996, 2.496], "texture": "#0"},
				"east": {"uv": [4.504, 0.004, 6.996, 2.496], "texture": "#0"},
				"south": {"uv": [4.504, 0.004, 6.996, 2.496], "texture": "#0"},
				"west": {"uv": [4.504, 0.004, 6.996, 2.496], "texture": "#0"},
				"up": {"uv": [4.504, 2.504, 6.996, 4.996], "texture": "#0"}
			}
		},
		{
			"from": [1.1, 2, 7],
			"to": [3.1, 10, 9],
			"rotation": {"angle": -22.5, "axis": "z", "origin": [2.10055, 9.84462, 7.99858]},
			"faces": {
				"north": {"uv": [0.004, 3.004, 1.996, 10.996], "texture": "#0"},
				"east": {"uv": [0.004, 3.004, 1.996, 10.996], "texture": "#0"},
				"south": {"uv": [0.004, 3.004, 1.996, 10.996], "texture": "#0"},
				"west": {"uv": [0.004, 3.004, 1.996, 10.996], "texture": "#0"},
				"down": {"uv": [0.004, 11.004, 1.996, 12.996], "texture": "#0"}
			}
		},
		{
			"from": [0.85, 10, 6.75],
			"to": [3.35, 11, 9.25],
			"rotation": {"angle": -22.5, "axis": "z", "origin": [2.10055, 9.84462, 7.99858]},
			"faces": {
				"north": {"uv": [2.004, 2.504, 4.47, 3.47], "texture": "#0"},
				"east": {"uv": [2.004, 2.504, 4.47, 3.47], "texture": "#0"},
				"south": {"uv": [2.004, 2.504, 4.47, 3.47], "texture": "#0"},
				"west": {"uv": [2.004, 2.504, 4.47, 3.47], "texture": "#0"},
				"up": {"uv": [2.004, 0.004, 4.47, 2.47], "texture": "#0"},
				"down": {"uv": [2.004, 0.004, 4.47, 2.47], "texture": "#0"}
			}
		},
		{
			"from": [3.35, 10, 6.25],
			"to": [3.85, 13, 6.75],
			"rotation": {"angle": -22.5, "axis": "z", "origin": [2.10055, 9.84462, 7.99858]},
			"faces": {
				"north": {"uv": [2.004, 3.504, 2.47, 6.47], "texture": "#0"},
				"east": {"uv": [2.004, 3.504, 2.47, 6.47], "texture": "#0"},
				"south": {"uv": [2.004, 3.504, 2.47, 6.47], "texture": "#0"},
				"west": {"uv": [2.004, 3.504, 2.47, 6.47], "texture": "#0"},
				"up": {"uv": [2.004, 3.504, 2.496, 3.996], "texture": "#0"},
				"down": {"uv": [2.004, 3.504, 2.496, 3.996], "texture": "#0"}
			}
		},
		{
			"from": [0.35, 10, 6.25],
			"to": [0.85, 13, 6.75],
			"rotation": {"angle": -22.5, "axis": "z", "origin": [2.10055, 9.84462, 7.99858]},
			"faces": {
				"north": {"uv": [2.004, 3.504, 2.47, 6.47], "texture": "#0"},
				"east": {"uv": [2.004, 3.504, 2.47, 6.47], "texture": "#0"},
				"south": {"uv": [2.004, 3.504, 2.47, 6.47], "texture": "#0"},
				"west": {"uv": [2.004, 3.504, 2.47, 6.47], "texture": "#0"},
				"up": {"uv": [2.004, 3.504, 2.496, 3.996], "texture": "#0"},
				"down": {"uv": [2.004, 3.504, 2.496, 3.996], "texture": "#0"}
			}
		},
		{
			"from": [3.35, 10, 9.25],
			"to": [3.85, 13, 9.75],
			"rotation": {"angle": -22.5, "axis": "z", "origin": [2.10055, 9.84462, 7.99858]},
			"faces": {
				"north": {"uv": [2.004, 3.504, 2.47, 6.47], "texture": "#0"},
				"east": {"uv": [2.004, 3.504, 2.47, 6.47], "texture": "#0"},
				"south": {"uv": [2.004, 3.504, 2.47, 6.47], "texture": "#0"},
				"west": {"uv": [2.004, 3.504, 2.47, 6.47], "texture": "#0"},
				"up": {"uv": [2.004, 3.504, 2.496, 3.996], "texture": "#0"},
				"down": {"uv": [2.004, 3.504, 2.496, 3.996], "texture": "#0"}
			}
		},
		{
			"from": [0.35, 10, 9.25],
			"to": [0.85, 13, 9.75],
			"rotation": {"angle": -22.5, "axis": "z", "origin": [2.10055, 9.84462, 7.99858]},
			"faces": {
				"north": {"uv": [2.004, 3.504, 2.47, 6.47], "texture": "#0"},
				"east": {"uv": [2.004, 3.504, 2.47, 6.47], "texture": "#0"},
				"south": {"uv": [2.004, 3.504, 2.47, 6.47], "texture": "#0"},
				"west": {"uv": [2.004, 3.504, 2.47, 6.47], "texture": "#0"},
				"up": {"uv": [2.004, 3.504, 2.496, 3.996], "texture": "#0"},
				"down": {"uv": [2.004, 3.504, 2.496, 3.996], "texture": "#0"}
			}
		}
	]
}