{
	"credit": "Made with Blockbench",
	"parent": "block/block",
	"textures": {
		"3": "block/scaffolding_cross",
		"top": "block/scaffolding_top",
		"side": "block/scaffolding_side",
		"particle": "block/scaffolding_bottom"
	},
	"elements": [
		{
			"from": [0, 0, 14],
			"to": [2, 14, 16],
			"faces": {
				"north": {"uv": [14, 2, 16, 16], "texture": "#side"},
				"east": {"uv": [0, 2, 2, 16], "texture": "#side"},
				"south": {"uv": [0, 2, 2, 16], "texture": "#side"},
				"west": {"uv": [14, 2, 16, 16], "texture": "#side"},
				"down": {"uv": [0, 0, 2, 2], "texture": "#particle"}
			}
		},
		{
			"from": [0, 0, 0],
			"to": [2, 14, 2],
			"faces": {
				"north": {"uv": [14, 2, 16, 16], "texture": "#side"},
				"east": {"uv": [14, 2, 16, 16], "texture": "#side"},
				"south": {"uv": [0, 2, 2, 16], "texture": "#side"},
				"west": {"uv": [0, 2, 2, 16], "texture": "#side"},
				"down": {"uv": [0, 14, 2, 16], "texture": "#particle"}
			}
		},
		{
			"from": [14, 0, 14],
			"to": [16, 14, 16],
			"faces": {
				"north": {"uv": [0, 2, 2, 16], "texture": "#side"},
				"east": {"uv": [0, 2, 2, 16], "texture": "#side"},
				"south": {"uv": [14, 2, 16, 16], "texture": "#side"},
				"west": {"uv": [14, 2, 16, 16], "texture": "#side"},
				"down": {"uv": [14, 0, 16, 2], "texture": "#particle"}
			}
		},
		{
			"from": [14, 0, 0],
			"to": [16, 14, 2],
			"faces": {
				"north": {"uv": [0, 2, 2, 16], "texture": "#side"},
				"east": {"uv": [14, 2, 16, 16], "texture": "#side"},
				"south": {"uv": [14, 2, 16, 16], "texture": "#side"},
				"west": {"uv": [0, 2, 2, 16], "texture": "#side"},
				"down": {"uv": [14, 14, 16, 16], "texture": "#particle"}
			}
		},
		{
			"from": [0, 14, 0],
			"to": [16, 16, 16],
			"rotation": {"angle": 0, "axis": "y", "origin": [20.5, 23, 8]},
			"faces": {
				"north": {"uv": [0, 0, 16, 2], "texture": "#side"},
				"east": {"uv": [0, 0, 16, 2], "texture": "#side"},
				"south": {"uv": [0, 0, 16, 2], "texture": "#side"},
				"west": {"uv": [0, 0, 16, 2], "texture": "#side"},
				"up": {"uv": [0, 0, 16, 16], "texture": "#top"},
				"down": {"uv": [0, 0, 16, 16], "texture": "#top"}
			}
		},
		{
			"from": [1, 0, 1],
			"to": [15, 15, 15],
			"rotation": {"angle": 0, "axis": "y", "origin": [9, 8, 9]},
			"faces": {
				"north": {"uv": [1, 1, 15, 16], "texture": "#3"},
				"east": {"uv": [1, 1, 15, 16], "texture": "#3"},
				"south": {"uv": [1, 1, 15, 16], "texture": "#3"},
				"west": {"uv": [1, 1, 15, 16], "texture": "#3"}
			}
		}
	]
}