{
	"credit": "Made with Blockbench",
	"parent": "minecraft:block/orientable_with_bottom",
	"textures": {
		"4": "block/smoker_trapdoor",
		"top": "block/smoker_top",
		"bottom": "block/smoker_bottom",
		"particle": "block/smoker_side",
		"side": "block/smoker_side",
		"front": "block/smoker_front_on"
	},
	"elements": [
		{
			"from": [0, 0, 0],
			"to": [16, 16, 16],
			"faces": {
				"north": {"uv": [0, 0, 16, 16], "texture": "#front"},
				"east": {"uv": [0, 0, 16, 16], "texture": "#side"},
				"south": {"uv": [0, 0, 16, 16], "texture": "#side"},
				"west": {"uv": [0, 0, 16, 16], "texture": "#side"},
				"up": {"uv": [0, 0, 16, 16], "texture": "#top"},
				"down": {"uv": [0, 0, 16, 16], "texture": "#bottom"}
			}
		},
		{
			"from": [3, 8, -0.5],
			"to": [13, 12, 0],
			"rotation": {"angle": 0, "axis": "x", "origin": [8, 10.25, -0.5]},
			"faces": {
				"north": {"uv": [0, 0.5, 10, 4.5], "texture": "#4"},
				"east": {"uv": [10.5, 0.5, 10, 4.5], "texture": "#4"},
				"west": {"uv": [10.5, 0.5, 10, 4.5], "texture": "#4"},
				"up": {"uv": [0, 0, 10, 0.5], "texture": "#4"},
				"down": {"uv": [0, 0, 10, 0.5], "texture": "#4"}
			}
		}
	]
}