{
	"credit": "Made with Blockbench",
	"ambientocclusion": false,
	"textures": {
		"0": "block/soul_torch_model",
		"1_1": "block/soul_flame_torch",
		"particle": "block/oak_planks"
	},
	"elements": [
		{
			"from": [7, 0, 7],
			"to": [9, 8, 9],
			"rotation": {"angle": 0, "axis": "y", "origin": [12, 8, 8]},
			"faces": {
				"north": {"uv": [0.004, 3.004, 1.996, 10.996], "texture": "#0"},
				"east": {"uv": [0.004, 3.004, 1.996, 10.996], "texture": "#0"},
				"south": {"uv": [0.004, 3.004, 1.996, 10.996], "texture": "#0"},
				"west": {"uv": [0.004, 3.004, 1.996, 10.996], "texture": "#0"}
			}
		},
		{
			"from": [6.75, 8, 6.75],
			"to": [9.25, 9, 9.25],
			"rotation": {"angle": 0, "axis": "y", "origin": [12, 8, 8]},
			"faces": {
				"north": {"uv": [2.004, 2.504, 4.47, 3.47], "texture": "#0"},
				"east": {"uv": [2.004, 2.504, 4.47, 3.47], "texture": "#0"},
				"south": {"uv": [2.004, 2.504, 4.47, 3.47], "texture": "#0"},
				"west": {"uv": [2.004, 2.504, 4.47, 3.47], "texture": "#0"},
				"up": {"uv": [2.004, 0.004, 4.47, 2.47], "texture": "#0"},
				"down": {"uv": [2.004, 0.004, 4.47, 2.47], "texture": "#0"}
			}
		},
		{
			"from": [6.74825, 0, 6.75175],
			"to": [9.24825, 1, 9.25175],
			"rotation": {"angle": 0, "axis": "y", "origin": [12, 8, 8]},
			"faces": {
				"north": {"uv": [2.004, 2.504, 4.47, 3.47], "texture": "#0"},
				"east": {"uv": [2.004, 2.504, 4.47, 3.47], "texture": "#0"},
				"south": {"uv": [2.004, 2.504, 4.47, 3.47], "texture": "#0"},
				"west": {"uv": [2.004, 2.504, 4.47, 3.47], "texture": "#0"},
				"up": {"uv": [2.004, 0.004, 4.47, 2.47], "texture": "#0"},
				"down": {"uv": [2.004, 0.004, 4.47, 2.47], "texture": "#0"}
			}
		},
		{
			"from": [9.25, 8, 6.25],
			"to": [9.75, 11, 6.75],
			"rotation": {"angle": 0, "axis": "y", "origin": [10.25, 9.5, 7.75]},
			"faces": {
				"north": {"uv": [2.004, 3.504, 2.47, 6.47], "texture": "#0"},
				"east": {"uv": [2.004, 3.504, 2.47, 6.47], "texture": "#0"},
				"south": {"uv": [2.004, 3.504, 2.47, 6.47], "texture": "#0"},
				"west": {"uv": [2.004, 3.504, 2.47, 6.47], "texture": "#0"},
				"up": {"uv": [2.004, 3.504, 2.496, 3.996], "texture": "#0"},
				"down": {"uv": [2.004, 6.504, 2.496, 6.996], "texture": "#0"}
			}
		},
		{
			"from": [6.25, 8, 6.25],
			"to": [6.75, 11, 6.75],
			"rotation": {"angle": 0, "axis": "y", "origin": [10.25, 9.5, 7.75]},
			"faces": {
				"north": {"uv": [2.004, 3.504, 2.47, 6.47], "texture": "#0"},
				"east": {"uv": [2.004, 3.504, 2.47, 6.47], "texture": "#0"},
				"south": {"uv": [2.004, 3.504, 2.47, 6.47], "texture": "#0"},
				"west": {"uv": [2.004, 3.504, 2.47, 6.47], "texture": "#0"},
				"up": {"uv": [2.004, 3.504, 2.496, 3.996], "texture": "#0"},
				"down": {"uv": [2.004, 6.504, 2.496, 6.996], "texture": "#0"}
			}
		},
		{
			"from": [9.25, 8, 9.25],
			"to": [9.75, 11, 9.75],
			"rotation": {"angle": 0, "axis": "y", "origin": [10.25, 9.5, 7.75]},
			"faces": {
				"north": {"uv": [2.004, 3.504, 2.47, 6.47], "texture": "#0"},
				"east": {"uv": [2.004, 3.504, 2.47, 6.47], "texture": "#0"},
				"south": {"uv": [2.004, 3.504, 2.47, 6.47], "texture": "#0"},
				"west": {"uv": [2.004, 3.504, 2.47, 6.47], "texture": "#0"},
				"up": {"uv": [2.004, 3.504, 2.496, 3.996], "texture": "#0"},
				"down": {"uv": [2.004, 6.504, 2.496, 6.996], "texture": "#0"}
			}
		},
		{
			"from": [9.25, 7.5, 7.75],
			"to": [9.75, 10.5, 8.25],
			"rotation": {"angle": 0, "axis": "y", "origin": [10.25, 9.5, 6.25]},
			"faces": {
				"north": {"uv": [2.004, 3.504, 2.47, 6.47], "texture": "#0"},
				"east": {"uv": [2.004, 3.504, 2.47, 6.47], "texture": "#0"},
				"south": {"uv": [2.004, 3.504, 2.47, 6.47], "texture": "#0"},
				"west": {"uv": [2.004, 3.504, 2.47, 6.47], "texture": "#0"},
				"up": {"uv": [2.004, 3.504, 2.496, 3.996], "texture": "#0"},
				"down": {"uv": [2.004, 6.504, 2.496, 6.996], "texture": "#0"}
			}
		},
		{
			"from": [7.75, 7.5, 9.25],
			"to": [8.25, 10.5, 9.75],
			"rotation": {"angle": 0, "axis": "y", "origin": [8, 11.5, 8]},
			"faces": {
				"north": {"uv": [2.004, 3.504, 2.47, 6.47], "texture": "#0"},
				"east": {"uv": [2.004, 3.504, 2.47, 6.47], "texture": "#0"},
				"south": {"uv": [2.004, 3.504, 2.47, 6.47], "texture": "#0"},
				"west": {"uv": [2.004, 3.504, 2.47, 6.47], "texture": "#0"},
				"up": {"uv": [2.004, 3.504, 2.496, 3.996], "texture": "#0"},
				"down": {"uv": [2.004, 6.504, 2.496, 6.996], "texture": "#0"}
			}
		},
		{
			"from": [6.25, 7.5, 7.75],
			"to": [6.75, 10.5, 8.25],
			"rotation": {"angle": 0, "axis": "y", "origin": [10.25, 9.5, 6.25]},
			"faces": {
				"north": {"uv": [2.004, 3.504, 2.47, 6.47], "texture": "#0"},
				"east": {"uv": [2.004, 3.504, 2.47, 6.47], "texture": "#0"},
				"south": {"uv": [2.004, 3.504, 2.47, 6.47], "texture": "#0"},
				"west": {"uv": [2.004, 3.504, 2.47, 6.47], "texture": "#0"},
				"up": {"uv": [2.004, 3.504, 2.496, 3.996], "texture": "#0"},
				"down": {"uv": [2.004, 6.504, 2.496, 6.996], "texture": "#0"}
			}
		},
		{
			"from": [7.75, 7.5, 6.25],
			"to": [8.25, 10.5, 6.75],
			"rotation": {"angle": 0, "axis": "y", "origin": [8, 11.5, 8]},
			"faces": {
				"north": {"uv": [2.004, 3.504, 2.47, 6.47], "texture": "#0"},
				"east": {"uv": [2.004, 3.504, 2.47, 6.47], "texture": "#0"},
				"south": {"uv": [2.004, 3.504, 2.47, 6.47], "texture": "#0"},
				"west": {"uv": [2.004, 3.504, 2.47, 6.47], "texture": "#0"},
				"up": {"uv": [2.004, 3.504, 2.496, 3.996], "texture": "#0"},
				"down": {"uv": [2.004, 6.504, 2.496, 6.996], "texture": "#0"}
			}
		},
		{
			"from": [6.25, 8, 9.25],
			"to": [6.75, 11, 9.75],
			"rotation": {"angle": 0, "axis": "y", "origin": [10.25, 9.5, 7.75]},
			"faces": {
				"north": {"uv": [2.004, 3.504, 2.47, 6.47], "texture": "#0"},
				"east": {"uv": [2.004, 3.504, 2.47, 6.47], "texture": "#0"},
				"south": {"uv": [2.004, 3.504, 2.47, 6.47], "texture": "#0"},
				"west": {"uv": [2.004, 3.504, 2.47, 6.47], "texture": "#0"},
				"up": {"uv": [2.004, 3.504, 2.496, 3.996], "texture": "#0"},
				"down": {"uv": [2.004, 6.504, 2.496, 6.996], "texture": "#0"}
			}
		},
		{
			"from": [6.25, 9, 8],
			"to": [9.75, 19, 8],
			"rotation": {"angle": -45, "axis": "y", "origin": [8, 14, 8]},
			"faces": {
				"north": {"uv": [6.504, 6.004, 9.996, 15.996], "texture": "#1_1"},
				"south": {"uv": [6.504, 6.004, 9.996, 15.996], "texture": "#1_1"}
			}
		},
		{
			"from": [6.25, 9, 8],
			"to": [9.75, 19, 8],
			"rotation": {"angle": 45, "axis": "y", "origin": [8, 14, 8]},
			"faces": {
				"north": {"uv": [6.504, 6.004, 9.996, 15.996], "texture": "#1_1"},
				"south": {"uv": [6.504, 6.004, 9.996, 15.996], "texture": "#1_1"}
			}
		}
	]
}