{
	"credit": "Made with Blockbench",
	"ambientocclusion": false,
	"textures": {
		"0": "block/soul_torch_model",
		"1_1": "block/soul_flame_torch",
		"particle": "block/oak_planks"
	},
	"elements": [
		{
			"from": [0, 1.5, 5],
			"to": [1.1, 11.5, 11],
			"rotation": {"angle": 0, "axis": "y", "origin": [8, 7, 8]},
			"faces": {
				"north": {"uv": [9.504, 0.004, 10.47, 9.97], "texture": "#0"},
				"east": {"uv": [4.504, 0.004, 10.496, 9.996], "texture": "#0"},
				"south": {"uv": [4.504, 0.004, 5.47, 9.97], "texture": "#0"},
				"west": {"uv": [4.504, 0.004, 10.496, 9.996], "texture": "#0"},
				"up": {"uv": [4.504, 9.004, 10.496, 9.996], "rotation": 90, "texture": "#0"},
				"down": {"uv": [4.504, 9.004, 10.496, 9.996], "rotation": 90, "texture": "#0"}
			}
		},
		{
			"from": [2.75, 8, 6.75],
			"to": [5.25, 9, 9.25],
			"rotation": {"angle": 0, "axis": "y", "origin": [12, 6.5, 8.01134]},
			"faces": {
				"north": {"uv": [2.004, 2.504, 4.496, 3.496], "texture": "#0"},
				"east": {"uv": [2.004, 2.504, 4.496, 3.496], "texture": "#0"},
				"south": {"uv": [2.004, 2.504, 4.496, 3.496], "texture": "#0"},
				"west": {"uv": [2.004, 2.504, 4.496, 3.496], "texture": "#0"},
				"up": {"uv": [2.004, 0.004, 4.496, 2.496], "texture": "#0"},
				"down": {"uv": [2.004, 0.004, 4.496, 2.496], "texture": "#0"}
			}
		},
		{
			"from": [1, 8, 7.5],
			"to": [2.75, 9, 8.5],
			"rotation": {"angle": 0, "axis": "y", "origin": [9, 16, 15.5]},
			"faces": {
				"north": {"uv": [2.504, 2.504, 4.496, 3.496], "texture": "#0"},
				"east": {"uv": [0.004, 0.004, 0.004, 0.004], "texture": "#0"},
				"south": {"uv": [2.004, 2.504, 3.996, 3.496], "texture": "#0"},
				"up": {"uv": [2.504, 2.504, 4.496, 2.996], "texture": "#0"},
				"down": {"uv": [2.004, 3.004, 4.996, 3.496], "texture": "#0"}
			}
		},
		{
			"from": [1.1, 2.5, 7.5],
			"to": [4.85, 3, 8.5],
			"rotation": {"angle": 0, "axis": "y", "origin": [9.1, 10.5, 15.5]},
			"faces": {
				"north": {"uv": [5.004, 10.004, 8.75, 10.496], "texture": "#0"},
				"east": {"uv": [6.504, 10.004, 7.496, 10.496], "texture": "#0"},
				"south": {"uv": [5.004, 10.004, 8.75, 10.496], "texture": "#0"},
				"up": {"uv": [5.004, 10.004, 8.75, 10.996], "texture": "#0"},
				"down": {"uv": [5.004, 10.004, 8.75, 10.996], "texture": "#0"}
			}
		},
		{
			"from": [3, 3, 7],
			"to": [5, 11, 9],
			"rotation": {"angle": 0, "axis": "y", "origin": [8, 11, 8]},
			"faces": {
				"north": {"uv": [0.004, 3.004, 1.996, 10.996], "texture": "#0"},
				"east": {"uv": [0.004, 3.004, 1.996, 10.996], "texture": "#0"},
				"south": {"uv": [0.004, 3.004, 1.996, 10.996], "texture": "#0"},
				"west": {"uv": [0.004, 3.004, 1.996, 10.996], "texture": "#0"},
				"down": {"uv": [0.004, 11.004, 1.996, 12.996], "texture": "#0"}
			}
		},
		{
			"from": [2.75, 11, 6.75],
			"to": [5.25, 12, 9.25],
			"rotation": {"angle": 0, "axis": "y", "origin": [8, 11, 8]},
			"faces": {
				"north": {"uv": [2.004, 2.504, 4.47, 3.47], "texture": "#0"},
				"east": {"uv": [2.004, 2.504, 4.47, 3.47], "texture": "#0"},
				"south": {"uv": [2.004, 2.504, 4.47, 3.47], "texture": "#0"},
				"west": {"uv": [2.004, 2.504, 4.47, 3.47], "texture": "#0"},
				"up": {"uv": [2.004, 0.004, 4.47, 2.47], "texture": "#0"},
				"down": {"uv": [2.004, 0.004, 4.47, 2.47], "texture": "#0"}
			}
		},
		{
			"from": [5.25, 11, 6.25],
			"to": [5.75, 14, 6.75],
			"rotation": {"angle": 0, "axis": "y", "origin": [6.25, 12.5, 7.75]},
			"faces": {
				"north": {"uv": [2.004, 3.504, 2.47, 6.47], "texture": "#0"},
				"east": {"uv": [2.004, 3.504, 2.47, 6.47], "texture": "#0"},
				"south": {"uv": [2.004, 3.504, 2.47, 6.47], "texture": "#0"},
				"west": {"uv": [2.004, 3.504, 2.47, 6.47], "texture": "#0"},
				"up": {"uv": [2.004, 3.504, 2.496, 3.996], "texture": "#0"},
				"down": {"uv": [2.004, 6.504, 2.496, 6.996], "texture": "#0"}
			}
		},
		{
			"from": [2.25, 11, 6.25],
			"to": [2.75, 14, 6.75],
			"rotation": {"angle": 0, "axis": "y", "origin": [6.25, 12.5, 7.75]},
			"faces": {
				"north": {"uv": [2.004, 3.504, 2.47, 6.47], "texture": "#0"},
				"east": {"uv": [2.004, 3.504, 2.47, 6.47], "texture": "#0"},
				"south": {"uv": [2.004, 3.504, 2.47, 6.47], "texture": "#0"},
				"west": {"uv": [2.004, 3.504, 2.47, 6.47], "texture": "#0"},
				"up": {"uv": [2.004, 3.504, 2.496, 3.996], "texture": "#0"},
				"down": {"uv": [2.004, 6.504, 2.496, 6.996], "texture": "#0"}
			}
		},
		{
			"from": [5.25, 11, 9.25],
			"to": [5.75, 14, 9.75],
			"rotation": {"angle": 0, "axis": "y", "origin": [6.25, 12.5, 7.75]},
			"faces": {
				"north": {"uv": [2.004, 3.504, 2.47, 6.47], "texture": "#0"},
				"east": {"uv": [2.004, 3.504, 2.47, 6.47], "texture": "#0"},
				"south": {"uv": [2.004, 3.504, 2.47, 6.47], "texture": "#0"},
				"west": {"uv": [2.004, 3.504, 2.47, 6.47], "texture": "#0"},
				"up": {"uv": [2.004, 3.504, 2.496, 3.996], "texture": "#0"},
				"down": {"uv": [2.004, 6.504, 2.496, 6.996], "texture": "#0"}
			}
		},
		{
			"from": [5.25, 10.5, 7.75],
			"to": [5.75, 13.5, 8.25],
			"rotation": {"angle": 0, "axis": "y", "origin": [6.25, 12.5, 6.25]},
			"faces": {
				"north": {"uv": [2.004, 3.504, 2.47, 6.47], "texture": "#0"},
				"east": {"uv": [2.004, 3.504, 2.47, 6.47], "texture": "#0"},
				"south": {"uv": [2.004, 3.504, 2.47, 6.47], "texture": "#0"},
				"west": {"uv": [2.004, 3.504, 2.47, 6.47], "texture": "#0"},
				"up": {"uv": [2.004, 3.504, 2.496, 3.996], "texture": "#0"},
				"down": {"uv": [2.004, 6.504, 2.496, 6.996], "texture": "#0"}
			}
		},
		{
			"from": [3.75, 10.5, 9.25],
			"to": [4.25, 13.5, 9.75],
			"rotation": {"angle": 0, "axis": "y", "origin": [4, 14.5, 8]},
			"faces": {
				"north": {"uv": [2.004, 3.504, 2.47, 6.47], "texture": "#0"},
				"east": {"uv": [2.004, 3.504, 2.47, 6.47], "texture": "#0"},
				"south": {"uv": [2.004, 3.504, 2.47, 6.47], "texture": "#0"},
				"west": {"uv": [2.004, 3.504, 2.47, 6.47], "texture": "#0"},
				"up": {"uv": [2.004, 3.504, 2.496, 3.996], "texture": "#0"},
				"down": {"uv": [2.004, 6.504, 2.496, 6.996], "texture": "#0"}
			}
		},
		{
			"from": [2.25, 10.5, 7.75],
			"to": [2.75, 13.5, 8.25],
			"rotation": {"angle": 0, "axis": "y", "origin": [6.25, 12.5, 6.25]},
			"faces": {
				"north": {"uv": [2.004, 3.504, 2.47, 6.47], "texture": "#0"},
				"east": {"uv": [2.004, 3.504, 2.47, 6.47], "texture": "#0"},
				"south": {"uv": [2.004, 3.504, 2.47, 6.47], "texture": "#0"},
				"west": {"uv": [2.004, 3.504, 2.47, 6.47], "texture": "#0"},
				"up": {"uv": [2.004, 3.504, 2.496, 3.996], "texture": "#0"},
				"down": {"uv": [2.004, 6.504, 2.496, 6.996], "texture": "#0"}
			}
		},
		{
			"from": [3.75, 10.5, 6.25],
			"to": [4.25, 13.5, 6.75],
			"rotation": {"angle": 0, "axis": "y", "origin": [4, 14.5, 8]},
			"faces": {
				"north": {"uv": [2.004, 3.504, 2.47, 6.47], "texture": "#0"},
				"east": {"uv": [2.004, 3.504, 2.47, 6.47], "texture": "#0"},
				"south": {"uv": [2.004, 3.504, 2.47, 6.47], "texture": "#0"},
				"west": {"uv": [2.004, 3.504, 2.47, 6.47], "texture": "#0"},
				"up": {"uv": [2.004, 3.504, 2.496, 3.996], "texture": "#0"},
				"down": {"uv": [2.004, 6.504, 2.496, 6.996], "texture": "#0"}
			}
		},
		{
			"from": [2.25, 11, 9.25],
			"to": [2.75, 14, 9.75],
			"rotation": {"angle": 0, "axis": "y", "origin": [6.25, 12.5, 7.75]},
			"faces": {
				"north": {"uv": [2.004, 3.504, 2.47, 6.47], "texture": "#0"},
				"east": {"uv": [2.004, 3.504, 2.47, 6.47], "texture": "#0"},
				"south": {"uv": [2.004, 3.504, 2.47, 6.47], "texture": "#0"},
				"west": {"uv": [2.004, 3.504, 2.47, 6.47], "texture": "#0"},
				"up": {"uv": [2.004, 3.504, 2.496, 3.996], "texture": "#0"},
				"down": {"uv": [2.004, 6.504, 2.496, 6.996], "texture": "#0"}
			}
		},
		{
			"from": [2.25, 12, 8],
			"to": [5.75, 22, 8],
			"rotation": {"angle": 45, "axis": "y", "origin": [4, 17, 8]},
			"faces": {
				"north": {"uv": [6.504, 6.004, 9.996, 15.996], "texture": "#1_1"},
				"south": {"uv": [6.504, 6.004, 9.996, 15.996], "texture": "#1_1"}
			}
		},
		{
			"from": [2.25, 12, 8],
			"to": [5.75, 22, 8],
			"rotation": {"angle": -45, "axis": "y", "origin": [4, 17, 8]},
			"faces": {
				"north": {"uv": [6.504, 6.004, 9.996, 15.996], "texture": "#1_1"},
				"south": {"uv": [6.504, 6.004, 9.996, 15.996], "texture": "#1_1"}
			}
		}
	]
}