{
	"credit": "Made with Blockbench",
	"parent": "block/block",
	"textures": {
		"4": "block/stonecutter_table",
		"particle": "block/stonecutter_bottom",
		"bottom": "block/stonecutter_bottom",
		"top": "block/stonecutter_top",
		"side": "block/stonecutter_side",
		"saw": "block/stonecutter_saw"
	},
	"elements": [
		{
			"from": [1, 6, 8],
			"to": [15, 14, 8],
			"faces": {
				"north": {"uv": [1, 8, 15, 16], "texture": "#saw", "tintindex": 0},
				"south": {"uv": [1, 9, 15, 16], "texture": "#saw", "tintindex": 0}
			}
		},
		{
			"from": [-0.025, 0, 13],
			"to": [3, 9, 16.025],
			"faces": {
				"north": {"uv": [13, 7, 16, 16], "texture": "#side"},
				"east": {"uv": [0, 7, 3, 16], "texture": "#side"},
				"south": {"uv": [0, 7, 3, 16], "texture": "#side"},
				"west": {"uv": [13, 7, 16, 16], "texture": "#side"},
				"up": {"uv": [0, 13, 3, 16], "texture": "#top"}
			}
		},
		{
			"from": [-0.025, 0, -0.025],
			"to": [3, 9, 3],
			"faces": {
				"north": {"uv": [3, 7, 0, 16], "texture": "#side"},
				"east": {"uv": [3, 7, 0, 16], "texture": "#side"},
				"south": {"uv": [16, 7, 13, 16], "texture": "#side"},
				"west": {"uv": [16, 7, 13, 16], "texture": "#side"},
				"up": {"uv": [0, 16, 3, 13], "texture": "#top"}
			}
		},
		{
			"from": [13, 0, 13],
			"to": [16.025, 9, 16.025],
			"faces": {
				"north": {"uv": [16, 7, 13, 16], "texture": "#side"},
				"east": {"uv": [16, 7, 13, 16], "texture": "#side"},
				"south": {"uv": [3, 7, 0, 16], "texture": "#side"},
				"west": {"uv": [3, 7, 0, 16], "texture": "#side"},
				"up": {"uv": [3, 13, 0, 16], "texture": "#top"}
			}
		},
		{
			"from": [13, 0, -0.025],
			"to": [16.025, 9, 3],
			"faces": {
				"north": {"uv": [0, 7, 3, 16], "texture": "#side"},
				"east": {"uv": [13, 7, 16, 16], "texture": "#side"},
				"south": {"uv": [13, 7, 16, 16], "texture": "#side"},
				"west": {"uv": [0, 7, 3, 16], "texture": "#side"},
				"up": {"uv": [3, 16, 0, 13], "texture": "#top"}
			}
		},
		{
			"from": [0, 7, 0],
			"to": [16, 8, 5.975],
			"rotation": {"angle": 0, "axis": "y", "origin": [7.975, 7, 8]},
			"faces": {
				"north": {"uv": [0.05, 8, 15.975, 9], "texture": "#4"},
				"east": {"uv": [10, 8, 15.975, 9], "texture": "#4"},
				"south": {"uv": [0.025, 8, 15.95, 9], "texture": "#4"},
				"west": {"uv": [0.025, 8, 6, 9], "texture": "#4"},
				"up": {"uv": [0.025, 0.025, 15.95, 6], "texture": "#4"},
				"down": {"uv": [0.025, 10, 15.95, 15.975], "texture": "#4"}
			}
		},
		{
			"from": [0, 7, 5.975],
			"to": [1, 8, 10],
			"rotation": {"angle": 0, "axis": "y", "origin": [7.975, 7, 7.975]},
			"faces": {
				"east": {"uv": [6, 8, 10.025, 9], "texture": "#4"},
				"west": {"uv": [6, 8, 10.025, 9], "texture": "#4"},
				"up": {"uv": [0.025, 6, 1.025, 10.025], "texture": "#4"},
				"down": {"uv": [0.025, 6, 1.025, 10.025], "texture": "#4"}
			}
		},
		{
			"from": [15, 7, 5.975],
			"to": [16, 8, 10],
			"rotation": {"angle": 0, "axis": "y", "origin": [8.025, 7, 7.975]},
			"faces": {
				"east": {"uv": [6, 8, 10.025, 9], "texture": "#4"},
				"west": {"uv": [5.975, 8, 10, 9], "texture": "#4"},
				"up": {"uv": [15, 5.975, 16, 10], "texture": "#4"},
				"down": {"uv": [15, 6, 16, 10.025], "texture": "#4"}
			}
		},
		{
			"from": [0, 7, 10],
			"to": [16, 8, 16],
			"rotation": {"angle": 0, "axis": "y", "origin": [7.975, 7, 8]},
			"faces": {
				"north": {"uv": [0.05, 8, 15.975, 9], "texture": "#4"},
				"east": {"uv": [0.05, 8, 6, 9], "texture": "#4"},
				"south": {"uv": [0.025, 8, 15.95, 9], "texture": "#4"},
				"west": {"uv": [10, 8, 15.95, 9], "texture": "#4"},
				"up": {"uv": [0.025, 10, 15.95, 15.95], "texture": "#4"},
				"down": {"uv": [0.025, 0.05, 15.95, 6], "texture": "#4"}
			}
		},
		{
			"from": [7, 6, 7],
			"to": [9, 7.2, 9],
			"faces": {
				"north": {"uv": [7, 8.8, 9, 10], "texture": "#4"},
				"east": {"uv": [7, 8.8, 9, 10], "texture": "#4"},
				"south": {"uv": [7, 8.8, 9, 10], "texture": "#4"},
				"west": {"uv": [7, 8.8, 9, 10], "texture": "#4"},
				"up": {"uv": [7, 7, 9, 9], "texture": "#4"}
			}
		},
		{
			"from": [0, 0, 0],
			"to": [16, 6, 16],
			"faces": {
				"north": {"uv": [0, 10, 16, 16], "texture": "#side"},
				"east": {"uv": [0, 10, 16, 16], "texture": "#side"},
				"south": {"uv": [0, 10, 16, 16], "texture": "#side"},
				"west": {"uv": [0, 10, 16, 16], "texture": "#side"},
				"up": {"uv": [0, 0, 16, 16], "texture": "#top"},
				"down": {"uv": [0, 0, 16, 16], "texture": "#bottom"}
			}
		},
		{
			"from": [0, 7.5, 0],
			"to": [16, 6, 16],
			"rotation": {"angle": 0, "axis": "y", "origin": [12, 7, 10]},
			"faces": {
				"north": {"uv": [0, 10, 16, 8.5], "texture": "#4"},
				"east": {"uv": [0, 10, 16, 8.5], "texture": "#4"},
				"south": {"uv": [0, 10, 16, 8.5], "texture": "#4"},
				"west": {"uv": [0, 10, 16, 8.5], "texture": "#4"}
			}
		}
	]
}