{
	"credit": "Made with Blockbench",
	"ambientocclusion": false,
	"textures": {
		"particle": "block/sugar_cane",
		"sugar_cane": "block/sugar_cane_model"
	},
	"elements": [
		{
			"from": [1, -2, 13],
			"to": [2, 14, 14],
			"faces": {
				"north": {"uv": [4.5, 0, 5.5, 16], "texture": "#sugar_cane"},
				"east": {"uv": [5.5, 0, 4.5, 16], "texture": "#sugar_cane"},
				"south": {"uv": [4.5, 0, 5.5, 16], "texture": "#sugar_cane"},
				"west": {"uv": [5.5, 0, 4.5, 16], "texture": "#sugar_cane"},
				"up": {"uv": [12, 0, 13, 1], "texture": "#sugar_cane"},
				"down": {"uv": [12, 0, 13, 1], "texture": "#sugar_cane"}
			}
		},
		{
			"from": [10, -4, 12],
			"to": [12, 12, 14],
			"faces": {
				"north": {"uv": [2.5, 0, 4.5, 16], "texture": "#sugar_cane"},
				"east": {"uv": [2.5, 0, 4.5, 16], "texture": "#sugar_cane"},
				"south": {"uv": [2.5, 0, 4.5, 16], "texture": "#sugar_cane"},
				"west": {"uv": [2.5, 0, 4.5, 16], "texture": "#sugar_cane"},
				"up": {"uv": [8.5, 0, 10.5, 2], "texture": "#sugar_cane"},
				"down": {"uv": [8.5, 0, 10.5, 2], "texture": "#sugar_cane"}
			}
		},
		{
			"from": [9, -6, 2],
			"to": [10, 10, 3],
			"faces": {
				"north": {"uv": [4.5, 0, 5.5, 16], "texture": "#sugar_cane"},
				"east": {"uv": [5.5, 0, 4.5, 16], "texture": "#sugar_cane"},
				"south": {"uv": [4.5, 0, 5.5, 16], "texture": "#sugar_cane"},
				"west": {"uv": [5.5, 0, 4.5, 16], "texture": "#sugar_cane"},
				"up": {"uv": [12, 0, 13, 1], "texture": "#sugar_cane"},
				"down": {"uv": [12, 0, 13, 1], "texture": "#sugar_cane"}
			}
		},
		{
			"from": [13, 0, 7],
			"to": [14.5, 16, 8.5],
			"faces": {
				"north": {"uv": [4.5, 0, 6, 16], "texture": "#sugar_cane"},
				"east": {"uv": [4.5, 0, 6, 16], "texture": "#sugar_cane"},
				"south": {"uv": [4.5, 0, 6, 16], "texture": "#sugar_cane"},
				"west": {"uv": [4.5, 0, 6, 16], "texture": "#sugar_cane"},
				"up": {"uv": [10.5, 0, 12, 1.5], "texture": "#sugar_cane"},
				"down": {"uv": [10.5, 0, 12, 1.5], "texture": "#sugar_cane"}
			}
		},
		{
			"from": [5.5, 0, 8],
			"to": [8, 16, 10.5],
			"faces": {
				"north": {"uv": [0, 0, 2.5, 16], "texture": "#sugar_cane"},
				"east": {"uv": [0, 0, 2.5, 16], "texture": "#sugar_cane"},
				"south": {"uv": [0, 0, 2.5, 16], "texture": "#sugar_cane"},
				"west": {"uv": [0, 0, 2.5, 16], "texture": "#sugar_cane"},
				"up": {"uv": [6, 0, 8.5, 2.5], "texture": "#sugar_cane"},
				"down": {"uv": [6, 0, 8.5, 2.5], "texture": "#sugar_cane"}
			}
		},
		{
			"from": [3, 0, 4],
			"to": [4.5, 16, 5.5],
			"faces": {
				"north": {"uv": [4.5, 0, 6, 16], "texture": "#sugar_cane"},
				"east": {"uv": [4.5, 0, 6, 16], "texture": "#sugar_cane"},
				"south": {"uv": [4.5, 0, 6, 16], "texture": "#sugar_cane"},
				"west": {"uv": [4.5, 0, 6, 16], "texture": "#sugar_cane"},
				"up": {"uv": [10.5, 0, 12, 1.5], "texture": "#sugar_cane"},
				"down": {"uv": [10.5, 0, 12, 1.5], "texture": "#sugar_cane"}
			}
		},
		{
			"from": [12.46432, 8, 13.34797],
			"to": [12.46432, 10, 15.34797],
			"rotation": {"angle": 22.5, "axis": "y", "origin": [12.36432, 11, 15.84797]},
			"faces": {
				"east": {"uv": [8, 3, 6, 5], "texture": "#sugar_cane"},
				"west": {"uv": [6, 3, 8, 5], "texture": "#sugar_cane"}
			}
		},
		{
			"from": [-0.23918, 3, 10.93761],
			"to": [1.76082, 5, 10.93761],
			"rotation": {"angle": 22.5, "axis": "y", "origin": [9.07574, 13, 14.38176]},
			"faces": {
				"north": {"uv": [6, 3, 8, 5], "texture": "#sugar_cane"},
				"south": {"uv": [8, 3, 6, 5], "texture": "#sugar_cane"}
			}
		},
		{
			"from": [0, 9, 5.2],
			"to": [3, 11.5, 5.2],
			"faces": {
				"north": {"uv": [8, 2.5, 11, 5], "texture": "#sugar_cane"},
				"south": {"uv": [11, 2.5, 8, 5], "texture": "#sugar_cane"}
			}
		},
		{
			"from": [9.34881, 7.5, 6.57822],
			"to": [12.34881, 10, 6.57822],
			"rotation": {"angle": -22.5, "axis": "y", "origin": [11.61418, 14.75, 8.42597]},
			"faces": {
				"north": {"uv": [8, 2.5, 11, 5], "texture": "#sugar_cane"},
				"south": {"uv": [11, 2.5, 8, 5], "texture": "#sugar_cane"}
			}
		},
		{
			"from": [11.06066, 2.5, -0.56066],
			"to": [11.06066, 5, 2.43934],
			"rotation": {"angle": -45, "axis": "y", "origin": [11.06066, 8.75, 0.93934]},
			"faces": {
				"east": {"uv": [8, 2.5, 11, 5], "texture": "#sugar_cane"},
				"west": {"uv": [11, 2.5, 8, 5], "texture": "#sugar_cane"}
			}
		},
		{
			"from": [7.68832, 13.5, 3.76917],
			"to": [7.68832, 16, 7.76917],
			"rotation": {"angle": -22.5, "axis": "y", "origin": [6.76444, 14.75, 6.15186]},
			"faces": {
				"east": {"uv": [11, 2.5, 15, 5], "texture": "#sugar_cane"},
				"west": {"uv": [15, 2.5, 11, 5], "texture": "#sugar_cane"}
			}
		}
	]
}