{
	"credit": "Made with Blockbench",
	"textures": {
		"1": "block/tnt_side",
		"2": "block/tnt_bottom",
		"4": "block/tnt_top",
		"particle": "block/tnt_side"
	},
	"elements": [
		{
			"from": [13.5, 0, 0],
			"to": [16, 16, 16],
			"faces": {
				"north": {"uv": [0, 0, 2.5, 16], "texture": "#1"},
				"east": {"uv": [0, 0, 16, 16], "texture": "#1"},
				"south": {"uv": [13.5, 0, 16, 16], "texture": "#1"},
				"west": {"uv": [0, 0, 16, 16], "texture": "#1"},
				"up": {"uv": [13.5, 0, 16, 16], "texture": "#4"},
				"down": {"uv": [13.5, 0, 16, 16], "texture": "#2"}
			}
		},
		{
			"from": [2.5, 0, 13.5],
			"to": [13.5, 16, 16],
			"faces": {
				"north": {"uv": [2.5, 0, 13.5, 16], "texture": "#1"},
				"south": {"uv": [2.5, 0, 13.5, 16], "texture": "#1"},
				"up": {"uv": [2.5, 13.5, 13.5, 16], "texture": "#4"},
				"down": {"uv": [2.5, 0, 13.5, 2.5], "texture": "#2"}
			}
		},
		{
			"from": [2.5, 0, 0],
			"to": [13.5, 16, 2.5],
			"faces": {
				"north": {"uv": [2.5, 0, 13.5, 16], "texture": "#1"},
				"south": {"uv": [2.5, 0, 13.5, 16], "texture": "#1"},
				"up": {"uv": [2.5, 0, 13.5, 2.5], "texture": "#4"},
				"down": {"uv": [2.5, 13.5, 13.5, 16], "texture": "#2"}
			}
		},
		{
			"from": [0, 0, 0],
			"to": [2.5, 16, 16],
			"faces": {
				"north": {"uv": [13.5, 0, 16, 16], "texture": "#1"},
				"east": {"uv": [0, 0, 16, 16], "texture": "#1"},
				"south": {"uv": [0, 0, 2.5, 16], "texture": "#1"},
				"west": {"uv": [0, 0, 16, 16], "texture": "#1"},
				"up": {"uv": [0, 0, 2.5, 16], "texture": "#4"},
				"down": {"uv": [0, 0, 2.5, 16], "texture": "#2"}
			}
		},
		{
			"from": [2.5, 0, 2.5],
			"to": [13.5, 15, 13.5],
			"rotation": {"angle": 0, "axis": "y", "origin": [8, 8, 25]},
			"faces": {
				"up": {"uv": [2.5, 2.5, 13.5, 13.5], "texture": "#4"},
				"down": {"uv": [2.5, 2.5, 13.5, 13.5], "texture": "#2"}
			}
		}
	],
	"display": {
		"thirdperson_righthand": {
			"rotation": [75, 45, 0],
			"translation": [0, 2.5, 0],
			"scale": [0.375, 0.375, 0.375]
		},
		"thirdperson_lefthand": {
			"rotation": [75, 45, 0],
			"translation": [0, 2.5, 0],
			"scale": [0.375, 0.375, 0.375]
		},
		"firstperson_righthand": {
			"rotation": [0, 45, 0],
			"scale": [0.4, 0.4, 0.4]
		},
		"firstperson_lefthand": {
			"rotation": [0, 225, 0],
			"scale": [0.4, 0.4, 0.4]
		},
		"ground": {
			"translation": [0, 3, 0],
			"scale": [0.25, 0.25, 0.25]
		},
		"gui": {
			"rotation": [30, 225, 0],
			"scale": [0.625, 0.625, 0.625]
		},
		"fixed": {
			"scale": [0.5, 0.5, 0.5]
		}
	}
}