{
	"credit": "Made with Blockbench",
	"ambientocclusion": false,
	"textures": {
		"0": "block/torch_model",
		"1_1": "block/torch_flame",
		"particle": "block/oak_planks"
	},
	"elements": [
		{
			"from": [7, 0, 7],
			"to": [9, 10, 9],
			"rotation": {"angle": 0, "axis": "y", "origin": [12, 6, 8]},
			"faces": {
				"north": {"uv": [0.004, 1.004, 1.996, 10.996], "texture": "#0"},
				"east": {"uv": [0.004, 1.004, 1.996, 10.996], "texture": "#0"},
				"south": {"uv": [0.004, 1.004, 1.996, 10.996], "texture": "#0"},
				"west": {"uv": [0.004, 1.004, 1.996, 10.996], "texture": "#0"},
				"up": {"uv": [0.004, 13.004, 1.996, 14.996], "texture": "#0"},
				"down": {"uv": [0.004, 11.004, 1.996, 12.996], "texture": "#0"}
			}
		},
		{
			"from": [6.75, 6.5, 6.75],
			"to": [9.25, 9.5, 9.25],
			"rotation": {"angle": 0, "axis": "y", "origin": [12, 7.5, 8]},
			"faces": {
				"north": {"uv": [2.004, 9.504, 4.496, 12.496], "texture": "#0"},
				"east": {"uv": [2.004, 9.504, 4.496, 12.496], "texture": "#0"},
				"south": {"uv": [2.004, 9.504, 4.496, 12.496], "texture": "#0"},
				"west": {"uv": [2.004, 9.504, 4.496, 12.496], "texture": "#0"},
				"up": {"uv": [2.004, 7.004, 4.496, 9.496], "texture": "#0"},
				"down": {"uv": [2.004, 7.004, 4.496, 9.496], "texture": "#0"}
			}
		},
		{
			"from": [8, 8, 6.25],
			"to": [8, 18, 9.75],
			"rotation": {"angle": 0, "axis": "y", "origin": [8, 13, 8]},
			"faces": {
				"east": {"uv": [6.504, 6.004, 9.996, 15.996], "texture": "#1_1"},
				"west": {"uv": [6.504, 6.004, 9.996, 15.996], "texture": "#1_1"}
			}
		},
		{
			"from": [6.25, 8, 8],
			"to": [9.75, 18, 8],
			"rotation": {"angle": 0, "axis": "y", "origin": [8, 13, 8]},
			"faces": {
				"north": {"uv": [6.504, 6.004, 9.996, 15.996], "texture": "#1_1"},
				"south": {"uv": [6.504, 6.004, 9.996, 15.996], "texture": "#1_1"}
			}
		}
	]
}