{
	"credit": "Made with Blockbench",
	"textures": {
		"particle": "block/cobblestone",
		"wall": "block/cobblestone",
		"slab": "block/stone"
	},
	"elements": [
		{
			"name": "wall",
			"from": [5, 0, 0],
			"to": [11, 14, 8],
			"faces": {
				"north": {"uv": [5, 2, 11, 16], "texture": "#wall", "cullface": "north"},
				"east": {"uv": [8, 2, 16, 16], "texture": "#wall"},
				"south": {"uv": [5, 2, 11, 16], "texture": "#wall"},
				"west": {"uv": [0, 2, 8, 16], "texture": "#wall"},
				"up": {"uv": [5, 0, 11, 8], "texture": "#wall"},
				"down": {"uv": [5, 8, 11, 16], "texture": "#wall", "cullface": "down"}
			}
		},
		{
			"from": [6, 13.9, 1],
			"to": [10, 15.9, 7],
			"faces": {
				"north": {"uv": [4.5, 3.5, 8.5, 5.5], "texture": "#slab"},
				"east": {"uv": [4.5, 3.5, 10.5, 5.5], "texture": "#slab"},
				"south": {"uv": [4.5, 3.5, 8.5, 5.5], "texture": "#slab"},
				"west": {"uv": [4.5, 3.5, 10.5, 5.5], "texture": "#slab"},
				"up": {"uv": [5.5, 3, 9.5, 9], "texture": "#slab"}
			}
		}
	]
}