{
	"credit": "Made with Blockbench",
	"textures": {
		"particle": "block/cobblestone",
		"wall": "block/cobblestone",
		"slab": "block/stone"
	},
	"elements": [
		{
			"name": "Center post",
			"from": [4, 0, 4],
			"to": [12, 16, 12],
			"faces": {
				"north": {"uv": [4, 0, 12, 16], "texture": "#wall"},
				"east": {"uv": [4, 0, 12, 16], "texture": "#wall"},
				"south": {"uv": [4, 0, 12, 16], "texture": "#wall"},
				"west": {"uv": [4, 0, 12, 16], "texture": "#wall"},
				"up": {"uv": [4, 4, 12, 12], "texture": "#wall", "cullface": "up"},
				"down": {"uv": [4, 4, 12, 12], "texture": "#wall", "cullface": "down"}
			}
		},
		{
			"from": [5.1, 15.9, 5.1],
			"to": [10.9, 17.9, 10.9],
			"rotation": {"angle": 0, "axis": "y", "origin": [15, 8, 15]},
			"faces": {
				"north": {"uv": [4, 4, 10, 6], "texture": "#slab"},
				"east": {"uv": [4, 4, 10, 6], "texture": "#slab"},
				"south": {"uv": [4, 4, 10, 6], "texture": "#slab"},
				"west": {"uv": [4, 4, 10, 6], "texture": "#slab"},
				"up": {"uv": [4, 3.5, 10, 9.5], "texture": "#slab"},
				"down": {"uv": [0, 0, 6, 6], "texture": "#slab"}
			}
		}
	]
}