{
	"credit": "Made with Blockbench",
	"ambientocclusion": false,
	"textures": {
		"1": "block/torch_flame",
		"1_0": "block/torch_model",
		"particle": "block/oak_planks"
	},
	"elements": [
		{
			"from": [0, 1.5, 5],
			"to": [1.1, 11.5, 11],
			"rotation": {"angle": 0, "axis": "y", "origin": [8, 7, 8]},
			"faces": {
				"north": {"uv": [9.504, 0.004, 10.47, 9.97], "texture": "#1_0"},
				"east": {"uv": [4.504, 0.004, 10.496, 9.996], "texture": "#1_0"},
				"south": {"uv": [4.504, 0.004, 5.47, 9.97], "texture": "#1_0"},
				"west": {"uv": [4.504, 0.004, 10.496, 9.996], "texture": "#1_0"},
				"up": {"uv": [4.504, 9.004, 10.496, 9.996], "rotation": 90, "texture": "#1_0"},
				"down": {"uv": [4.504, 9.004, 10.496, 9.996], "rotation": 90, "texture": "#1_0"}
			}
		},
		{
			"from": [2.75, 8, 6.75],
			"to": [5.25, 9, 9.25],
			"rotation": {"angle": 0, "axis": "y", "origin": [12, 6.5, 8.01134]},
			"faces": {
				"north": {"uv": [2.004, 2.504, 4.496, 3.496], "texture": "#1_0"},
				"east": {"uv": [2.004, 2.504, 4.496, 3.496], "texture": "#1_0"},
				"south": {"uv": [2.004, 2.504, 4.496, 3.496], "texture": "#1_0"},
				"west": {"uv": [2.004, 2.504, 4.496, 3.496], "texture": "#1_0"},
				"up": {"uv": [2.004, 0.004, 4.496, 2.496], "texture": "#1_0"},
				"down": {"uv": [2.004, 0.004, 4.496, 2.496], "texture": "#1_0"}
			}
		},
		{
			"from": [1, 8, 7.5],
			"to": [2.75, 9, 8.5],
			"rotation": {"angle": 0, "axis": "y", "origin": [9, 16, 15.5]},
			"faces": {
				"north": {"uv": [2.504, 2.504, 4.496, 3.496], "texture": "#1_0"},
				"south": {"uv": [2.004, 2.504, 3.996, 3.496], "texture": "#1_0"},
				"up": {"uv": [2.504, 2.504, 4.496, 2.996], "texture": "#1_0"},
				"down": {"uv": [2.004, 3.004, 4.996, 3.496], "texture": "#1_0"}
			}
		},
		{
			"from": [1.1, 2.5, 7.5],
			"to": [4.85, 3, 8.5],
			"rotation": {"angle": 0, "axis": "y", "origin": [9.1, 10.5, 15.5]},
			"faces": {
				"north": {"uv": [5.004, 10.004, 8.75, 10.496], "texture": "#1_0"},
				"east": {"uv": [6.504, 10.004, 7.496, 10.496], "texture": "#1_0"},
				"south": {"uv": [5.004, 10.004, 8.75, 10.496], "texture": "#1_0"},
				"up": {"uv": [5.004, 10.004, 8.75, 10.996], "texture": "#1_0"},
				"down": {"uv": [5.004, 10.004, 8.75, 10.996], "texture": "#1_0"}
			}
		},
		{
			"from": [3, 3, 7],
			"to": [5, 13, 9],
			"rotation": {"angle": 0, "axis": "y", "origin": [8, 9, 8]},
			"faces": {
				"north": {"uv": [0.004, 1.004, 1.996, 10.996], "texture": "#1_0"},
				"east": {"uv": [0.004, 1.004, 1.996, 10.996], "texture": "#1_0"},
				"south": {"uv": [0.004, 1.004, 1.996, 10.996], "texture": "#1_0"},
				"west": {"uv": [0.004, 1.004, 1.996, 10.996], "texture": "#1_0"},
				"up": {"uv": [0.004, 13.004, 1.996, 14.996], "texture": "#1_0"},
				"down": {"uv": [0.004, 11.004, 1.996, 12.996], "texture": "#1_0"}
			}
		},
		{
			"from": [2.75, 9.5, 6.75],
			"to": [5.25, 12.5, 9.25],
			"rotation": {"angle": 0, "axis": "y", "origin": [8, 10.5, 8]},
			"faces": {
				"north": {"uv": [2.004, 9.504, 4.496, 12.496], "texture": "#1_0"},
				"east": {"uv": [2.004, 9.504, 4.496, 12.496], "texture": "#1_0"},
				"south": {"uv": [2.004, 9.504, 4.496, 12.496], "texture": "#1_0"},
				"west": {"uv": [2.004, 9.504, 4.496, 12.496], "texture": "#1_0"},
				"up": {"uv": [2.004, 7.004, 4.496, 9.496], "texture": "#1_0"},
				"down": {"uv": [2.004, 7.004, 4.496, 9.496], "texture": "#1_0"}
			}
		},
		{
			"from": [4, 11, 6.25],
			"to": [4, 21, 9.75],
			"rotation": {"angle": 0, "axis": "y", "origin": [4, 16, 8]},
			"faces": {
				"east": {"uv": [6.504, 6.004, 9.996, 15.996], "texture": "#1"},
				"west": {"uv": [6.504, 6.004, 9.996, 15.996], "texture": "#1"}
			}
		},
		{
			"from": [2.25, 11, 8],
			"to": [5.75, 21, 8],
			"rotation": {"angle": 0, "axis": "y", "origin": [4, 16, 8]},
			"faces": {
				"north": {"uv": [6.504, 6.004, 9.996, 15.996], "texture": "#1"},
				"south": {"uv": [6.504, 6.004, 9.996, 15.996], "texture": "#1"}
			}
		}
	]
}